metric,model,point_order_within_group,reconstruction_centre,pdf_derived_value_percent,seed42_reconstruction_percent,residual_percent,absolute_residual_percent
Top-1 accuracy,NeuroSTORM,1,93.4,94.8901365231232,94.8901424590337,-5.935910493803931e-06,5.935910493803931e-06
Top-1 accuracy,NeuroSTORM,2,93.4,92.9851946127269,92.98520709648645,-1.2483759547876616e-05,1.2483759547876616e-05
Top-1 accuracy,NeuroSTORM,3,93.4,95.34306070263932,95.34306561430208,-4.911662756512669e-06,4.911662756512669e-06
Top-1 accuracy,NeuroSTORM,4,93.4,97.96907589628364,97.96908956922408,-1.3672940440301318e-05,1.3672940440301318e-05
Top-1 accuracy,NeuroSTORM,5,93.4,92.69752854927657,92.69753987583,-1.1326553433832487e-05,1.1326553433832487e-05
Top-1 accuracy,NeuroSTORM,6,93.4,92.69757863128766,92.69758912915246,-1.0497864806779944e-05,1.0497864806779944e-05
Top-1 accuracy,NeuroSTORM,7,93.4,98.13763191277911,98.13763844652217,-6.533743061254427e-06,6.533743061254427e-06
Top-1 accuracy,NeuroSTORM,8,93.4,95.70229395992493,95.70230418745874,-1.02275338065283e-05,1.02275338065283e-05
Top-1 accuracy,NeuroSTORM,9,93.4,91.9915650087718,91.99157684219514,-1.1833423343432514e-05,1.1833423343432514e-05
Top-1 accuracy,NeuroSTORM,10,93.4,95.02769177475932,95.0276801307579,1.164400141817623e-05,1.164400141817623e-05
Top-1 accuracy,NeuroSTORM,11,93.4,92.00973225829156,92.00974692156262,-1.4663271059589533e-05,1.4663271059589533e-05
Top-1 accuracy,NeuroSTORM,12,93.4,92.0028234448629,92.00281073928923,1.2705573666949022e-05,1.2705573666949022e-05
Top-1 accuracy,NeuroSTORM,13,93.4,94.12588252992082,94.1258868146981,-4.284777290308739e-06,4.284777290308739e-06
Top-1 accuracy,NeuroSTORM,14,93.4,87.6601621819855,87.66015926602661,2.9159588876837006e-06,2.9159588876837006e-06
Top-1 accuracy,NeuroSTORM,15,93.4,88.22523751301668,88.2252465024609,-8.989444225449006e-06,8.989444225449006e-06
Top-1 accuracy,NeuroSTORM,16,93.4,91.71313907636599,91.71313741227709,1.6640888986785285e-06,1.6640888986785285e-06
Top-1 accuracy,NeuroSTORM,17,93.4,90.36150572849732,90.36150663899673,-9.10499409201293e-07,9.10499409201293e-07
Top-1 accuracy,NeuroSTORM,18,93.4,94.34273513380262,94.34274199778582,-6.8639832022654446e-06,6.8639832022654446e-06
Top-1 accuracy,NeuroSTORM,19,93.4,90.67592309816676,90.67592777343637,-4.6752696079011e-06,4.6752696079011e-06
Top-1 accuracy,NeuroSTORM,20,93.4,89.16306824432547,89.16308889599414,-2.0651668663163036e-05,2.0651668663163036e-05
Top-1 accuracy,NeuroSTORM,21,93.4,97.79695904880026,97.79694630676467,1.2742035593760193e-05,1.2742035593760193e-05
Top-1 accuracy,NeuroSTORM,22,93.4,92.7226872475433,92.7226710985404,1.6149002902920984e-05,1.6149002902920984e-05
Top-1 accuracy,NeuroSTORM,23,93.4,93.60258811663425,93.60258461406377,3.5025704789859446e-06,3.5025704789859446e-06
Top-1 accuracy,NeuroSTORM,24,93.4,89.12573460916485,89.12575544135963,-2.0832194778108715e-05,2.0832194778108715e-05
Top-1 accuracy,NeuroSTORM,25,93.4,91.76685203325076,91.76685182642446,2.068263000865045e-07,2.068263000865045e-07
Top-1 accuracy,NeuroSTORM,26,93.4,93.7327763044403,93.73276776912961,8.53531069822111e-06,8.53531069822111e-06
Top-1 accuracy,NeuroSTORM,27,93.4,89.9470169883856,89.9470192677331,-2.2793474983018314e-06,2.2793474983018314e-06
Top-1 accuracy,NeuroSTORM,28,93.4,94.52711205759871,94.52709405503703,1.800256168849046e-05,1.800256168849046e-05
Top-1 accuracy,NeuroSTORM,29,93.4,91.59808066410763,91.59808393024359,-3.2661359625763e-06,3.2661359625763e-06
Top-1 accuracy,NeuroSTORM,30,93.4,92.52491839398405,92.52491875062017,-3.5663612152347923e-07,3.5663612152347923e-07
Top-1 accuracy,NeuroSTORM,31,93.4,91.59488292770008,91.59488016331181,2.7643882702932387e-06,2.7643882702932387e-06
Top-1 accuracy,NeuroSTORM,32,93.4,98.95686343364609,98.95683455352682,2.8880119273821947e-05,2.8880119273821947e-05
Top-1 accuracy,NeuroSTORM,33,93.4,93.35951006764968,93.35950832578621,1.7418634712385028e-06,1.7418634712385028e-06
Top-1 accuracy,NeuroSTORM,34,93.4,90.22687025810724,90.22686721313231,3.044974931754041e-06,3.044974931754041e-06
Top-1 accuracy,NeuroSTORM,35,93.4,95.86763220720843,95.86763473630957,-2.5291011382932993e-06,2.5291011382932993e-06
Top-1 accuracy,NeuroSTORM,36,93.4,89.73746634171945,89.73746905008694,-2.7083674893901843e-06,2.7083674893901843e-06
Top-1 accuracy,NeuroSTORM,37,93.4,94.02657991834866,94.02659078501428,-1.0866665618891602e-05,1.0866665618891602e-05
Top-1 accuracy,NeuroSTORM,38,93.4,87.52101432239698,87.52098962836068,2.4694036298456012e-05,2.4694036298456012e-05
Top-1 accuracy,NeuroSTORM,39,93.4,89.41545153096897,89.41544185330471,9.677664252194518e-06,9.677664252194518e-06
Top-1 accuracy,NeuroSTORM,40,93.4,93.99059098518558,93.99058370760737,7.277578205844293e-06,7.277578205844293e-06
Top-1 accuracy,NeuroSTORM,41,93.4,95.61541419120151,95.61539973998623,1.4451215278654672e-05,1.4451215278654672e-05
Top-1 accuracy,NeuroSTORM,42,93.4,93.91409822556044,93.91410484356992,-6.618009479097964e-06,6.618009479097964e-06
Top-1 accuracy,NeuroSTORM,43,93.4,93.05305323364162,93.05305515283528,-1.919193664434715e-06,1.919193664434715e-06
Top-1 accuracy,NeuroSTORM,44,93.4,92.49669217253859,92.49668891323213,3.259306453173849e-06,3.259306453173849e-06
Top-1 accuracy,NeuroSTORM,45,93.4,88.96444799657783,88.96443402889773,1.3967680104087776e-05,1.3967680104087776e-05
Top-1 accuracy,NeuroSTORM,46,93.4,91.2404725680816,91.24046737481588,5.193265721459284e-06,5.193265721459284e-06
Top-1 accuracy,NeuroSTORM,47,93.4,92.01808593773995,92.01808368712064,2.2506193175786393e-06,2.2506193175786393e-06
Top-1 accuracy,NeuroSTORM,48,93.4,96.57138087077314,96.57136667865676,1.4192116381650521e-05,1.4192116381650521e-05
Top-1 accuracy,NeuroSTORM,49,93.4,94.43086194460199,94.4308548687054,7.075896590436059e-06,7.075896590436059e-06
Top-1 accuracy,NeuroSTORM,50,93.4,88.11088525711457,88.1108795339118,5.723202775698155e-06,5.723202775698155e-06
Top-1 accuracy,NeuroSTORM,51,93.4,94.3722584793351,94.3722519081844,6.57115070623604e-06,6.57115070623604e-06
Top-1 accuracy,NeuroSTORM,52,93.4,92.24476964039704,92.24475315875105,1.6481645985777504e-05,1.6481645985777504e-05
Top-1 accuracy,NeuroSTORM,53,93.4,91.36923341857182,91.36923399908213,-5.805103029388192e-07,5.805103029388192e-07
Top-1 accuracy,NeuroSTORM,54,93.4,95.23504382113899,95.23502886652261,1.4954616375462138e-05,1.4954616375462138e-05
Top-1 accuracy,NeuroSTORM,55,93.4,96.4930012713805,96.49299856748786,2.703892647559769e-06,2.703892647559769e-06
Top-1 accuracy,NeuroSTORM,56,93.4,96.19384889868866,96.1938403573486,8.541340051237967e-06,8.541340051237967e-06
Top-1 accuracy,NeuroSTORM,57,93.4,90.88235363554254,90.88234743033209,6.205210453913423e-06,6.205210453913423e-06
Top-1 accuracy,NeuroSTORM,58,93.4,92.4723873725608,92.47236287244637,2.4500114434999887e-05,2.4500114434999887e-05
Top-1 accuracy,NeuroSTORM,59,93.4,94.39380626460286,94.3937902942107,1.597039215539553e-05,1.597039215539553e-05
Top-1 accuracy,NeuroSTORM,60,93.4,96.32664635927205,96.32663538136708,1.0977904963738183e-05,1.0977904963738183e-05
Top-1 accuracy,NeuroSTORM,61,93.4,91.96250241774128,91.96247728646414,2.5131277141099417e-05,2.5131277141099417e-05
Top-1 accuracy,NeuroSTORM,62,93.4,92.84304433657408,92.84302307000856,2.1266565525479564e-05,2.1266565525479564e-05
Top-1 accuracy,NeuroSTORM,63,93.4,90.08101140903383,90.08099507798192,1.6331051909901362e-05,1.6331051909901362e-05
Top-1 accuracy,NeuroSTORM,64,93.4,89.8113798777739,89.811380127758,-2.4998409742238437e-07,2.4998409742238437e-07
Top-1 accuracy,NeuroSTORM,65,93.4,95.83758550466017,95.8375774671826,8.037477570610463e-06,8.037477570610463e-06
Top-1 accuracy,NeuroSTORM,66,93.4,97.46874158097734,97.46872008571248,2.1495264860504903e-05,2.1495264860504903e-05
Top-1 accuracy,NeuroSTORM,67,93.4,93.18398013111111,93.183969635259,1.0495852109215775e-05,1.0495852109215775e-05
Top-1 accuracy,NeuroSTORM,68,93.4,96.41060384264887,96.41059869367608,5.148972789470463e-06,5.148972789470463e-06
Top-1 accuracy,NeuroSTORM,69,93.4,94.48491796326266,94.48490807514291,9.8881197487799e-06,9.8881197487799e-06
Top-1 accuracy,NeuroSTORM,70,93.4,91.46466218658684,91.46464073618463,2.1450402201139696e-05,2.1450402201139696e-05
Top-1 accuracy,NeuroSTORM,71,93.4,94.48419678230309,94.48418681652525,9.965777834963774e-06,9.965777834963774e-06
Top-1 accuracy,NeuroSTORM,72,93.4,98.01412466525133,98.01410969939792,1.4965853409876217e-05,1.4965853409876217e-05
Top-1 accuracy,NeuroSTORM,73,93.4,93.29252036962723,93.29252188267016,-1.5130429318332972e-06,1.5130429318332972e-06
Top-1 accuracy,NeuroSTORM,74,93.4,98.09393034990951,98.09393096744202,-6.175325069079918e-07,6.175325069079918e-07
Top-1 accuracy,NeuroSTORM,75,93.4,85.54076158783707,85.54076468773077,-3.0998937035064955e-06,3.0998937035064955e-06
Top-1 accuracy,NeuroSTORM,76,93.4,95.86572909078734,95.86570751312567,2.15776616698804e-05,2.15776616698804e-05
Top-1 accuracy,NeuroSTORM,77,93.4,93.66115902859394,93.66114120471453,1.7823879417733224e-05,1.7823879417733224e-05
Top-1 accuracy,NeuroSTORM,78,93.4,92.5029774649293,92.5029779486024,-4.836731051227616e-07,4.836731051227616e-07
Top-1 accuracy,NeuroSTORM,79,93.4,93.67528716391999,93.67528232960652,4.834313472201757e-06,4.834313472201757e-06
Top-1 accuracy,NeuroSTORM,80,93.4,87.43730224087446,87.43729325619732,8.984677137391373e-06,8.984677137391373e-06
Top-1 accuracy,NeuroSTORM,81,93.4,92.74101726359909,92.74098433648747,3.2927111618619165e-05,3.2927111618619165e-05
Top-1 accuracy,NeuroSTORM,82,93.4,94.4713457382596,94.47133771453524,8.02372436226051e-06,8.02372436226051e-06
Top-1 accuracy,NeuroSTORM,83,93.4,97.83368919572735,97.83368213422456,7.061502785177254e-06,7.061502785177254e-06
Top-1 accuracy,NeuroSTORM,84,93.4,91.84519782728592,91.84518934517907,8.482106849783122e-06,8.482106849783122e-06
Top-1 accuracy,NeuroSTORM,85,93.4,90.97453458513893,90.97451919132044,1.5393818486586497e-05,1.5393818486586497e-05
Top-1 accuracy,NeuroSTORM,86,93.4,91.89474145674816,91.89472886924639,1.2587501771577081e-05,1.2587501771577081e-05
Top-1 accuracy,NeuroSTORM,87,93.4,96.14622341025083,96.14620635310622,1.7057144603427332e-05,1.7057144603427332e-05
Top-1 accuracy,NeuroSTORM,88,93.4,94.38625640143235,94.38625332897905,3.0724532962267403e-06,3.0724532962267403e-06
Top-1 accuracy,NeuroSTORM,89,93.4,91.81073389136027,91.81071938869889,1.4502661386472937e-05,1.4502661386472937e-05
Top-1 accuracy,NeuroSTORM,90,93.4,94.93982789451815,94.93980229934007,2.5595178072990166e-05,2.5595178072990166e-05
Top-1 accuracy,NeuroSTORM,91,93.4,93.69123828444941,93.69123264804412,5.636405290943003e-06,5.636405290943003e-06
Top-1 accuracy,NeuroSTORM,92,93.4,96.30594996819266,96.30593497159867,1.499659398973563e-05,1.499659398973563e-05
Top-1 accuracy,NeuroSTORM,93,93.4,91.29385748779379,91.29384071836795,1.676942584083463e-05,1.676942584083463e-05
Top-1 accuracy,NeuroSTORM,94,93.4,92.41701670110922,92.4170135602067,3.140902521181488e-06,3.140902521181488e-06
Top-1 accuracy,NeuroSTORM,95,93.4,92.22368010553066,92.22367554060354,4.56492712430645e-06,4.56492712430645e-06
Top-1 accuracy,NeuroSTORM,96,93.4,89.00946421223833,89.00945515560365,9.05663468131479e-06,9.05663468131479e-06
Top-1 accuracy,NeuroSTORM,97,93.4,94.28836610257268,94.28836083119373,5.271378952897976e-06,5.271378952897976e-06
Top-1 accuracy,NeuroSTORM,98,93.4,94.18318887110068,94.18316581653967,2.3054561012259e-05,2.3054561012259e-05
Top-1 accuracy,NeuroSTORM,99,93.4,93.41535651820652,93.41534036992739,1.6148279129879484e-05,1.6148279129879484e-05
Top-1 accuracy,NeuroSTORM,100,93.4,92.69626397849677,92.69623859987456,2.5378622211746915e-05,2.5378622211746915e-05
Top-1 accuracy,NeuroSTORM,101,93.4,89.1538957239959,89.15388777384877,7.950147136170926e-06,7.950147136170926e-06
Top-1 accuracy,NeuroSTORM,102,93.4,92.13808243629093,92.13806403170393,1.84045869957572e-05,1.84045869957572e-05
Top-1 accuracy,NeuroSTORM,103,93.4,92.37188780092379,92.3718564504197,3.13505040878681e-05,3.13505040878681e-05
Top-1 accuracy,NeuroSTORM,104,93.4,90.99317761376398,90.99316819233515,9.421428828204625e-06,9.421428828204625e-06
Top-1 accuracy,NeuroSTORM,105,93.4,92.91615405635068,92.91614286500197,1.1191348704642223e-05,1.1191348704642223e-05
Top-1 accuracy,NeuroSTORM,106,93.4,94.61216884111877,94.61215257044363,1.627067514675673e-05,1.627067514675673e-05
Top-1 accuracy,NeuroSTORM,107,93.4,99.05857999815237,99.05855770363159,2.229452077529004e-05,2.229452077529004e-05
Top-1 accuracy,NeuroSTORM,108,93.4,93.92374902909582,93.92373343849552,1.5590600298764912e-05,1.5590600298764912e-05
Top-1 accuracy,NeuroSTORM,109,93.4,94.17266914467304,94.1726511721683,1.7972504736007977e-05,1.7972504736007977e-05
Top-1 accuracy,NeuroSTORM,110,93.4,93.17667566979489,93.1766622527015,1.3417093384759937e-05,1.3417093384759937e-05
Top-1 accuracy,NeuroSTORM,111,93.4,87.64370022494305,87.64368635410288,1.3870840163576759e-05,1.3870840163576759e-05
Top-1 accuracy,NeuroSTORM,112,93.4,93.32048616461506,93.32045837365236,2.77909627044437e-05,2.77909627044437e-05
Top-1 accuracy,NeuroSTORM,113,93.4,93.58071229419392,93.58069062982308,2.1664370834173496e-05,2.1664370834173496e-05
Top-1 accuracy,NeuroSTORM,114,93.4,100.00003666706345,100.0,3.666706345484272e-05,3.666706345484272e-05
Top-1 accuracy,NeuroSTORM,115,93.4,92.82292388862213,92.82291710565664,6.782965485285786e-06,6.782965485285786e-06
Top-1 accuracy,NeuroSTORM,116,93.4,94.30467781358189,94.30464202700084,3.5786581051411304e-05,3.5786581051411304e-05
Top-1 accuracy,NeuroSTORM,117,93.4,93.29590090537522,93.29586469088427,3.6214490947372724e-05,3.6214490947372724e-05
Top-1 accuracy,NeuroSTORM,118,93.4,89.89397763454988,89.8939658871414,1.1747408478868238e-05,1.1747408478868238e-05
Top-1 accuracy,NeuroSTORM,119,93.4,96.82850817591631,96.82846844354506,3.973237124910156e-05,3.973237124910156e-05
Top-1 accuracy,NeuroSTORM,120,93.4,95.65583538234529,95.65579909806033,3.6284284959720026e-05,3.6284284959720026e-05
Top-1 accuracy,NeuroSTORM,121,93.4,95.77312244409677,95.77309584112915,2.6602967622579854e-05,2.6602967622579854e-05
Top-1 accuracy,NeuroSTORM,122,93.4,90.67186895936973,90.67183763561579,3.132375394443443e-05,3.132375394443443e-05
Top-1 accuracy,NeuroSTORM,123,93.4,97.60840027707887,97.6083829328083,1.7344270574426446e-05,1.7344270574426446e-05
Top-1 accuracy,NeuroSTORM,124,93.4,89.19447968167572,89.19444681162317,3.2870052550038054e-05,3.2870052550038054e-05
Top-1 accuracy,NeuroSTORM,125,93.4,95.16060442396818,95.16057128140082,3.314256736075549e-05,3.314256736075549e-05
Top-1 accuracy,NeuroSTORM,126,93.4,99.97139977312712,99.97136687742994,3.289569717424001e-05,3.289569717424001e-05
Top-1 accuracy,NeuroSTORM,127,93.4,90.42843031990536,90.42839102460795,3.929529741242277e-05,3.929529741242277e-05
Top-1 accuracy,NeuroSTORM,128,93.4,91.70112690600811,91.70110681119169,2.009481642062383e-05,2.009481642062383e-05
Top-1 accuracy,NeuroSTORM,129,93.4,93.6989859715637,93.69895409526293,3.1876300766953136e-05,3.1876300766953136e-05
Top-1 accuracy,NeuroSTORM,130,93.4,91.88958801780791,91.8895730376514,1.4980156507249376e-05,1.4980156507249376e-05
Top-1 accuracy,NeuroSTORM,131,93.4,88.74803861849409,88.74800970680161,2.8911692481869977e-05,2.8911692481869977e-05
Top-1 accuracy,NeuroSTORM,132,93.4,93.60572325052794,93.60568892441809,3.432610985498741e-05,3.432610985498741e-05
Top-1 accuracy,NeuroSTORM,133,93.4,90.21310271326098,90.21308885882169,1.3854439288252252e-05,1.3854439288252252e-05
Top-1 accuracy,NeuroSTORM,134,93.4,94.8208004828816,94.82077729190556,2.3190976037312794e-05,2.3190976037312794e-05
Top-1 accuracy,NeuroSTORM,135,93.4,90.64175464610649,90.6417272972986,2.7348807890348326e-05,2.7348807890348326e-05
Top-1 accuracy,NeuroSTORM,136,93.4,98.04983814735346,98.04980321505262,3.49323008350666e-05,3.49323008350666e-05
Top-1 accuracy,NeuroSTORM,137,93.4,91.05025357769287,91.0502401229913,1.3454701573323291e-05,1.3454701573323291e-05
Top-1 accuracy,NeuroSTORM,138,93.4,92.43385427323477,92.43381545138298,3.8821851788384265e-05,3.8821851788384265e-05
Top-1 accuracy,NeuroSTORM,139,93.4,95.8405879212245,95.84055165210901,3.62691154833783e-05,3.62691154833783e-05
Top-1 accuracy,NeuroSTORM,140,93.4,89.7074346637745,89.70740705069814,2.761307636944821e-05,2.761307636944821e-05
Top-1 accuracy,NeuroSTORM,141,93.4,94.08240884020162,94.08237980381239,2.9036389236125615e-05,2.9036389236125615e-05
Top-1 accuracy,NeuroSTORM,142,93.4,97.32147041919143,97.32142826284729,4.215634413640146e-05,4.215634413640146e-05
Top-1 accuracy,NeuroSTORM,143,93.4,88.5775794855775,88.57755029631632,2.9189261184114912e-05,2.9189261184114912e-05
Top-1 accuracy,NeuroSTORM,144,93.4,93.95392844897346,93.95390157559692,2.6873376540947902e-05,2.6873376540947902e-05
Top-1 accuracy,NeuroSTORM,145,93.4,94.17966059342,94.17964838274527,1.2210674725565696e-05,1.2210674725565696e-05
Top-1 accuracy,NeuroSTORM,146,93.4,95.74548719038206,95.74546861533193,1.8575050134472804e-05,1.8575050134472804e-05
Top-1 accuracy,NeuroSTORM,147,93.4,89.68918477893646,89.68914786736576,3.691157070306872e-05,3.691157070306872e-05
Top-1 accuracy,NeuroSTORM,148,93.4,89.43863950209965,89.43863016074718,9.341352466663011e-06,9.341352466663011e-06
Top-1 accuracy,NeuroSTORM,149,93.4,94.96585551567713,94.9658246968507,3.0818826431300295e-05,3.0818826431300295e-05
Top-1 accuracy,NeuroSTORM,150,93.4,94.29097537535003,94.29095401969957,2.135565046046395e-05,2.135565046046395e-05
Top-1 accuracy,NeuroSTORM,151,93.4,94.15149947858893,94.15147855103764,2.0927551290128577e-05,2.0927551290128577e-05
Top-1 accuracy,NeuroSTORM,152,93.4,94.43937839058637,94.43934462849093,3.376209544114772e-05,3.376209544114772e-05
Top-1 accuracy,NeuroSTORM,153,93.4,91.3599607342201,91.35992583526453,3.489895556185729e-05,3.489895556185729e-05
Top-1 accuracy,NeuroSTORM,154,93.4,94.09680241018641,94.09676109148302,4.131870339563193e-05,4.131870339563193e-05
Top-1 accuracy,NeuroSTORM,155,93.4,94.27924116015366,94.27921741989604,2.3740257617532734e-05,2.3740257617532734e-05
Top-1 accuracy,NeuroSTORM,156,93.4,91.25698210303457,91.2569457459209,3.635711367167005e-05,3.635711367167005e-05
Top-1 accuracy,NeuroSTORM,157,93.4,98.99733470680096,98.99732353343427,1.1173366686989539e-05,1.1173366686989539e-05
Top-1 accuracy,NeuroSTORM,158,93.4,94.82153919254503,94.82149876273537,4.042980965834886e-05,4.042980965834886e-05
Top-1 accuracy,NeuroSTORM,159,93.4,89.82610148493129,89.82608950839206,1.1976539227021021e-05,1.1976539227021021e-05
Top-1 accuracy,NeuroSTORM,160,93.4,95.36967678742852,95.36966082590149,1.5961527026320255e-05,1.5961527026320255e-05
Top-1 accuracy,NeuroSTORM,161,93.4,90.47598819762823,90.47595498931804,3.320831018527315e-05,3.320831018527315e-05
Top-1 accuracy,NeuroSTORM,162,93.4,95.76127304027492,95.76125381122736,1.9229047552471457e-05,1.9229047552471457e-05
Top-1 accuracy,NeuroSTORM,163,93.4,96.87582065178489,96.87578673702222,3.391476266756399e-05,3.391476266756399e-05
Top-1 accuracy,NeuroSTORM,164,93.4,90.93796970884841,90.93795304494488,1.6663903537050828e-05,1.6663903537050828e-05
Top-1 accuracy,NeuroSTORM,165,93.4,96.29016411829981,96.29012838773298,3.573056683592313e-05,3.573056683592313e-05
Top-1 accuracy,NeuroSTORM,166,93.4,94.63835922881378,94.6383427808095,1.6448004288349694e-05,1.6448004288349694e-05
Top-1 accuracy,NeuroSTORM,167,93.4,95.86620486989261,95.86618047998347,2.4389909142996657e-05,2.4389909142996657e-05
Top-1 accuracy,NeuroSTORM,168,93.4,99.0904171325968,99.09037894796185,3.8184634945537255e-05,3.8184634945537255e-05
Top-1 accuracy,NeuroSTORM,169,93.4,92.66385340502546,92.66383565199139,1.7753034072143237e-05,1.7753034072143237e-05
Top-1 accuracy,NeuroSTORM,170,93.4,91.13882361429029,91.13879150692753,3.210736275605086e-05,3.210736275605086e-05
Top-1 accuracy,NeuroSTORM,171,93.4,90.73150661816543,90.73145671112344,4.990704198348794e-05,4.990704198348794e-05
Top-1 accuracy,NeuroSTORM,172,93.4,90.95260868068749,90.9525691451037,3.9535583795213824e-05,3.9535583795213824e-05
Top-1 accuracy,NeuroSTORM,173,93.4,93.16871763823406,93.1686948717577,2.2766476362789945e-05,2.2766476362789945e-05
Top-1 accuracy,NeuroSTORM,174,93.4,94.42349237667135,94.42345592444994,3.645222140846727e-05,3.645222140846727e-05
Top-1 accuracy,NeuroSTORM,175,93.4,94.23009067447839,94.23007239799006,1.8276488333413e-05,1.8276488333413e-05
Top-1 accuracy,NeuroSTORM,176,93.4,95.88158255139516,95.88154974710808,3.280428707341798e-05,3.280428707341798e-05
Top-1 accuracy,NeuroSTORM,177,93.4,93.43903779714636,93.43900567563372,3.212151263198848e-05,3.212151263198848e-05
Top-1 accuracy,NeuroSTORM,178,93.4,97.76062955796183,97.76060223147195,2.7326489885126648e-05,2.7326489885126648e-05
Top-1 accuracy,NeuroSTORM,179,93.4,92.60607128474032,92.60602950028614,4.1784454182902664e-05,4.1784454182902664e-05
Top-1 accuracy,NeuroSTORM,180,93.4,100.00003666706345,100.0,3.666706345484272e-05,3.666706345484272e-05
Top-1 accuracy,NeuroSTORM,181,93.4,95.2770225628274,95.27700204329503,2.051953237014459e-05,2.051953237014459e-05
Top-1 accuracy,NeuroSTORM,182,93.4,90.82857557204335,90.82852733075116,4.8241292191164575e-05,4.8241292191164575e-05
Top-1 accuracy,NeuroSTORM,183,93.4,90.18733802266016,90.18732250581667,1.5516843490104293e-05,1.5516843490104293e-05
Top-1 accuracy,NeuroSTORM,184,93.4,94.84745162507855,94.84741724572956,3.4379348988977654e-05,3.4379348988977654e-05
Top-1 accuracy,NeuroSTORM,185,93.4,92.72962861427919,92.72961164402246,1.697025673763619e-05,1.697025673763619e-05
Top-1 accuracy,NeuroSTORM,186,93.4,95.54202401216286,95.54200148227628,2.252988657858168e-05,2.252988657858168e-05
Top-1 accuracy,NeuroSTORM,187,93.4,94.81973373604555,94.81971287372065,2.0862324902282126e-05,2.0862324902282126e-05
Top-1 accuracy,NeuroSTORM,188,93.4,93.18153362486979,93.18151326202938,2.0362840402299298e-05,2.0362840402299298e-05
Top-1 accuracy,NeuroSTORM,189,93.4,90.85964144351713,90.85961884579478,2.2597722349360083e-05,2.2597722349360083e-05
Top-1 accuracy,NeuroSTORM,190,93.4,88.85547955686697,88.85545832594241,2.123092455974529e-05,2.123092455974529e-05
Top-1 accuracy,NeuroSTORM,191,93.4,92.06047535191922,92.06045514379895,2.020812027581087e-05,2.020812027581087e-05
Top-1 accuracy,NeuroSTORM,192,93.4,95.96923358308923,95.96919638297042,3.72001188111426e-05,3.72001188111426e-05
Top-1 accuracy,NeuroSTORM,193,93.4,94.04231819033097,94.04228123239062,3.69579403525222e-05,3.69579403525222e-05
Top-1 accuracy,NeuroSTORM,194,93.4,89.66279656729768,89.66278366386405,1.290343362825297e-05,1.290343362825297e-05
Top-1 accuracy,NeuroSTORM,195,93.4,93.91956467706996,93.91954277755354,2.1899516411849618e-05,2.1899516411849618e-05
Top-1 accuracy,NeuroSTORM,196,93.4,94.55599435338935,94.55595213918652,4.221420283556654e-05,4.221420283556654e-05
Top-1 accuracy,NeuroSTORM,197,93.4,90.7484744035198,90.7484276913966,4.6712123193515254e-05,4.6712123193515254e-05
Top-1 accuracy,NeuroSTORM,198,93.4,93.86120661365739,93.86117531783658,3.1295820804189134e-05,3.1295820804189134e-05
Top-1 accuracy,NeuroSTORM,199,93.4,93.5746724036575,93.57462615533801,4.624831949229247e-05,4.624831949229247e-05
Top-1 accuracy,NeuroSTORM,200,93.4,89.97114149312351,89.97108910650813,5.238661537987355e-05,5.238661537987355e-05
Top-1 accuracy,NeuroSTORM,201,93.4,94.47341412531728,94.47336208104485,5.204427242233578e-05,5.204427242233578e-05
Top-1 accuracy,NeuroSTORM,202,93.4,95.08240637186572,95.0823535791047,5.279276101077812e-05,5.279276101077812e-05
Top-1 accuracy,NeuroSTORM,203,93.4,96.64919955164166,96.64915372952584,4.582211582260243e-05,4.582211582260243e-05
Top-1 accuracy,NeuroSTORM,204,93.4,96.56143458337237,96.56140615610471,2.8427267665165346e-05,2.8427267665165346e-05
Top-1 accuracy,NeuroSTORM,205,93.4,89.26701596242542,89.26699189612873,2.4066296688829425e-05,2.4066296688829425e-05
Top-1 accuracy,NeuroSTORM,206,93.4,90.58656426989481,90.58652488025464,3.938964016469981e-05,3.938964016469981e-05
Top-1 accuracy,NeuroSTORM,207,93.4,94.94512907539111,94.94510580162599,2.3273765123121848e-05,2.3273765123121848e-05
Top-1 accuracy,NeuroSTORM,208,93.4,94.94142050247054,94.94135785273663,6.264973390557316e-05,6.264973390557316e-05
Top-1 accuracy,NeuroSTORM,209,93.4,94.9451791574022,94.94514305891815,3.6098484045510304e-05,3.6098484045510304e-05
Top-1 accuracy,NeuroSTORM,210,93.4,100.00003666706345,100.0,3.666706345484272e-05,3.666706345484272e-05
Top-1 accuracy,NeuroSTORM,211,93.4,95.11271600497217,95.1126715320795,4.44728926680682e-05,4.44728926680682e-05
Top-1 accuracy,NeuroSTORM,212,93.4,96.80674754210146,96.8066969205418,5.062155966584214e-05,5.062155966584214e-05
Top-1 accuracy,NeuroSTORM,213,93.4,96.26205308547983,96.2620052904796,4.779500022777938e-05,4.779500022777938e-05
Top-1 accuracy,NeuroSTORM,214,93.4,95.35423650341212,95.3541737539174,6.274949473095148e-05,6.274949473095148e-05
Top-1 accuracy,NeuroSTORM,215,93.4,92.4542376517449,92.45419226607896,4.5385665941921616e-05,4.5385665941921616e-05
Top-1 accuracy,NeuroSTORM,216,93.4,95.67695496641831,95.6769076614798,4.730493850502171e-05,4.730493850502171e-05
Top-1 accuracy,NeuroSTORM,217,93.4,91.08156485102094,91.08152435638729,4.0494633651633194e-05,4.0494633651633194e-05
Top-1 accuracy,NeuroSTORM,218,93.4,92.68958554231907,92.68954417977997,4.136253909337029e-05,4.136253909337029e-05
Top-1 accuracy,NeuroSTORM,219,93.4,91.94395704903783,91.94390935651269,4.769252514336131e-05,4.769252514336131e-05
Top-1 accuracy,NeuroSTORM,220,93.4,93.6456836871698,93.64562241815898,6.126901081415781e-05,6.126901081415781e-05
Top-1 accuracy,NeuroSTORM,221,93.4,100.00003666706345,100.0,3.666706345484272e-05,3.666706345484272e-05
Top-1 accuracy,NeuroSTORM,222,93.4,87.79825831934127,87.79820442222476,5.389711651559992e-05,5.389711651559992e-05
Top-1 accuracy,NeuroSTORM,223,93.4,95.45883779175668,95.45878057112354,5.7220633138399535e-05,5.7220633138399535e-05
Top-1 accuracy,NeuroSTORM,224,93.4,88.56188879150571,88.56185238643106,3.640507465263454e-05,3.640507465263454e-05
Top-1 accuracy,NeuroSTORM,225,93.4,91.98426305155613,91.9842044026317,5.8648924422755044e-05,5.8648924422755044e-05
Top-1 accuracy,NeuroSTORM,226,93.4,96.66689352615671,96.6668517909021,4.1735254612262906e-05,4.1735254612262906e-05
Top-1 accuracy,NeuroSTORM,227,93.4,93.59287220648447,93.5928400572864,3.214919807703609e-05,3.214919807703609e-05
Top-1 accuracy,NeuroSTORM,228,93.4,90.16680690221735,90.16676566621209,4.123600525929305e-05,4.123600525929305e-05
Top-1 accuracy,NeuroSTORM,229,93.4,91.25414245300627,91.2540888722201,5.358078617234696e-05,5.358078617234696e-05
Top-1 accuracy,NeuroSTORM,230,93.4,95.4388500611341,95.43879324680404,5.681433006543557e-05,5.681433006543557e-05
Top-1 accuracy,NeuroSTORM,231,93.4,91.20893091750256,91.2089001048486,3.08126539607656e-05,3.08126539607656e-05
Top-1 accuracy,NeuroSTORM,232,93.4,94.04940729899954,94.04937576874593,3.1530253608025305e-05,3.1530253608025305e-05
Top-1 accuracy,NeuroSTORM,233,93.4,93.53674780076614,93.53671551971145,3.228105468622289e-05,3.228105468622289e-05
Top-1 accuracy,NeuroSTORM,234,93.4,91.44523036628726,91.44519895718255,3.1409104707336155e-05,3.1409104707336155e-05
Top-1 accuracy,NeuroSTORM,235,93.4,99.83189132305883,99.83183226797598,5.905508284342886e-05,5.905508284342886e-05
Top-1 accuracy,NeuroSTORM,236,93.4,95.30180314191047,95.30175706695404,4.607495642972026e-05,4.607495642972026e-05
Top-1 accuracy,NeuroSTORM,237,93.4,87.32460769953914,87.32457224002718,3.5459511963154e-05,3.5459511963154e-05
Top-1 accuracy,NeuroSTORM,238,93.4,93.95939239638244,93.95936294430828,2.9452074159053154e-05,2.9452074159053154e-05
Top-1 accuracy,NeuroSTORM,239,93.4,91.41469035592984,91.41464060569484,4.975023499298459e-05,4.975023499298459e-05
Top-1 accuracy,NeuroSTORM,240,93.4,95.95735162596017,95.95730000438867,5.162157150095936e-05,5.162157150095936e-05
Top-1 accuracy,NeuroSTORM,241,93.4,91.02247058204546,91.0224377847019,3.279734355032815e-05,3.279734355032815e-05
Top-1 accuracy,NeuroSTORM,242,93.4,93.05584280165886,93.05579067559931,5.212605954341143e-05,5.212605954341143e-05
Top-1 accuracy,NeuroSTORM,243,93.4,94.914997233424,94.91496183694137,3.539648263028994e-05,3.539648263028994e-05
Top-1 accuracy,NeuroSTORM,244,93.4,95.997312062602,95.99726558251037,4.6480091640432875e-05,4.6480091640432875e-05
Top-1 accuracy,NeuroSTORM,245,93.4,89.79915485886895,89.79911077883267,4.408003627531798e-05,4.408003627531798e-05
Top-1 accuracy,NeuroSTORM,246,93.4,92.39655319138137,92.39649629247717,5.689890420512711e-05,5.689890420512711e-05
Top-1 accuracy,NeuroSTORM,247,93.4,91.97520321575152,91.97516406651714,3.914923438230744e-05,3.914923438230744e-05
Top-1 accuracy,NeuroSTORM,248,93.4,91.44006190274366,91.44001230227887,4.960046479141056e-05,4.960046479141056e-05
Top-1 accuracy,NeuroSTORM,249,93.4,98.69642695962071,98.6963627208433,6.423877741212891e-05,6.423877741212891e-05
Top-1 accuracy,NeuroSTORM,250,93.4,94.61499096244322,94.61494513288287,4.582956034937524e-05,4.582956034937524e-05
Top-1 accuracy,NeuroSTORM,251,93.4,89.61738720785019,89.61734813699488,3.907085530840959e-05,3.907085530840959e-05
Top-1 accuracy,NeuroSTORM,252,93.4,96.15364306019254,96.15358584116433,5.7219028207100564e-05,5.7219028207100564e-05
Top-1 accuracy,NeuroSTORM,253,93.4,99.76652929039652,99.7664685910379,6.069935861319209e-05,6.069935861319209e-05
Top-1 accuracy,NeuroSTORM,254,93.4,96.49744855396453,96.49739578165345,5.2772311079252177e-05,5.2772311079252177e-05
Top-1 accuracy,NeuroSTORM,255,93.4,88.841957413875,88.84189010213797,6.73117370268983e-05,6.73117370268983e-05
Top-1 accuracy,NeuroSTORM,256,93.4,91.94735511348972,91.94729778140125,5.733208847402693e-05,5.733208847402693e-05
Top-1 accuracy,NeuroSTORM,257,93.4,97.20078779708864,97.20073344755987,5.434952876726129e-05,5.434952876726129e-05
Top-1 accuracy,NeuroSTORM,258,93.4,91.27703494027156,91.27699160314367,4.3337127891618366e-05,4.3337127891618366e-05
Top-1 accuracy,NeuroSTORM,259,93.4,94.7315092653246,94.73145828443869,5.0980885916374064e-05,5.0980885916374064e-05
Top-1 accuracy,NeuroSTORM,260,93.4,95.72397195842152,95.72390216028802,6.979813349516917e-05,6.979813349516917e-05
Top-1 accuracy,NeuroSTORM,261,93.4,90.61927283133207,90.61920858526575,6.424606631583174e-05,6.424606631583174e-05
Top-1 accuracy,NeuroSTORM,262,93.4,93.22149406151162,93.2214239318146,7.012969702202554e-05,7.012969702202554e-05
Top-1 accuracy,NeuroSTORM,263,93.4,83.67625839728842,83.67619797979279,6.041749563223675e-05,6.041749563223675e-05
Top-1 accuracy,NeuroSTORM,264,93.4,90.32687902603564,90.32683707599713,4.1950038507820864e-05,4.1950038507820864e-05
Top-1 accuracy,NeuroSTORM,265,93.4,92.64235570176876,92.64229554582053,6.015594823338688e-05,6.015594823338688e-05
Top-1 accuracy,NeuroSTORM,266,93.4,89.65670909885074,89.65665045410546,5.864474528038954e-05,5.864474528038954e-05
Top-1 accuracy,NeuroSTORM,267,93.4,98.29729336410657,98.2972339117949,5.9452311660379564e-05,5.9452311660379564e-05
Top-1 accuracy,NeuroSTORM,268,93.4,89.10963574670274,89.1095758661181,5.98805846294681e-05,5.98805846294681e-05
Top-1 accuracy,NeuroSTORM,269,93.4,92.07992219682212,92.07986653990905,5.565691307651832e-05,5.565691307651832e-05
Top-1 accuracy,NeuroSTORM,270,93.4,93.79229877461052,93.79222173185828,7.704275223829882e-05,7.704275223829882e-05
Top-1 accuracy,NeuroSTORM,271,93.4,97.72388438643142,97.72381986719836,6.45192330637201e-05,6.45192330637201e-05
Top-1 accuracy,NeuroSTORM,272,93.4,89.0924701374046,89.09241354646169,5.659094291843303e-05,5.659094291843303e-05
Top-1 accuracy,NeuroSTORM,273,93.4,96.88955313922341,96.88949125646488,6.188275852991865e-05,6.188275852991865e-05
Top-1 accuracy,NeuroSTORM,274,93.4,93.43076675301626,93.43069918305876,6.756995749412908e-05,6.756995749412908e-05
Top-1 accuracy,NeuroSTORM,275,93.4,90.45552468790038,90.45547404685615,5.0641044225585574e-05,5.0641044225585574e-05
Top-1 accuracy,NeuroSTORM,276,93.4,94.78638662896702,94.78631042278982,7.620617719794609e-05,7.620617719794609e-05
Top-1 accuracy,NeuroSTORM,277,93.4,93.99723686805608,93.99717908672042,5.7781335655704424e-05,5.7781335655704424e-05
Top-1 accuracy,NeuroSTORM,278,93.4,91.59939531689852,91.59934936852362,4.59483749040146e-05,4.59483749040146e-05
Top-1 accuracy,NeuroSTORM,279,93.4,93.60946437675574,93.60940625497007,5.812178567055071e-05,5.812178567055071e-05
Top-1 accuracy,NeuroSTORM,280,93.4,92.2441285906552,92.24405920941473,6.938124046484972e-05,6.938124046484972e-05
Top-1 accuracy,NeuroSTORM,281,93.4,93.74061914737564,93.74055203575375,6.711162188821618e-05,6.711162188821618e-05
Top-1 accuracy,NeuroSTORM,282,93.4,95.38644925293966,95.38639202356315,5.722937650887161e-05,5.722937650887161e-05
Top-1 accuracy,NeuroSTORM,283,93.4,98.1581154553114,98.15805044843606,6.500687534582994e-05,6.500687534582994e-05
Top-1 accuracy,NeuroSTORM,284,93.4,89.68662558817019,89.68655350351946,7.208465072494619e-05,7.208465072494619e-05
Top-1 accuracy,NeuroSTORM,285,93.4,99.79916773701825,99.7991001239688,6.761304945257507e-05,6.761304945257507e-05
Top-1 accuracy,NeuroSTORM,286,93.4,87.5437916210368,87.5437366014325,5.501960430365216e-05,5.501960430365216e-05
Top-1 accuracy,NeuroSTORM,287,93.4,92.9446932903654,92.94464471489326,4.857547213532598e-05,4.857547213532598e-05
Top-1 accuracy,NeuroSTORM,288,93.4,95.16500162454113,95.16495161945373,5.000508740238274e-05,5.000508740238274e-05
Top-1 accuracy,NeuroSTORM,289,93.4,94.24303937844348,94.24297560320511,6.377523837386434e-05,6.377523837386434e-05
Top-1 accuracy,NeuroSTORM,290,93.4,91.53196239307799,91.53190144053822,6.095253976923232e-05,6.095253976923232e-05
Top-1 accuracy,NeuroSTORM,291,93.4,92.77570907267517,92.77563324892817,7.582374699666161e-05,7.582374699666161e-05
Top-1 accuracy,NeuroSTORM,292,93.4,91.92106456177254,91.9209971960235,6.736574903243309e-05,6.736574903243309e-05
Top-1 accuracy,NeuroSTORM,293,93.4,91.63197116100639,91.63190572916737,6.54318390189701e-05,6.54318390189701e-05
Top-1 accuracy,NeuroSTORM,294,93.4,95.94886773328298,95.94880629106308,6.144221990211918e-05,6.144221990211918e-05
Top-1 accuracy,NeuroSTORM,295,93.4,94.4711003364053,94.47104645789514,5.3878510158256177e-05,5.3878510158256177e-05
Top-1 accuracy,NeuroSTORM,296,93.4,91.32132997497249,91.32127121421804,5.876075444177786e-05,5.876075444177786e-05
Top-1 accuracy,NeuroSTORM,297,93.4,96.09886335647172,96.09879962629975,6.373017197347508e-05,6.373017197347508e-05
Top-1 accuracy,NeuroSTORM,298,93.4,94.32197614020939,94.32189856262984,7.757757954607314e-05,7.757757954607314e-05
Top-1 accuracy,NeuroSTORM,299,93.4,95.8386522514962,95.83858635651688,6.589497931486221e-05,6.589497931486221e-05
Top-1 accuracy,NeuroSTORM,300,93.4,95.28893707326367,95.28888652577085,5.05474928189642e-05,5.05474928189642e-05
Top-1 accuracy,NeuroSTORM,301,93.4,88.42607388975466,88.42602993446758,4.395528708300844e-05,4.395528708300844e-05
Top-1 accuracy,NeuroSTORM,302,93.4,90.03898258533434,90.03891375881818,6.882651615569557e-05,6.882651615569557e-05
Top-1 accuracy,NeuroSTORM,303,93.4,97.8838262970209,97.88376163073957,6.466628133239283e-05,6.466628133239283e-05
Top-1 accuracy,NeuroSTORM,304,93.4,97.06228098724198,97.06222159260079,5.9394641183985186e-05,5.9394641183985186e-05
Top-1 accuracy,NeuroSTORM,305,93.4,93.27466613267671,93.27459043621512,7.569646159311105e-05,7.569646159311105e-05
Top-1 accuracy,NeuroSTORM,306,93.4,94.10403926078767,94.10396429985269,7.496093498104983e-05,7.496093498104983e-05
Top-1 accuracy,NeuroSTORM,307,93.4,100.00005669986788,100.0,5.669986788348069e-05,5.669986788348069e-05
Top-1 accuracy,NeuroSTORM,308,93.4,89.85063666216004,89.85057166698502,6.499517502334129e-05,6.499517502334129e-05
Top-1 accuracy,NeuroSTORM,309,93.4,96.6826443186418,96.68258428702023,6.003162157242059e-05,6.003162157242059e-05
Top-1 accuracy,NeuroSTORM,310,93.4,92.18690488479362,92.18684408539664,6.0799396976563e-05,6.0799396976563e-05
Top-1 accuracy,NeuroSTORM,311,93.4,92.09397020093044,92.09391278063669,5.7420293757104446e-05,5.7420293757104446e-05
Top-1 accuracy,NeuroSTORM,312,93.4,99.99271968524445,99.99266111192314,5.857332131142812e-05,5.857332131142812e-05
Top-1 accuracy,NeuroSTORM,313,93.4,98.35256887973708,98.35249809392819,7.078580888730812e-05,7.078580888730812e-05
Top-1 accuracy,NeuroSTORM,314,93.4,98.28111687452727,98.28105781600384,5.905852343346396e-05,5.905852343346396e-05
Top-1 accuracy,NeuroSTORM,315,93.4,100.00007172447121,100.0,7.17244712120646e-05,7.17244712120646e-05
Top-1 accuracy,NeuroSTORM,316,93.4,93.52609786110966,93.52602304979656,7.481131309816647e-05,7.481131309816647e-05
Top-1 accuracy,NeuroSTORM,317,93.4,97.4917993388792,97.49171782776979,8.151110941412298e-05,8.151110941412298e-05
Top-1 accuracy,NeuroSTORM,318,93.4,91.53847806271968,91.53839946043927,7.860228041067785e-05,7.860228041067785e-05
Top-1 accuracy,NeuroSTORM,319,93.4,95.34506147898202,95.34499811493066,6.336405135698442e-05,6.336405135698442e-05
Top-1 accuracy,NeuroSTORM,320,93.4,92.6192328372525,92.6191416737939,9.116345859183639e-05,9.116345859183639e-05
Top-1 accuracy,NeuroSTORM,321,93.4,93.98203948179344,93.98197578995631,6.369183712706672e-05,6.369183712706672e-05
Top-1 accuracy,NeuroSTORM,322,93.4,96.97101653844838,96.97094215262149,7.438582689189843e-05,7.438582689189843e-05
Top-1 accuracy,NeuroSTORM,323,93.4,88.49073227016129,88.49067590059917,5.63695621167426e-05,5.63695621167426e-05
Top-1 accuracy,NeuroSTORM,324,93.4,100.00007172447121,100.0,7.17244712120646e-05,7.17244712120646e-05
Top-1 accuracy,NeuroSTORM,325,93.4,87.36396214384689,87.36389571100179,6.643284510232661e-05,6.643284510232661e-05
Top-1 accuracy,NeuroSTORM,326,93.4,86.11494683668397,86.11486832327361,7.851341035802761e-05,7.851341035802761e-05
Top-1 accuracy,NeuroSTORM,327,93.4,100.00007172447121,100.0,7.17244712120646e-05,7.17244712120646e-05
Top-1 accuracy,NeuroSTORM,328,93.4,98.15004223512508,98.14997616377762,6.607134746161591e-05,6.607134746161591e-05
Top-1 accuracy,NeuroSTORM,329,93.4,97.14479110049855,97.14471890231293,7.219818562020919e-05,7.219818562020919e-05
Top-1 accuracy,NeuroSTORM,330,93.4,97.17016264731237,97.17007305558569,8.959172667744042e-05,8.959172667744042e-05
Top-1 accuracy,NeuroSTORM,331,93.4,93.32660618636922,93.32651936291852,8.682345070099018e-05,8.682345070099018e-05
Top-1 accuracy,NeuroSTORM,332,93.4,88.0165557892428,88.01647377108502,8.201815778363652e-05,8.201815778363652e-05
Top-1 accuracy,NeuroSTORM,333,93.4,93.85490629666336,93.85482734916236,7.894750099524117e-05,7.894750099524117e-05
Top-1 accuracy,NeuroSTORM,334,93.4,89.33709071233048,89.33702973092734,6.0981403137816415e-05,6.0981403137816415e-05
Top-1 accuracy,NeuroSTORM,335,93.4,99.2507847402805,99.25071840050651,6.633977397996205e-05,6.633977397996205e-05
Top-1 accuracy,NeuroSTORM,336,93.4,92.51773162539388,92.51765571098717,7.591440670751126e-05,7.591440670751126e-05
Top-1 accuracy,NeuroSTORM,337,93.4,88.44709581390609,88.44701681924494,7.89946611519099e-05,7.89946611519099e-05
Top-1 accuracy,NeuroSTORM,338,93.4,91.4717512952554,91.47168495008205,6.634517335157852e-05,6.634517335157852e-05
Top-1 accuracy,NeuroSTORM,339,93.4,95.87766112992747,95.87758872565375,7.240427372323666e-05,7.240427372323666e-05
Top-1 accuracy,NeuroSTORM,340,93.4,90.01771525932864,90.01765268317615,6.257615248728143e-05,6.257615248728143e-05
Top-1 accuracy,NeuroSTORM,341,93.4,88.46674048275275,88.46667762660141,6.285615134515865e-05,6.285615134515865e-05
Top-1 accuracy,NeuroSTORM,342,93.4,94.86218825683923,94.86212326895148,6.498788775388675e-05,6.498788775388675e-05
Top-1 accuracy,NeuroSTORM,343,93.4,94.86986833323857,94.86979942665235,6.890658622182855e-05,6.890658622182855e-05
Top-1 accuracy,NeuroSTORM,344,93.4,90.3584206766147,90.35834094777323,7.972884147022796e-05,7.972884147022796e-05
Top-1 accuracy,NeuroSTORM,345,93.4,90.57383091857737,90.57377016629007,6.075228729685023e-05,6.075228729685023e-05
Top-1 accuracy,NeuroSTORM,346,93.4,94.79237643749235,94.79229962414583,7.681334652431815e-05,7.681334652431815e-05
Top-1 accuracy,NeuroSTORM,347,93.4,84.71155373036268,84.71149395101607,5.977934661416384e-05,5.977934661416384e-05
Top-1 accuracy,NeuroSTORM,348,93.4,84.95528785369243,84.95521735374068,7.049995174668311e-05,7.049995174668311e-05
Top-1 accuracy,NeuroSTORM,349,93.4,89.08941763882919,89.08933467248539,8.296634379689749e-05,8.296634379689749e-05
Top-1 accuracy,NeuroSTORM,350,93.4,92.11938932565481,92.11931708972892,7.223592588445626e-05,7.223592588445626e-05
Top-1 accuracy,NeuroSTORM,351,93.4,95.26551872488201,95.26544539358804,7.333129397579796e-05,7.333129397579796e-05
Top-1 accuracy,NeuroSTORM,352,93.4,100.00007172447121,100.0,7.17244712120646e-05,7.17244712120646e-05
Top-1 accuracy,NeuroSTORM,353,93.4,98.54603568854444,98.54595773921213,7.794933230798051e-05,7.794933230798051e-05
Top-1 accuracy,NeuroSTORM,354,93.4,92.44043504949087,92.44036882021945,6.622927142529988e-05,6.622927142529988e-05
Top-1 accuracy,NeuroSTORM,355,93.4,93.28598967538221,93.28590275258388,8.69227983315568e-05,8.69227983315568e-05
Top-1 accuracy,NeuroSTORM,356,93.4,87.38490143268001,87.38482381217315,7.762050685755639e-05,7.762050685755639e-05
Top-1 accuracy,NeuroSTORM,357,93.4,93.28900962065043,93.28892118404566,8.843660476998139e-05,8.843660476998139e-05
Top-1 accuracy,NeuroSTORM,358,93.4,91.66814038940936,91.66804816647918,9.222293017785432e-05,9.222293017785432e-05
Top-1 accuracy,NeuroSTORM,359,93.4,95.33639729106494,95.33631136202854,8.592903640192162e-05,8.592903640192162e-05
Top-1 accuracy,NeuroSTORM,360,93.4,88.43669127610391,88.43661433868607,7.693741784464692e-05,7.693741784464692e-05
Top-1 accuracy,NeuroSTORM,361,93.4,96.51617421790786,96.51607908544705,9.513246081382931e-05,9.513246081382931e-05
Top-1 accuracy,NeuroSTORM,362,93.4,100.00007172447121,100.0,7.17244712120646e-05,7.17244712120646e-05
Top-1 accuracy,NeuroSTORM,363,93.4,92.74753293324078,92.74743910925886,9.382398191348784e-05,9.382398191348784e-05
Top-1 accuracy,NeuroSTORM,364,93.4,95.81034339473246,95.81027033259366,7.306213879587631e-05,7.306213879587631e-05
Top-1 accuracy,NeuroSTORM,365,93.4,97.5409698573589,97.54086395026668,0.0001059070922195815,0.0001059070922195815
Top-1 accuracy,NeuroSTORM,366,93.4,90.9927669412731,90.99267716868499,8.977258811171396e-05,8.977258811171396e-05
Top-1 accuracy,NeuroSTORM,367,93.4,94.74465328913291,94.7445548908625,9.839827040991622e-05,9.839827040991622e-05
Top-1 accuracy,NeuroSTORM,368,93.4,93.47565025134739,93.47555440469077,9.584665662032421e-05,9.584665662032421e-05
Top-1 accuracy,NeuroSTORM,369,93.4,93.98614370260155,93.98605659129299,8.711130855942883e-05,8.711130855942883e-05
Top-1 accuracy,NeuroSTORM,370,93.4,88.76203654059134,88.7619412968672,9.52437241323878e-05,9.52437241323878e-05
Top-1 accuracy,NeuroSTORM,371,93.4,93.54715233856828,93.54706104555366,9.12930146199642e-05,9.12930146199642e-05
Top-1 accuracy,NeuroSTORM,372,93.4,96.38807194586335,96.3879897474727,8.21983906433843e-05,8.21983906433843e-05
Top-1 accuracy,NeuroSTORM,373,93.4,100.00010678187897,100.0,0.00010678187896928648,0.00010678187896928648
Top-1 accuracy,NeuroSTORM,374,93.4,99.15573409144915,99.15562495651125,0.00010913493790098983,0.00010913493790098983
Top-1 accuracy,NeuroSTORM,375,93.4,100.00010678187897,100.0,0.00010678187896928648,0.00010678187896928648
Top-1 accuracy,NeuroSTORM,376,93.4,88.79600716870783,88.7959146226717,9.25460361287378e-05,9.25460361287378e-05
Top-1 accuracy,NeuroSTORM,377,93.4,98.6340147574111,98.63392382032407,9.093708702323511e-05,9.093708702323511e-05
Top-1 accuracy,NeuroSTORM,378,93.4,94.50014790283251,94.50005203443011,9.586840239705907e-05,9.586840239705907e-05
Top-1 accuracy,NeuroSTORM,379,93.4,100.00010678187897,100.0,0.00010678187896928648,0.00010678187896928648
Top-1 accuracy,NeuroSTORM,380,93.4,88.55031984694591,88.55021028786909,0.00010955907681875487,0.00010955907681875487
Top-1 accuracy,NeuroSTORM,381,93.4,100.00010678187897,100.0,0.00010678187896928648,0.00010678187896928648
Top-1 accuracy,NeuroSTORM,382,93.4,100.00010678187897,100.0,0.00010678187896928648,0.00010678187896928648
Top-1 accuracy,NeuroSTORM,383,93.4,100.00010678187897,100.0,0.00010678187896928648,0.00010678187896928648
Top-1 accuracy,NeuroSTORM,384,93.4,100.00010678187897,100.0,0.00010678187896928648,0.00010678187896928648
Top-1 accuracy,NeuroSTORM,385,93.4,100.00010678187897,100.0,0.00010678187896928648,0.00010678187896928648
Top-1 accuracy,NeuroSTORM,386,93.4,100.0001218064823,100.0,0.00012180648229787039,0.00012180648229787039
Top-1 accuracy,NeuroSTORM,387,93.4,100.0001218064823,100.0,0.00012180648229787039,0.00012180648229787039
Top-1 accuracy,NeuroSTORM,388,93.4,100.0001218064823,100.0,0.00012180648229787039,0.00012180648229787039
Top-1 accuracy,NeuroSTORM,389,93.4,100.0001218064823,100.0,0.00012180648229787039,0.00012180648229787039
Top-1 accuracy,NeuroSTORM,390,93.4,100.0001218064823,100.0,0.00012180648229787039,0.00012180648229787039
Top-1 accuracy,NeuroSTORM,391,93.4,82.16201126353907,82.1618895348547,0.00012172868437687612,0.00012172868437687612
Top-1 accuracy,NeuroSTORM,392,93.4,80.14495075493488,80.14481992117221,0.00013083376266820324,0.00013083376266820324
Top-1 accuracy,NeuroSTORM,393,93.4,80.66118610875952,80.6610753097845,0.00011079897502952463,0.00011079897502952463
Top-1 accuracy,NeuroSTORM,394,93.4,82.74965104466298,82.74953224262043,0.00011880204255021454,0.00011880204255021454
Top-1 accuracy,NeuroSTORM,395,93.4,79.7564070006639,79.75629126202463,0.00011573863926628292,0.00011573863926628292
Top-1 accuracy,NeuroSTORM,396,93.4,80.10997848659676,80.10985102830733,0.00012745828942684057,0.00012745828942684057
Top-1 accuracy,NeuroSTORM,397,93.4,79.6009299013623,79.60080034683232,0.00012955452999108275,0.00012955452999108275
Top-1 accuracy,NeuroSTORM,398,93.4,80.49724264548463,80.49712196644657,0.00012067903806212144,0.00012067903806212144
Top-1 accuracy,NeuroSTORM,399,93.4,80.94647327668349,80.94633921625685,0.00013406042664598772,0.00013406042664598772
Top-1 accuracy,NeuroSTORM,400,93.4,81.72713914491725,81.72702785483753,0.00011129007971533156,0.00011129007971533156
Top-1 accuracy,SwiFT,1,91.7,95.23830916826151,95.23832036216386,-1.1193902352601981e-05,1.1193902352601981e-05
Top-1 accuracy,SwiFT,2,91.7,90.29248270082496,90.29247304368589,9.657139074192855e-06,9.657139074192855e-06
Top-1 accuracy,SwiFT,3,91.7,86.56058408358773,86.56059641272736,-1.232913963633564e-05,1.232913963633564e-05
Top-1 accuracy,SwiFT,4,91.7,95.76161860615139,95.76161712249625,1.4836551400776443e-06,1.4836551400776443e-06
Top-1 accuracy,SwiFT,5,91.7,91.35636484582446,91.35638046424215,-1.5618417691598552e-05,1.5618417691598552e-05
Top-1 accuracy,SwiFT,6,91.7,95.41344596101308,95.41344893592039,-2.9749073036100526e-06,2.9749073036100526e-06
Top-1 accuracy,SwiFT,7,91.7,86.91669973568354,86.9167170236169,-1.7287933360421448e-05,1.7287933360421448e-05
Top-1 accuracy,SwiFT,8,91.7,89.90185303079242,89.90187493113868,-2.1900346254710712e-05,2.1900346254710712e-05
Top-1 accuracy,SwiFT,9,91.7,91.71574834914333,91.71573109915455,1.7249988772505276e-05,1.7249988772505276e-05
Top-1 accuracy,SwiFT,10,91.7,91.84093083994179,91.84094178129423,-1.0941352442728203e-05,1.0941352442728203e-05
Top-1 accuracy,SwiFT,11,91.7,90.34978904200483,90.34980358556227,-1.4543557441015764e-05,1.4543557441015764e-05
Top-1 accuracy,SwiFT,12,91.7,93.56855238190334,93.5685497970425,2.5848608515843807e-06,2.5848608515843807e-06
Top-1 accuracy,SwiFT,13,91.7,88.49713275117749,88.49713871185222,-5.960674727134574e-06,5.960674727134574e-06
Top-1 accuracy,SwiFT,14,91.7,91.27286811694958,91.27286154493612,6.572013461436654e-06,6.572013461436654e-06
Top-1 accuracy,SwiFT,15,91.7,92.0608860244101,92.0608868951357,-8.7072560006618e-07,8.7072560006618e-07
Top-1 accuracy,SwiFT,16,91.7,93.24332230604143,93.24331650217626,5.80386517867737e-06,5.80386517867737e-06
Top-1 accuracy,SwiFT,17,91.7,93.83483342662194,93.83484463426667,-1.1207644732280642e-05,1.1207644732280642e-05
Top-1 accuracy,SwiFT,18,91.7,88.32608265053014,88.32607372448639,8.926043747692347e-06,8.926043747692347e-06
Top-1 accuracy,SwiFT,19,91.7,87.09764604172055,87.09765748779313,-1.1446072576859478e-05,1.1446072576859478e-05
Top-1 accuracy,SwiFT,20,91.7,95.53304931577708,95.53303046569553,1.8850081545451758e-05,1.8850081545451758e-05
Top-1 accuracy,SwiFT,21,91.7,92.69693758154582,92.69694203593878,-4.454392950492547e-06,4.454392950492547e-06
Top-1 accuracy,SwiFT,22,91.7,89.45452551601466,89.45454039033034,-1.4874315681367989e-05,1.4874315681367989e-05
Top-1 accuracy,SwiFT,23,91.7,96.35347779670889,96.35345592656758,2.1870141310387226e-05,2.1870141310387226e-05
Top-1 accuracy,SwiFT,24,91.7,92.04701831554166,92.04702390287858,-5.587336914913976e-06,5.587336914913976e-06
Top-1 accuracy,SwiFT,25,91.7,95.23791602447452,95.23789155219148,2.4472283030263497e-05,2.4472283030263497e-05
Top-1 accuracy,SwiFT,26,91.7,91.90253672177299,91.90255544423033,-1.8722457340913934e-05,1.8722457340913934e-05
Top-1 accuracy,SwiFT,27,91.7,97.88224871367186,97.88224377464596,4.939025899375338e-06,4.939025899375338e-06
Top-1 accuracy,SwiFT,28,91.7,96.96601334554136,96.96602252732961,-9.181788257706103e-06,9.181788257706103e-06
Top-1 accuracy,SwiFT,29,91.7,90.95310198849666,90.95310755456278,-5.5660661217871166e-06,5.5660661217871166e-06
Top-1 accuracy,SwiFT,30,91.7,94.61471300728172,94.61471285286306,1.5441865741649963e-07,1.5441865741649963e-07
Top-1 accuracy,SwiFT,31,91.7,93.63614807225989,93.63612784875545,2.0223504435534778e-05,2.0223504435534778e-05
Top-1 accuracy,SwiFT,32,91.7,95.80589611214842,95.80589467259705,1.4395513687759376e-06,1.4395513687759376e-06
Top-1 accuracy,SwiFT,33,91.7,88.80524729975235,88.80522961825969,1.7681492664678444e-05,1.7681492664678444e-05
Top-1 accuracy,SwiFT,34,91.7,93.75816287585745,93.75815437999532,8.495862132917864e-06,8.495862132917864e-06
Top-1 accuracy,SwiFT,35,91.7,94.87526717403314,94.87527346054877,-6.286515628062261e-06,6.286515628062261e-06
Top-1 accuracy,SwiFT,36,91.7,86.42378256621839,86.42378154073066,1.0254877338411461e-06,1.0254877338411461e-06
Top-1 accuracy,SwiFT,37,91.7,88.15020714811511,88.15022446200268,-1.7313887568093378e-05,1.7313887568093378e-05
Top-1 accuracy,SwiFT,38,91.7,85.58231463243129,85.58230346671971,1.1165711583771554e-05,1.1165711583771554e-05
Top-1 accuracy,SwiFT,39,91.7,90.89177406182695,90.89177949666633,-5.434839380313861e-06,5.434839380313861e-06
Top-1 accuracy,SwiFT,40,91.7,93.8526250610586,93.85262676738789,-1.706329285866559e-06,1.706329285866559e-06
Top-1 accuracy,SwiFT,41,91.7,96.20709308651914,96.2070711562881,2.193023104268832e-05,2.193023104268832e-05
Top-1 accuracy,SwiFT,42,91.7,91.92227905054128,91.92228434125933,-5.2907180503325435e-06,5.2907180503325435e-06
Top-1 accuracy,SwiFT,43,91.7,96.58583954737233,96.58584663671388,-7.0893415511363855e-06,7.0893415511363855e-06
Top-1 accuracy,SwiFT,44,91.7,87.55969516365569,87.55969562535533,-4.616996420736541e-07,4.616996420736541e-07
Top-1 accuracy,SwiFT,45,91.7,86.58984449856203,86.58985268193454,-8.18337251473622e-06,8.18337251473622e-06
Top-1 accuracy,SwiFT,46,91.7,91.5333747057905,91.53335690331015,1.780248034322085e-05,1.780248034322085e-05
Top-1 accuracy,SwiFT,47,91.7,92.8522018323003,92.85219634681792,5.4854823758887505e-06,5.4854823758887505e-06
Top-1 accuracy,SwiFT,48,91.7,91.60192195435758,91.60191575571773,6.198639852073029e-06,6.198639852073029e-06
Top-1 accuracy,SwiFT,49,91.7,85.49766852140209,85.49767369988038,-5.178478289735722e-06,5.178478289735722e-06
Top-1 accuracy,SwiFT,50,91.7,91.43265978150583,91.43263988146164,1.99000441938324e-05,1.99000441938324e-05
Top-1 accuracy,SwiFT,51,91.7,87.78659171485987,87.78659149848545,2.1637441705024685e-07,2.1637441705024685e-07
Top-1 accuracy,SwiFT,52,91.7,93.70901239018218,93.70901764649012,-5.256307943568572e-06,5.256307943568572e-06
Top-1 accuracy,SwiFT,53,91.7,92.79978349540198,92.79979473829054,-1.1242888561469044e-05,1.1242888561469044e-05
Top-1 accuracy,SwiFT,54,91.7,88.88037532457551,88.88036064101794,1.4683557566286254e-05,1.4683557566286254e-05
Top-1 accuracy,SwiFT,55,91.7,90.15840564485845,90.15839924798992,6.3968685282134174e-06,6.3968685282134174e-06
Top-1 accuracy,SwiFT,56,91.7,88.52235655605861,88.52235943433315,-2.878274543149928e-06,2.878274543149928e-06
Top-1 accuracy,SwiFT,57,91.7,91.51197466245542,91.51196270818049,1.1954274924619313e-05,1.1954274924619313e-05
Top-1 accuracy,SwiFT,58,91.7,94.56542980427709,94.56542696150372,2.8427733695934876e-06,2.8427733695934876e-06
Top-1 accuracy,SwiFT,59,91.7,88.7428200729394,88.74282186099337,-1.7880539786574445e-06,1.7880539786574445e-06
Top-1 accuracy,SwiFT,60,91.7,93.21214124594218,93.21213954655353,1.6993886475802356e-06,1.6993886475802356e-06
Top-1 accuracy,SwiFT,61,91.7,90.1092376304793,90.10922714488268,1.0485596618536874e-05,1.0485596618536874e-05
Top-1 accuracy,SwiFT,62,91.7,89.32140252235925,89.32138150321298,2.1019146274170453e-05,2.1019146274170453e-05
Top-1 accuracy,SwiFT,63,91.7,91.37893180001774,91.37890892013633,2.2879881413473413e-05,2.2879881413473413e-05
Top-1 accuracy,SwiFT,64,91.7,88.59430186907758,88.59427303274188,2.8836335701498683e-05,2.8836335701498683e-05
Top-1 accuracy,SwiFT,65,91.7,90.03904769194875,90.03905208395845,-4.392009699927257e-06,4.392009699927257e-06
Top-1 accuracy,SwiFT,66,91.7,88.10637286791614,88.10636632223346,6.545682680325626e-06,6.545682680325626e-06
Top-1 accuracy,SwiFT,67,91.7,97.59417197773065,97.59417539874917,-3.4210185191341225e-06,3.4210185191341225e-06
Top-1 accuracy,SwiFT,68,91.7,91.80581082967097,91.80579065591519,2.0173755785890535e-05,2.0173755785890535e-05
Top-1 accuracy,SwiFT,69,91.7,89.60084511959002,89.60082347602224,2.1643567777118733e-05,2.1643567777118733e-05
Top-1 accuracy,SwiFT,70,91.7,92.34195378290045,92.34193973220268,1.4050697771494924e-05,1.4050697771494924e-05
Top-1 accuracy,SwiFT,71,91.7,91.36304578610272,91.36301585092751,2.9935175206219355e-05,2.9935175206219355e-05
Top-1 accuracy,SwiFT,72,91.7,91.03709202518067,91.03709120140033,8.237803399424592e-07,8.237803399424592e-07
Top-1 accuracy,SwiFT,73,91.7,93.54252476074436,93.54250010013028,2.4660614073468423e-05,2.4660614073468423e-05
Top-1 accuracy,SwiFT,74,91.7,93.97253892429129,93.97252313014192,1.579414936259127e-05,1.579414936259127e-05
Top-1 accuracy,SwiFT,75,91.7,90.10851644951973,90.10849655716842,1.9892351303951727e-05,1.9892351303951727e-05
Top-1 accuracy,SwiFT,76,91.7,89.97256883043933,89.97254527806597,2.3552373363600054e-05,2.3552373363600054e-05
Top-1 accuracy,SwiFT,77,91.7,90.87487138308698,90.87484490854507,2.6474541911625238e-05,2.6474541911625238e-05
Top-1 accuracy,SwiFT,78,91.7,84.79424914706026,84.79423650579325,1.2641267005619738e-05,1.2641267005619738e-05
Top-1 accuracy,SwiFT,79,91.7,87.15444405048794,87.15442681340434,1.7237083596910452e-05,1.7237083596910452e-05
Top-1 accuracy,SwiFT,80,91.7,95.80062748458266,95.80062280233358,4.68224908445336e-06,4.68224908445336e-06
Top-1 accuracy,SwiFT,81,91.7,96.63491991823209,96.63490314050385,1.6777728234274036e-05,1.6777728234274036e-05
Top-1 accuracy,SwiFT,82,91.7,90.95290416455288,90.95289188133087,1.228322200574894e-05,1.228322200574894e-05
Top-1 accuracy,SwiFT,83,91.7,93.42970000618024,93.4296708891673,2.911701294294744e-05,2.911701294294744e-05
Top-1 accuracy,SwiFT,84,91.7,92.63377164506943,92.6337504636306,2.1181438825124133e-05,2.1181438825124133e-05
Top-1 accuracy,SwiFT,85,91.7,100.0000066178568,100.0,6.617856797674904e-06,6.617856797674904e-06
Top-1 accuracy,SwiFT,86,91.7,95.0587250929259,95.05872473430374,3.586221595242023e-07,3.586221595242023e-07
Top-1 accuracy,SwiFT,87,91.7,91.31624164264662,91.3162472255577,-5.582911086321474e-06,5.582911086321474e-06
Top-1 accuracy,SwiFT,88,91.7,88.8334084145834,88.83337867819873,2.9736384675516092e-05,2.9736384675516092e-05
Top-1 accuracy,SwiFT,89,91.7,86.88066072050938,86.88066103922729,-3.187179089536585e-07,3.187179089536585e-07
Top-1 accuracy,SwiFT,90,91.7,92.3104121323214,92.31039090760167,2.122471973109441e-05,2.122471973109441e-05
Top-1 accuracy,SwiFT,91,91.7,89.43094440109698,89.43094776414709,-3.36305011217064e-06,3.36305011217064e-06
Top-1 accuracy,SwiFT,92,91.7,87.4332330774741,87.43323887120698,-5.793732881897995e-06,5.793732881897995e-06
Top-1 accuracy,SwiFT,93,91.7,89.76031125107423,89.76028134727243,2.990380180278862e-05,2.990380180278862e-05
Top-1 accuracy,SwiFT,94,91.7,88.45536685803617,88.45535598915681,1.0868879357417427e-05,1.0868879357417427e-05
Top-1 accuracy,SwiFT,95,91.7,96.76145337127946,96.7614249052177,2.8466061763765538e-05,2.8466061763765538e-05
Top-1 accuracy,SwiFT,96,91.7,94.3449337340891,94.34491927084835,1.4463240745499206e-05,1.4463240745499206e-05
Top-1 accuracy,SwiFT,97,91.7,91.67608339636688,91.67608207605015,1.3203167270603444e-06,1.3203167270603444e-06
Top-1 accuracy,SwiFT,98,91.7,96.1398404579385,96.13983241667007,8.04126842979258e-06,8.04126842979258e-06
Top-1 accuracy,SwiFT,99,91.7,91.93210764521599,91.93210492294286,2.722273137578668e-06,2.722273137578668e-06
Top-1 accuracy,SwiFT,100,91.7,89.11616644094775,89.11614739601521,1.9044932543010873e-05,1.9044932543010873e-05
Top-1 accuracy,SwiFT,101,91.7,96.26940512470658,96.26937223180897,3.289289760743941e-05,3.289289760743941e-05
Top-1 accuracy,SwiFT,102,91.7,93.31676006299062,93.31673013105397,2.9931936651905744e-05,2.9931936651905744e-05
Top-1 accuracy,SwiFT,103,91.7,88.58826197854117,88.58826153702063,4.41520541016871e-07,4.41520541016871e-07
Top-1 accuracy,SwiFT,104,91.7,91.128992515515,91.12898396574917,8.549765823318012e-06,8.549765823318012e-06
Top-1 accuracy,SwiFT,105,91.7,89.0731710344344,89.07314523984573,2.5794588665917217e-05,2.5794588665917217e-05
Top-1 accuracy,SwiFT,106,91.7,87.5516194393688,87.551600807107,1.86322618134227e-05,1.86322618134227e-05
Top-1 accuracy,SwiFT,107,91.7,94.47853501095034,94.47853264259493,2.3683554104536597e-06,2.3683554104536597e-06
Top-1 accuracy,SwiFT,108,91.7,97.42826029142026,97.4282499214104,1.037000986059411e-05,1.037000986059411e-05
Top-1 accuracy,SwiFT,109,91.7,87.50430696350024,87.50429727854258,9.684957660738291e-06,9.684957660738291e-06
Top-1 accuracy,SwiFT,110,91.7,93.38891822455668,93.38890771007172,1.0514484955592707e-05,1.0514484955592707e-05
Top-1 accuracy,SwiFT,111,91.7,89.74810125677259,89.74807229263452,2.896413806752207e-05,2.896413806752207e-05
Top-1 accuracy,SwiFT,112,91.7,90.23862200200749,90.23862384870591,-1.8466984244014384e-06,1.8466984244014384e-06
Top-1 accuracy,SwiFT,113,91.7,89.9228273770333,89.9228182272834,9.149749899961535e-06,9.149749899961535e-06
Top-1 accuracy,SwiFT,114,91.7,89.10804313875036,89.10802769096055,1.5447789806444234e-05,1.5447789806444234e-05
Top-1 accuracy,SwiFT,115,91.7,91.84559097107291,91.84556488383448,2.608723842456584e-05,2.608723842456584e-05
Top-1 accuracy,SwiFT,116,91.7,89.20716545508262,89.2071496507669,1.5804315722789397e-05,1.5804315722789397e-05
Top-1 accuracy,SwiFT,117,91.7,92.51139625099208,92.51137047733953,2.5773652552629756e-05,2.5773652552629756e-05
Top-1 accuracy,SwiFT,118,91.7,91.5492932730127,91.5492856716526,7.601360096032295e-06,7.601360096032295e-06
Top-1 accuracy,SwiFT,119,91.7,90.98318374845269,90.98315585940077,2.788905192119273e-05,2.788905192119273e-05
Top-1 accuracy,SwiFT,120,91.7,88.97731406522463,88.97730901387521,5.051349418749851e-06,5.051349418749851e-06
Top-1 accuracy,SwiFT,121,91.7,89.96969662710381,89.969686008295,1.061880881536581e-05,1.061880881536581e-05
Top-1 accuracy,SwiFT,122,91.7,93.9662035498895,93.96617367747727,2.987241222740522e-05,2.987241222740522e-05
Top-1 accuracy,SwiFT,123,91.7,93.20277090166886,93.20275156287315,1.9338795709700207e-05,1.9338795709700207e-05
Top-1 accuracy,SwiFT,124,91.7,88.76733772146429,88.76733426560435,3.455859939549555e-06,3.455859939549555e-06
Top-1 accuracy,SwiFT,125,91.7,91.9980305964024,91.99799691628768,3.368011472559829e-05,3.368011472559829e-05
Top-1 accuracy,SwiFT,126,91.7,93.95417385082774,93.95416137011537,1.2480712371143454e-05,1.2480712371143454e-05
Top-1 accuracy,SwiFT,127,91.7,86.69178893621873,86.69178415663589,4.779582837954877e-06,4.779582837954877e-06
Top-1 accuracy,SwiFT,128,91.7,93.3301019107427,93.33008057713981,2.13336028878075e-05,2.13336028878075e-05
Top-1 accuracy,SwiFT,129,91.7,89.71214487691671,89.71212872316246,1.6153754245351593e-05,1.6153754245351593e-05
Top-1 accuracy,SwiFT,130,91.7,93.41181071182197,93.41179600577948,1.4706042492207416e-05,1.4706042492207416e-05
Top-1 accuracy,SwiFT,131,91.7,89.41023298541428,89.41022253037245,1.0455041831392009e-05,1.0455041831392009e-05
Top-1 accuracy,SwiFT,132,91.7,86.28539094499722,86.28535369800645,3.72469907716777e-05,3.72469907716777e-05
Top-1 accuracy,SwiFT,133,91.7,86.81739712411138,86.81737268635051,2.4437760870910097e-05,2.4437760870910097e-05
Top-1 accuracy,SwiFT,134,91.7,91.84429384698589,91.84425483998415,3.900700174597205e-05,3.900700174597205e-05
Top-1 accuracy,SwiFT,135,91.7,92.47919852606786,92.47916750516445,3.102090340689756e-05,3.102090340689756e-05
Top-1 accuracy,SwiFT,136,91.7,88.9870800573855,88.98705012468677,2.99326987232007e-05,2.99326987232007e-05
Top-1 accuracy,SwiFT,137,91.7,93.61579975115752,93.61577737633212,2.2374825405790943e-05,2.2374825405790943e-05
Top-1 accuracy,SwiFT,138,91.7,86.71547021515855,86.71543981319313,3.0401965418036525e-05,3.0401965418036525e-05
Top-1 accuracy,SwiFT,139,91.7,91.50178297320036,91.50176060405805,2.2369142314460078e-05,2.2369142314460078e-05
Top-1 accuracy,SwiFT,140,91.7,88.06697084569787,88.06695140071264,1.944498522732374e-05,1.944498522732374e-05
Top-1 accuracy,SwiFT,141,91.7,89.74450536837695,89.74449167659353,1.3691783422586923e-05,1.3691783422586923e-05
Top-1 accuracy,SwiFT,142,91.7,91.84221043532492,91.84219601394925,1.4421375666984204e-05,1.4421375666984204e-05
Top-1 accuracy,SwiFT,143,91.7,89.11877571372509,89.11875990414815,1.5809576936476333e-05,1.5809576936476333e-05
Top-1 accuracy,SwiFT,144,91.7,90.54635843139869,90.54633336731052,2.5064088163162523e-05,2.5064088163162523e-05
Top-1 accuracy,SwiFT,145,91.7,94.71888859853209,94.71887842764332,1.0170888771199316e-05,1.0170888771199316e-05
Top-1 accuracy,SwiFT,146,91.7,89.96933603662401,89.96932439143056,1.1645193453091451e-05,1.1645193453091451e-05
Top-1 accuracy,SwiFT,147,91.7,94.20708299858761,94.20707633619543,6.6623921810560205e-06,6.6623921810560205e-06
Top-1 accuracy,SwiFT,148,91.7,88.31090279297138,88.31087943602715,2.335694422583856e-05,2.335694422583856e-05
Top-1 accuracy,SwiFT,149,91.7,93.28943531774462,93.28941253374585,2.278399877297943e-05,2.278399877297943e-05
Top-1 accuracy,SwiFT,150,91.7,96.0247344677696,96.0247058619737,2.8605795904468323e-05,2.8605795904468323e-05
Top-1 accuracy,SwiFT,151,91.7,84.28508537320032,84.28506649961814,1.8873582178002835e-05,1.8873582178002835e-05
Top-1 accuracy,SwiFT,152,91.7,89.30932274128642,89.30931423358857,8.50769785643024e-06,8.50769785643024e-06
Top-1 accuracy,SwiFT,153,91.7,93.43124253212153,93.43121638154162,2.6150579913064576e-05,2.6150579913064576e-05
Top-1 accuracy,SwiFT,154,91.7,91.09087008867985,91.09086384187103,6.246808823107131e-06,6.246808823107131e-06
Top-1 accuracy,SwiFT,155,91.7,92.81347090903051,92.81343762011393,3.328891658327393e-05,3.328891658327393e-05
Top-1 accuracy,SwiFT,156,91.7,89.88805293263894,89.88804443985254,8.49278640657758e-06,8.49278640657758e-06
Top-1 accuracy,SwiFT,157,91.7,91.95977795633846,91.9597693624187,8.593919758936863e-06,8.593919758936863e-06
Top-1 accuracy,SwiFT,158,91.7,91.23299031562604,91.23296829382376,2.2021802280391967e-05,2.2021802280391967e-05
Top-1 accuracy,SwiFT,159,91.7,95.20336945323058,95.20334618497942,2.3268251155172948e-05,2.3268251155172948e-05
Top-1 accuracy,SwiFT,160,91.7,92.46327995884565,92.46326252990364,1.7428942001629366e-05,1.7428942001629366e-05
Top-1 accuracy,SwiFT,161,91.7,92.71282359546083,92.71280798622561,1.560923521992663e-05,1.560923521992663e-05
Top-1 accuracy,SwiFT,162,91.7,90.46438669976123,90.4643691016326,1.7598128636109323e-05,1.7598128636109323e-05
Top-1 accuracy,SwiFT,163,91.7,90.23719466469167,90.23718132778252,1.333690914862018e-05,1.333690914862018e-05
Top-1 accuracy,SwiFT,164,91.7,90.40235261673529,90.40232543654113,2.7180194152265358e-05,2.7180194152265358e-05
Top-1 accuracy,SwiFT,165,91.7,92.8833653636957,92.8833564271349,8.936560803363136e-06,8.936560803363136e-06
Top-1 accuracy,SwiFT,166,91.7,90.43706195451523,90.43704655753922,1.5396976010606522e-05,1.5396976010606522e-05
Top-1 accuracy,SwiFT,167,91.7,92.56934364191379,92.56932457068925,1.9071224542699383e-05,1.9071224542699383e-05
Top-1 accuracy,SwiFT,168,91.7,97.92623073580351,97.92620239593631,2.8339867199633773e-05,2.8339867199633773e-05
Top-1 accuracy,SwiFT,169,91.7,94.31339208351005,94.31337411029509,1.7973214966104933e-05,1.7973214966104933e-05
Top-1 accuracy,SwiFT,170,91.7,90.72193844994834,90.72192940349647,9.046451864946903e-06,9.046451864946903e-06
Top-1 accuracy,SwiFT,171,91.7,95.30367370502435,95.30364176649184,3.193853251559631e-05,3.193853251559631e-05
Top-1 accuracy,SwiFT,172,91.7,90.47580790238834,90.47577388093535,3.4021452989918544e-05,3.4021452989918544e-05
Top-1 accuracy,SwiFT,173,91.7,85.58563006156487,85.58562639446644,3.6670984258080352e-06,3.6670984258080352e-06
Top-1 accuracy,SwiFT,174,91.7,88.67576526830254,88.67574106724778,2.4201054756645135e-05,2.4201054756645135e-05
Top-1 accuracy,SwiFT,175,91.7,86.08763962014184,86.08762423692244,1.5383219405862292e-05,1.5383219405862292e-05
Top-1 accuracy,SwiFT,176,91.7,90.64549577233427,90.64545954787607,3.6224458199285436e-05,3.6224458199285436e-05
Top-1 accuracy,SwiFT,177,91.7,91.7552655599871,91.75525513756865,1.0422418441180525e-05,1.0422418441180525e-05
Top-1 accuracy,SwiFT,178,91.7,96.72933577757297,96.72931193682585,2.3840747118697436e-05,2.3840747118697436e-05
Top-1 accuracy,SwiFT,179,91.7,92.6808061657765,92.6807821212925,2.4044484007390565e-05,2.4044484007390565e-05
Top-1 accuracy,SwiFT,180,91.7,91.04272124322623,91.0426984135734,2.2829652820632873e-05,2.2829652820632873e-05
Top-1 accuracy,SwiFT,181,91.7,94.1882421460188,94.18821674355047,2.5402468324386973e-05,2.5402468324386973e-05
Top-1 accuracy,SwiFT,182,91.7,85.06662016432634,85.06659407297634,2.609134999431717e-05,2.609134999431717e-05
Top-1 accuracy,SwiFT,183,91.7,92.40687509386524,92.4068436743257,3.141953953900156e-05,3.141953953900156e-05
Top-1 accuracy,SwiFT,184,91.7,94.01262957416193,94.0125955816609,3.399250103086615e-05,3.399250103086615e-05
Top-1 accuracy,SwiFT,185,91.7,87.26424885978386,87.26424126266048,7.597123385494342e-06,7.597123385494342e-06
Top-1 accuracy,SwiFT,186,91.7,95.13127639827894,95.1312621296208,1.4268658148353097e-05,1.4268658148353097e-05
Top-1 accuracy,SwiFT,187,91.7,92.71551550355645,92.71548922248324,2.628107320390427e-05,2.628107320390427e-05
Top-1 accuracy,SwiFT,188,91.7,90.45416245719898,90.4541362582976,2.6198901380780626e-05,2.6198901380780626e-05
Top-1 accuracy,SwiFT,189,91.7,93.59837121130121,93.59834559831886,2.5612982355482927e-05,2.5612982355482927e-05
Top-1 accuracy,SwiFT,190,91.7,98.5121001178357,98.51207857341319,2.154442250912325e-05,2.154442250912325e-05
Top-1 accuracy,SwiFT,191,91.7,92.24562103458541,92.24559876517549,2.2269409925002037e-05,2.2269409925002037e-05
Top-1 accuracy,SwiFT,192,91.7,92.444702036835,92.444661758901,4.027793399075108e-05,4.027793399075108e-05
Top-1 accuracy,SwiFT,193,91.7,90.32192341103914,90.32191730137927,6.109659864250716e-06,6.109659864250716e-06
Top-1 accuracy,SwiFT,194,91.7,89.15048263494072,89.15046689160563,1.5743335083584498e-05,1.5743335083584498e-05
Top-1 accuracy,SwiFT,195,91.7,94.19103171403603,94.19100744963274,2.426440329372781e-05,2.426440329372781e-05
Top-1 accuracy,SwiFT,196,91.7,89.13177449970127,89.1317485222734,2.5977427867474034e-05,2.5977427867474034e-05
Top-1 accuracy,SwiFT,197,91.7,91.91472918737075,91.91469871165818,3.0475712577526792e-05,3.0475712577526792e-05
Top-1 accuracy,SwiFT,198,91.7,90.26706107200005,90.26702765970465,3.341229539444157e-05,3.341229539444157e-05
Top-1 accuracy,SwiFT,199,91.7,93.1369631391079,93.13693947723918,2.3661868723934276e-05,2.3661868723934276e-05
Top-1 accuracy,SwiFT,200,91.7,92.70100674494617,92.70098631586085,2.0429085324735752e-05,2.0429085324735752e-05
Top-1 accuracy,SwiFT,201,91.7,94.81265965198031,94.8126198327737,3.981920660578453e-05,3.981920660578453e-05
Top-1 accuracy,SwiFT,202,91.7,90.16999211812212,90.16995080343577,4.131468635648616e-05,4.131468635648616e-05
Top-1 accuracy,SwiFT,203,91.7,90.89041183112553,90.89037519411988,3.6637005649708954e-05,3.6637005649708954e-05
Top-1 accuracy,SwiFT,204,91.7,88.7637443371692,88.76370885265308,3.54845161183448e-05,3.54845161183448e-05
Top-1 accuracy,SwiFT,205,91.7,90.36713494654286,90.36712021977166,1.472677119807031e-05,1.472677119807031e-05
Top-1 accuracy,SwiFT,206,91.7,92.8319161137118,92.83190147913456,1.4634577240713043e-05,1.4634577240713043e-05
Top-1 accuracy,SwiFT,207,91.7,93.97099639835,93.97096584993606,3.054841393179686e-05,3.054841393179686e-05
Top-1 accuracy,SwiFT,208,91.7,88.93351484243341,88.93350402746712,1.0814966287853167e-05,1.0814966287853167e-05
Top-1 accuracy,SwiFT,209,91.7,94.3088471410044,94.30881776031698,2.9380687422531082e-05,2.9380687422531082e-05
Top-1 accuracy,SwiFT,210,91.7,95.76695234033154,95.76691357641485,3.8763916691664235e-05,3.8763916691664235e-05
Top-1 accuracy,SwiFT,211,91.7,92.94034366770298,92.94030470967111,3.895803186537705e-05,3.895803186537705e-05
Top-1 accuracy,SwiFT,212,91.7,97.33040004176725,97.3303874376742,1.2604093043933062e-05,1.2604093043933062e-05
Top-1 accuracy,SwiFT,213,91.7,89.37864125282415,89.37863240268928,8.850134875615367e-06,8.850134875615367e-06
Top-1 accuracy,SwiFT,214,91.7,87.96606060156999,87.96603589006575,2.4711504238439375e-05,2.4711504238439375e-05
Top-1 accuracy,SwiFT,215,91.7,86.36386695226119,86.36383925328717,2.7698974022882794e-05,2.7698974022882794e-05
Top-1 accuracy,SwiFT,216,91.7,96.18815457402872,96.18813293446755,2.163956116874033e-05,2.163956116874033e-05
Top-1 accuracy,SwiFT,217,91.7,93.66312725162943,93.66309696906218,3.0282567252015724e-05,3.0282567252015724e-05
Top-1 accuracy,SwiFT,218,91.7,91.53325951716499,91.53324598726864,1.3529896349950832e-05,1.3529896349950832e-05
Top-1 accuracy,SwiFT,219,91.7,92.5399354850068,92.53990587895946,2.9606047334596042e-05,2.9606047334596042e-05
Top-1 accuracy,SwiFT,220,91.7,88.32355350897053,88.32353285810487,2.06508656646065e-05,2.06508656646065e-05
Top-1 accuracy,SwiFT,221,91.7,99.03728011883946,99.03725593885048,2.417998898351925e-05,2.417998898351925e-05
Top-1 accuracy,SwiFT,222,91.7,92.08768490853973,92.08766354592568,2.1362614049280637e-05,2.1362614049280637e-05
Top-1 accuracy,SwiFT,223,91.7,92.02821001628004,92.02818438381468,2.5632465366243196e-05,2.5632465366243196e-05
Top-1 accuracy,SwiFT,224,91.7,93.87732300482338,93.87729987169608,2.3133127299956868e-05,2.3133127299956868e-05
Top-1 accuracy,SwiFT,225,91.7,93.14305060755485,93.14302769521014,2.291234471840653e-05,2.291234471840653e-05
Top-1 accuracy,SwiFT,226,91.7,92.3716749523767,92.37165207283739,2.2879539301357e-05,2.2879539301357e-05
Top-1 accuracy,SwiFT,227,91.7,89.3286068196533,89.32857663366407,3.0185989231767962e-05,3.0185989231767962e-05
Top-1 accuracy,SwiFT,228,91.7,93.11443124232241,93.11440507140799,2.6170914424028524e-05,2.6170914424028524e-05
Top-1 accuracy,SwiFT,229,91.7,97.34610576044237,97.34607348942511,3.227101726110959e-05,3.227101726110959e-05
Top-1 accuracy,SwiFT,230,91.7,95.73629714134863,95.73626013846494,3.700288368690963e-05,3.700288368690963e-05
Top-1 accuracy,SwiFT,231,91.7,96.47959431701402,96.4795598799182,3.443709582029442e-05,3.443709582029442e-05
Top-1 accuracy,SwiFT,232,91.7,90.16638120512314,90.16635297070644,2.8234416703298848e-05,2.8234416703298848e-05
Top-1 accuracy,SwiFT,233,91.7,88.73120104636853,88.73118553922426,1.5507144269122364e-05,1.5507144269122364e-05
Top-1 accuracy,SwiFT,234,91.7,91.32267467697002,91.32263923970106,3.543726896282351e-05,3.543726896282351e-05
Top-1 accuracy,SwiFT,235,91.7,91.86720386295508,91.86717473686609,2.9126088989528398e-05,2.9126088989528398e-05
Top-1 accuracy,SwiFT,236,91.7,94.98259542788108,94.98257455541285,2.087246822668476e-05,2.087246822668476e-05
Top-1 accuracy,SwiFT,237,91.7,86.622633191217,86.62260611085554,2.7080361462594738e-05,2.7080361462594738e-05
Top-1 accuracy,SwiFT,238,91.7,96.28868669897291,96.28865095838185,3.5740591059152393e-05,3.5740591059152393e-05
Top-1 accuracy,SwiFT,239,91.7,91.22599886687908,91.22597630426303,2.2562616052823614e-05,2.2562616052823614e-05
Top-1 accuracy,SwiFT,240,91.7,90.41938801280462,90.41935679015775,3.1222646867945514e-05,3.1222646867945514e-05
Top-1 accuracy,SwiFT,241,91.7,88.6637030159336,88.66368687421951,1.6141714098694138e-05,1.6141714098694138e-05
Top-1 accuracy,SwiFT,242,91.7,86.73545794578114,86.7354299844027,2.7961378435747974e-05,2.7961378435747974e-05
Top-1 accuracy,SwiFT,243,91.7,94.16955153948322,94.16951175188575,3.978759747269578e-05,3.978759747269578e-05
Top-1 accuracy,SwiFT,244,91.7,91.91999781493652,91.91995390156521,4.391337131437467e-05,4.391337131437467e-05
Top-1 accuracy,SwiFT,245,91.7,87.83014553579679,87.83011730077683,2.823501995408151e-05,2.823501995408151e-05
Top-1 accuracy,SwiFT,246,91.7,87.81478538299814,87.81476368380916,2.1699188977208905e-05,2.1699188977208905e-05
Top-1 accuracy,SwiFT,247,91.7,90.69267803497404,90.69264590212961,3.21328444243818e-05,3.21328444243818e-05
Top-1 accuracy,SwiFT,248,91.7,96.70709936465283,96.70706457586819,3.478878464591162e-05,3.478878464591162e-05
Top-1 accuracy,SwiFT,249,91.7,90.92124732534833,90.92122594590919,2.1379439147040102e-05,2.1379439147040102e-05
Top-1 accuracy,SwiFT,250,91.7,87.19061327889091,87.19057114064569,4.2138245220257886e-05,4.2138245220257886e-05
Top-1 accuracy,SwiFT,251,91.7,90.96280036994256,90.96277080774217,2.9562200381860748e-05,2.9562200381860748e-05
Top-1 accuracy,SwiFT,252,91.7,90.88186283183394,90.881829290757,3.3541076945198256e-05,3.3541076945198256e-05
Top-1 accuracy,SwiFT,253,91.7,83.60935133458426,83.60934007117528,1.1263408978834377e-05,1.1263408978834377e-05
Top-1 accuracy,SwiFT,254,91.7,91.53714838532547,91.53711540044657,3.298487889935586e-05,3.298487889935586e-05
Top-1 accuracy,SwiFT,255,91.7,91.0072256178723,91.00719640937398,2.9208498318666898e-05,2.9208498318666898e-05
Top-1 accuracy,SwiFT,256,91.7,93.78863777960046,93.78861909444026,1.8685160199538586e-05,1.8685160199538586e-05
Top-1 accuracy,SwiFT,257,91.7,97.24690331289237,97.24686828483604,3.5028056331043445e-05,3.5028056331043445e-05
Top-1 accuracy,SwiFT,258,91.7,95.0797144637701,95.07969508864328,1.9375126825593725e-05,1.9375126825593725e-05
Top-1 accuracy,SwiFT,259,91.7,90.89336666977934,90.89333392833551,3.2741443831696415e-05,3.2741443831696415e-05
Top-1 accuracy,SwiFT,260,91.7,88.38045168176009,88.380422273775,2.9407985095986078e-05,2.9407985095986078e-05
Top-1 accuracy,SwiFT,261,91.7,99.42011201974663,99.42007940974959,3.2609997035137894e-05,3.2609997035137894e-05
Top-1 accuracy,SwiFT,262,91.7,91.87767350737164,91.87765530204346,1.8205328174758506e-05,1.8205328174758506e-05
Top-1 accuracy,SwiFT,263,91.7,91.74180852360952,91.74178787573884,2.0647870684342706e-05,2.0647870684342706e-05
Top-1 accuracy,SwiFT,264,91.7,91.62765409165118,91.62762473867,2.9352981187003024e-05,2.9352981187003024e-05
Top-1 accuracy,SwiFT,265,91.7,92.2942807165521,92.29425428230357,2.6434248525220028e-05,2.6434248525220028e-05
Top-1 accuracy,SwiFT,266,91.7,91.26694341503867,91.26691876422818,2.4650810487969466e-05,2.4650810487969466e-05
Top-1 accuracy,SwiFT,267,91.7,89.97903441806994,89.9790139793593,2.0438710649273162e-05,2.0438710649273162e-05
Top-1 accuracy,SwiFT,268,91.7,90.05944859916275,90.05942317627883,2.5422883922487927e-05,2.5422883922487927e-05
Top-1 accuracy,SwiFT,269,91.7,91.60175668372099,91.60174018935201,1.649436897821488e-05,1.649436897821488e-05
Top-1 accuracy,SwiFT,270,91.7,90.06975297294275,90.0697256865987,2.7286344050025946e-05,2.7286344050025946e-05
Top-1 accuracy,SwiFT,271,91.7,89.56149317938282,89.56146265196851,3.0527414310199674e-05,3.0527414310199674e-05
Top-1 accuracy,SwiFT,272,91.7,92.01931545111199,92.0192906830757,2.4768036297473373e-05,2.4768036297473373e-05
Top-1 accuracy,SwiFT,273,91.7,90.93510000961345,90.93506834773744,3.166187600811554e-05,3.166187600811554e-05
Top-1 accuracy,SwiFT,274,91.7,96.21201614820842,96.21197896574807,3.718246034623007e-05,3.718246034623007e-05
Top-1 accuracy,SwiFT,275,91.7,83.74711943476747,83.74709057482097,2.8859946496595512e-05,2.8859946496595512e-05
Top-1 accuracy,SwiFT,276,91.7,94.9745372322981,94.97452055576738,1.6676530719905713e-05,1.6676530719905713e-05
Top-1 accuracy,SwiFT,277,91.7,95.43827662210722,95.4382555774929,2.1044614328502576e-05,2.1044614328502576e-05
Top-1 accuracy,SwiFT,278,91.7,85.47986186236211,85.47982930277556,3.2559586557567854e-05,3.2559586557567854e-05
Top-1 accuracy,SwiFT,279,91.7,90.6719841479952,90.67193721775895,4.693023625179649e-05,4.693023625179649e-05
Top-1 accuracy,SwiFT,280,91.7,90.58569534700254,90.58567740201264,1.794498990648208e-05,1.794498990648208e-05
Top-1 accuracy,SwiFT,281,91.7,87.4775080793706,87.47746491584654,4.316352405453472e-05,4.316352405453472e-05
Top-1 accuracy,SwiFT,282,91.7,89.36659652915908,89.36654993722738,4.6591931706529977e-05,4.6591931706529977e-05
Top-1 accuracy,SwiFT,283,91.7,88.36830679407285,88.36827246360252,3.4330470327859075e-05,3.4330470327859075e-05
Top-1 accuracy,SwiFT,284,91.7,96.95685334571456,96.95681133027087,4.201544369664134e-05,4.201544369664134e-05
Top-1 accuracy,SwiFT,285,91.7,94.50708926956838,94.50703517944238,5.4090125999550764e-05,5.4090125999550764e-05
Top-1 accuracy,SwiFT,286,91.7,95.51470177101741,95.51466528498248,3.648603492933944e-05,3.648603492933944e-05
Top-1 accuracy,SwiFT,287,91.7,93.86506292851065,93.8650161921297,4.673638095198385e-05,4.673638095198385e-05
Top-1 accuracy,SwiFT,288,91.7,88.31287101600688,88.31284468634831,2.6329658567192382e-05,2.6329658567192382e-05
Top-1 accuracy,SwiFT,289,91.7,90.12645332178852,90.12643920116068,1.412062783856527e-05,1.412062783856527e-05
Top-1 accuracy,SwiFT,290,91.7,93.16817675251438,93.16812368368376,5.3068830624170005e-05,5.3068830624170005e-05
Top-1 accuracy,SwiFT,291,91.7,88.0336412673232,88.03361657332417,2.469399903759495e-05,2.469399903759495e-05
Top-1 accuracy,SwiFT,292,91.7,93.83903530735166,93.83899529051716,4.001683450383098e-05,4.001683450383098e-05
Top-1 accuracy,SwiFT,293,91.7,90.97904697433736,90.9790238055256,2.3168811765117425e-05,2.3168811765117425e-05
Top-1 accuracy,SwiFT,294,91.7,90.57558629306578,90.57553757735121,4.871571456988022e-05,4.871571456988022e-05
Top-1 accuracy,SwiFT,295,91.7,93.83293031020085,93.83287990461048,5.0405590371838116e-05,5.0405590371838116e-05
Top-1 accuracy,SwiFT,296,91.7,93.03283512576806,93.03278993445812,4.519130993685394e-05,4.519130993685394e-05
Top-1 accuracy,SwiFT,297,91.7,90.6171543622633,90.61710150254277,5.2859720540254784e-05,5.2859720540254784e-05
Top-1 accuracy,SwiFT,298,91.7,95.1780329638245,95.17798941009275,4.3553731757128844e-05,4.3553731757128844e-05
Top-1 accuracy,SwiFT,299,91.7,88.45684427736307,88.45681001720031,3.4260162763644075e-05,3.4260162763644075e-05
Top-1 accuracy,SwiFT,300,91.7,93.54785849492453,93.54780682083279,5.1674091736231276e-05,5.1674091736231276e-05
Top-1 accuracy,SwiFT,301,91.7,95.25864246476054,95.2586075478103,3.491695024138153e-05,3.491695024138153e-05
Top-1 accuracy,SwiFT,302,91.7,89.84274123311306,89.84272136411606,1.9868997000571653e-05,1.9868997000571653e-05
Top-1 accuracy,SwiFT,303,91.7,93.65684195923872,93.65679813345271,4.382578600825582e-05,4.382578600825582e-05
Top-1 accuracy,SwiFT,304,91.7,84.19336517810588,84.19331854168819,4.66364176929801e-05,4.66364176929801e-05
Top-1 accuracy,SwiFT,305,91.7,97.24419387609288,97.24416211524141,3.176085147060803e-05,3.176085147060803e-05
Top-1 accuracy,SwiFT,306,91.7,90.59061840869185,90.59058718134207,3.122734977978325e-05,3.122734977978325e-05
Top-1 accuracy,SwiFT,307,91.7,88.56371177670907,88.56366187688576,4.989982330982912e-05,4.989982330982912e-05
Top-1 accuracy,SwiFT,308,91.7,97.9941068854221,97.99405535502135,5.15304007535633e-05,5.15304007535633e-05
Top-1 accuracy,SwiFT,309,91.7,87.4739647770866,87.47393785674345,2.6920343145775405e-05,2.6920343145775405e-05
Top-1 accuracy,SwiFT,310,91.7,83.24927920361303,83.24923222181864,4.698179438378247e-05,4.698179438378247e-05
Top-1 accuracy,SwiFT,311,91.7,82.36025339210305,82.36022495885658,2.843324647017198e-05,2.843324647017198e-05
Top-1 accuracy,SwiFT,312,91.7,95.33610180719955,95.33605970807385,4.209912570729557e-05,4.209912570729557e-05
Top-1 accuracy,SwiFT,313,91.7,84.01747214698696,84.01742388502231,4.8261964650464506e-05,4.8261964650464506e-05
Top-1 accuracy,SwiFT,314,91.7,100.00003666706345,100.0,3.666706345484272e-05,3.666706345484272e-05
Top-1 accuracy,SwiFT,315,91.7,79.20846222152309,79.20842355269767,3.866882542524763e-05,3.866882542524763e-05
Top-1 accuracy,SwiFT,316,91.7,100.00003666706345,100.0,3.666706345484272e-05,3.666706345484272e-05
Top-1 accuracy,SwiFT,317,91.7,92.96614091161099,92.96610480321571,3.610839527823373e-05,3.610839527823373e-05
Top-1 accuracy,SwiFT,318,91.7,91.11978744187824,91.11972132877764,6.611310060122833e-05,6.611310060122833e-05
Top-1 accuracy,SwiFT,319,91.7,88.4305211723387,88.4304854791463,3.5693192401708984e-05,3.5693192401708984e-05
Top-1 accuracy,SwiFT,320,91.7,94.09484921175424,94.09481668611242,3.252564181366324e-05,3.252564181366324e-05
Top-1 accuracy,SwiFT,321,91.7,91.47426290811114,91.47419178545091,7.112266023057146e-05,7.112266023057146e-05
Top-1 accuracy,SwiFT,322,91.7,98.31987534290315,98.31981129209913,6.40508040135046e-05,6.40508040135046e-05
Top-1 accuracy,SwiFT,323,91.7,92.38540994391576,92.38536589197224,4.405194351875252e-05,4.405194351875252e-05
Top-1 accuracy,SwiFT,324,91.7,92.60186940401059,92.60181056877127,5.8835239315158105e-05,5.8835239315158105e-05
Top-1 accuracy,SwiFT,325,91.7,89.51836505554009,89.51832672671686,3.8328823222855135e-05,3.8328823222855135e-05
Top-1 accuracy,SwiFT,326,91.7,91.35836812626772,91.3583262576736,4.1868594124139236e-05,4.1868594124139236e-05
Top-1 accuracy,SwiFT,327,91.7,93.5468568547029,93.54681061335236,4.6241350531772696e-05,4.6241350531772696e-05
Top-1 accuracy,SwiFT,328,91.7,81.43904488027218,81.43898964406026,5.523621192082828e-05,5.523621192082828e-05
Top-1 accuracy,SwiFT,329,91.7,83.61092641383277,83.61088746736573,3.894646704338811e-05,3.894646704338811e-05
Top-1 accuracy,SwiFT,330,91.7,96.15963286871786,96.1595845641363,4.830458156845907e-05,4.830458156845907e-05
Top-1 accuracy,SwiFT,331,91.7,92.72524643830957,92.72519262876766,5.3809541910254666e-05,5.3809541910254666e-05
Top-1 accuracy,SwiFT,332,91.7,90.5961649914191,90.59609998188392,6.500953517729613e-05,6.500953517729613e-05
Top-1 accuracy,SwiFT,333,91.7,91.81066878474587,91.81060359839236,6.518635350971635e-05,6.518635350971635e-05
Top-1 accuracy,SwiFT,334,91.7,93.78555272771786,93.78549023217003,6.249554782300493e-05,6.249554782300493e-05
Top-1 accuracy,SwiFT,335,91.7,88.46150440849419,88.46144191814383,6.249035035921224e-05,6.249035035921224e-05
Top-1 accuracy,SwiFT,336,91.7,87.03023064660391,87.03017164758613,5.8999017781502516e-05,5.8999017781502516e-05
Top-1 accuracy,SwiFT,337,91.7,92.87512687287281,92.8750715305861,5.53422867142217e-05,5.53422867142217e-05
Top-1 accuracy,SwiFT,338,91.7,85.82982493939656,85.82976333430982,6.160508674213361e-05,6.160508674213361e-05
Top-1 accuracy,SwiFT,339,91.7,94.14957883346398,94.14951653428683,6.229917714506428e-05,6.229917714506428e-05
Top-1 accuracy,SwiFT,340,91.7,81.48453687503795,81.48449837457296,3.850046498143911e-05,3.850046498143911e-05
Top-1 accuracy,SwiFT,341,91.7,97.87499683846727,97.87493382395387,6.301451340107178e-05,6.301451340107178e-05
Top-1 accuracy,SwiFT,342,91.7,94.53562850358311,94.53558489447826,4.3609104849906544e-05,4.3609104849906544e-05
Top-1 accuracy,SwiFT,343,91.7,93.23624822197618,93.23617840588325,6.981609293177371e-05,6.981609293177371e-05
Top-1 accuracy,SwiFT,344,91.7,97.59620530738056,97.59614590367309,5.9403707467708955e-05,5.9403707467708955e-05
Top-1 accuracy,SwiFT,345,91.7,100.00005669986788,100.0,5.669986788348069e-05,5.669986788348069e-05
Top-1 accuracy,SwiFT,346,91.7,97.78629158043992,97.78622039010878,7.11903311412243e-05,7.11903311412243e-05
Top-1 accuracy,SwiFT,347,91.7,80.6548031564472,80.65475461201012,4.854443707813516e-05,4.854443707813516e-05
Top-1 accuracy,SwiFT,348,91.7,84.02259303262004,84.0225381995858,5.483303424114183e-05,5.483303424114183e-05
Top-1 accuracy,SwiFT,349,91.7,87.95115869917274,87.95108853382592,7.016534681270059e-05,7.016534681270059e-05
Top-1 accuracy,SwiFT,350,91.7,91.85661902991302,91.856546301265,7.272864802132517e-05,7.272864802132517e-05
Top-1 accuracy,SwiFT,351,91.7,94.80601376910981,94.80595412281474,5.964629507104746e-05,5.964629507104746e-05
Top-1 accuracy,SwiFT,352,91.7,87.34559707038335,87.3455371210792,5.9949304144879534e-05,5.9949304144879534e-05
Top-1 accuracy,SwiFT,353,91.7,92.82066018172125,92.82060058686247,5.9594858782929805e-05,5.9594858782929805e-05
Top-1 accuracy,SwiFT,354,91.7,87.16775334493282,87.16770240588006,5.093905275543875e-05,5.093905275543875e-05
Top-1 accuracy,SwiFT,355,91.7,88.03094935922758,88.03089318204832,5.617717926043042e-05,5.617717926043042e-05
Top-1 accuracy,SwiFT,356,91.7,83.26011194260992,83.26003341891067,7.852369925842595e-05,7.852369925842595e-05
Top-1 accuracy,SwiFT,357,91.7,86.16066670460015,86.16060052333458,6.61812655664562e-05,6.61812655664562e-05
Top-1 accuracy,SwiFT,358,91.7,83.5899520675919,83.589892366302,5.970128989929435e-05,5.970128989929435e-05
Top-1 accuracy,SwiFT,359,91.7,85.84483952631876,85.84476048213601,7.904418275472835e-05,7.904418275472835e-05
Top-1 accuracy,SwiFT,360,91.7,98.0219224343767,98.02185077964704,7.16547296661929e-05,7.16547296661929e-05
Top-1 accuracy,SwiFT,361,91.7,86.00366460806114,86.00360666700834,5.794105280187978e-05,5.794105280187978e-05
Top-1 accuracy,SwiFT,362,91.7,100.00007172447121,100.0,7.17244712120646e-05,7.17244712120646e-05
Top-1 accuracy,SwiFT,363,91.7,94.65998964939983,94.65990740528534,8.22441144947561e-05,8.22441144947561e-05
Top-1 accuracy,SwiFT,364,91.7,92.80908873306089,92.80901674216925,7.1990891640894e-05,7.1990891640894e-05
Top-1 accuracy,SwiFT,365,91.7,86.54993414393127,86.54985331891272,8.082501854289603e-05,8.082501854289603e-05
Top-1 accuracy,SwiFT,366,91.7,95.9019484012014,95.90185927645395,8.912474744704468e-05,8.912474744704468e-05
Top-1 accuracy,SwiFT,367,91.7,88.24624190846421,88.24617304257336,6.886589085297601e-05,6.886589085297601e-05
Top-1 accuracy,SwiFT,368,91.7,92.43213145205358,92.43205888787217,7.256418140855203e-05,7.256418140855203e-05
Top-1 accuracy,SwiFT,369,91.7,100.00007172447121,100.0,7.17244712120646e-05,7.17244712120646e-05
Top-1 accuracy,SwiFT,370,91.7,91.1237263920498,91.1236406016521,8.579039770495456e-05,8.579039770495456e-05
Top-1 accuracy,SwiFT,371,91.7,98.5957420845427,98.59563995771406,0.0001021268286507393,0.0001021268286507393
Top-1 accuracy,SwiFT,372,91.7,87.48100380374407,87.48094144924468,6.23544993914038e-05,6.23544993914038e-05
Top-1 accuracy,SwiFT,373,91.7,91.49013139332227,91.49006905701823,6.233630404040014e-05,6.233630404040014e-05
Top-1 accuracy,SwiFT,374,91.7,100.00007172447121,100.0,7.17244712120646e-05,7.17244712120646e-05
Top-1 accuracy,SwiFT,375,91.7,87.93829263052592,87.93819765327339,9.497725253027056e-05,9.497725253027056e-05
Top-1 accuracy,SwiFT,376,91.7,100.00010678187897,100.0,0.00010678187896928648,0.00010678187896928648
Top-1 accuracy,SwiFT,377,91.7,95.94660152228155,95.94651161273285,8.990954870569112e-05,8.990954870569112e-05
Top-1 accuracy,SwiFT,378,91.7,88.3253113875595,88.3251993446344,0.0001120429250960342,0.0001120429250960342
Top-1 accuracy,SwiFT,379,91.7,95.49453124105439,95.49444643433313,8.480672126154332e-05,8.480672126154332e-05
Top-1 accuracy,SwiFT,380,91.7,97.53543579513442,97.53532669776038,0.00010909737403608233,0.00010909737403608233
Top-1 accuracy,SwiFT,381,91.7,100.00010678187897,100.0,0.00010678187896928648,0.00010678187896928648
Top-1 accuracy,SwiFT,382,91.7,100.00010678187897,100.0,0.00010678187896928648,0.00010678187896928648
Top-1 accuracy,SwiFT,383,91.7,100.00010678187897,100.0,0.00010678187896928648,0.00010678187896928648
Top-1 accuracy,SwiFT,384,91.7,100.00010678187897,100.0,0.00010678187896928648,0.00010678187896928648
Top-1 accuracy,SwiFT,385,91.7,100.00010678187897,100.0,0.00010678187896928648,0.00010678187896928648
Top-1 accuracy,SwiFT,386,91.7,100.00010678187897,100.0,0.00010678187896928648,0.00010678187896928648
Top-1 accuracy,SwiFT,387,91.7,100.00010678187897,100.0,0.00010678187896928648,0.00010678187896928648
Top-1 accuracy,SwiFT,388,91.7,100.0001218064823,100.0,0.00012180648229787039,0.00012180648229787039
Top-1 accuracy,SwiFT,389,91.7,100.0001218064823,100.0,0.00012180648229787039,0.00012180648229787039
Top-1 accuracy,SwiFT,390,91.7,100.0001218064823,100.0,0.00012180648229787039,0.00012180648229787039
Top-1 accuracy,SwiFT,391,91.7,78.20831945202686,78.20821665649437,0.00010279553248437878,0.00010279553248437878
Top-1 accuracy,SwiFT,392,91.7,78.7712112073749,78.77110045436176,0.00011075301314633634,0.00011075301314633634
Top-1 accuracy,SwiFT,393,91.7,78.47387931578587,78.47375540855421,0.0001239072316536749,0.0001239072316536749
Top-1 accuracy,SwiFT,394,91.7,79.06498226797605,79.06486653315713,0.00011573481891957726,0.00011573481891957726
Top-1 accuracy,SwiFT,395,91.7,78.93100537603169,78.9308937419286,0.00011163410309222854,0.00011163410309222854
Top-1 accuracy,SwiFT,396,91.7,78.30332252294767,78.30321739373872,0.00010512920894711897,0.00010512920894711897
Top-1 accuracy,SwiFT,397,91.7,80.70144202926673,80.70132796456326,0.00011406470346742026,0.00011406470346742026
Top-1 accuracy,SwiFT,398,91.7,79.74240657446609,79.74230014542744,0.00010642903865232256,0.00010642903865232256
Top-1 accuracy,SwiFT,399,91.7,80.81526842405249,80.81516223272159,0.00010619133090017385,0.00010619133090017385
Top-1 accuracy,SwiFT,400,91.7,77.74943801729262,77.74932796801342,0.00011004927920055252,0.00011004927920055252
Top-1 accuracy,TFF,1,89.8,91.08885178363329,91.08885465739776,-2.8737644726106737e-06,2.8737644726106737e-06
Top-1 accuracy,TFF,2,89.8,90.42304650371412,90.42306306148933,-1.6557775211367698e-05,1.6557775211367698e-05
Top-1 accuracy,TFF,3,89.8,90.61472538472587,90.61473651158612,-1.1126860243848569e-05,1.1126860243848569e-05
Top-1 accuracy,TFF,4,89.8,85.96975908655904,85.96975427253906,4.814019973764516e-06,4.814019973764516e-06
Top-1 accuracy,TFF,5,89.8,86.55682542865607,86.5568303787752,-4.950119134150555e-06,4.950119134150555e-06
Top-1 accuracy,TFF,6,89.8,92.9594449467294,92.95945855999871,-1.3613269302936715e-05,1.3613269302936715e-05
Top-1 accuracy,TFF,7,89.8,89.6813419360011,89.68133453843004,7.397571067713216e-06,7.397571067713216e-06
Top-1 accuracy,TFF,8,89.8,91.84449167092967,91.84450209211786,-1.0421188193276976e-05,1.0421188193276976e-05
Top-1 accuracy,TFF,9,89.8,89.88495035205246,89.88495512839138,-4.7763389261490374e-06,4.7763389261490374e-06
Top-1 accuracy,TFF,10,89.8,89.88926742140768,89.88926841848723,-9.97079553144431e-07,9.97079553144431e-07
Top-1 accuracy,TFF,11,89.8,92.61485066128287,92.614851417928,-7.566451216689529e-07,7.566451216689529e-07
Top-1 accuracy,TFF,12,89.8,88.25185610190644,88.25186581534787,-9.713441428971237e-06,9.713441428971237e-06
Top-1 accuracy,TFF,13,89.8,90.08836344826058,90.08836233082295,1.1174376339795344e-06,1.1174376339795344e-06
Top-1 accuracy,TFF,14,89.8,88.41317526780065,88.41317413388487,1.1339157879319828e-06,1.1339157879319828e-06
Top-1 accuracy,TFF,15,89.8,88.49650923013952,88.49651131770305,-2.0875635300399153e-06,2.0875635300399153e-06
Top-1 accuracy,TFF,16,89.8,88.87248239962909,88.87248362959409,-1.2299649938540824e-06,1.2299649938540824e-06
Top-1 accuracy,TFF,17,89.8,90.46640500480781,90.46640131490113,3.689906677095678e-06,3.689906677095678e-06
Top-1 accuracy,TFF,18,89.8,88.36376185156722,88.36375413500957,7.71655764708612e-06,7.71655764708612e-06
Top-1 accuracy,TFF,19,89.8,93.56727278652022,93.56726837672056,4.409799657878466e-06,4.409799657878466e-06
Top-1 accuracy,TFF,20,89.8,87.116191410424,87.11617809334149,1.3317082505182043e-05,1.3317082505182043e-05
Top-1 accuracy,TFF,21,89.8,89.23938070871071,89.23938506751593,-4.358805213655614e-06,4.358805213655614e-06
Top-1 accuracy,TFF,22,89.8,88.48082104016828,88.48080682517747,1.4214990812888573e-05,1.4214990812888573e-05
Top-1 accuracy,TFF,23,89.8,94.14092967015021,94.1409336530612,-3.9829109823585895e-06,3.9829109823585895e-06
Top-1 accuracy,TFF,24,89.8,90.38966684332837,90.38966432953472,2.51379364613058e-06,2.51379364613058e-06
Top-1 accuracy,TFF,25,89.8,92.89552527598624,92.8955336184059,-8.342419661744316e-06,8.342419661744316e-06
Top-1 accuracy,TFF,26,89.8,85.34332327555094,85.34331888088909,4.394661857531901e-06,4.394661857531901e-06
Top-1 accuracy,TFF,27,89.8,90.60115315972283,90.60115079760777,2.362115054665992e-06,2.362115054665992e-06
Top-1 accuracy,TFF,28,89.8,92.46889164818731,92.46889238687031,-7.386829992128696e-07,7.386829992128696e-07
Top-1 accuracy,TFF,29,89.8,90.04686048567744,90.04685196782627,8.51785117106374e-06,8.51785117106374e-06
Top-1 accuracy,TFF,30,89.8,92.99643552011412,92.99644112519606,-5.605081938142575e-06,5.605081938142575e-06
Top-1 accuracy,TFF,31,89.8,88.24813000028198,88.24813464969888,-4.649416908364401e-06,4.649416908364401e-06
Top-1 accuracy,TFF,32,89.8,94.02803980897167,94.02804232055674,-2.5115850661450168e-06,2.5115850661450168e-06
Top-1 accuracy,TFF,33,89.8,96.69671235555457,96.69669437085774,1.7984696825124047e-05,1.7984696825124047e-05
Top-1 accuracy,TFF,34,89.8,88.71150879961132,88.71148431868102,2.448093030693599e-05,2.448093030693599e-05
Top-1 accuracy,TFF,35,89.8,88.46350768893745,88.46349243579768,1.5253139778792502e-05,1.5253139778792502e-05
Top-1 accuracy,TFF,36,89.8,94.1601811952099,94.1601534313531,2.7763856806473086e-05,2.7763856806473086e-05
Top-1 accuracy,TFF,37,89.8,94.53874610877293,94.53871643719214,2.967158079059118e-05,2.967158079059118e-05
Top-1 accuracy,TFF,38,89.8,88.23142514548579,88.2314199185402,5.2269455892428596e-06,5.2269455892428596e-06
Top-1 accuracy,TFF,39,89.8,88.53945705874236,88.53943954871242,1.7510029934442173e-05,1.7510029934442173e-05
Top-1 accuracy,TFF,40,89.8,88.95466697981364,88.95464617341848,2.0806395156114377e-05,2.0806395156114377e-05
Top-1 accuracy,TFF,41,89.8,85.76665900292018,85.76664846689717,1.0536023012264195e-05,1.0536023012264195e-05
Top-1 accuracy,TFF,42,89.8,87.04404827346127,87.0440441605474,4.112913870812918e-06,4.112913870812918e-06
Top-1 accuracy,TFF,43,89.8,86.78757829471353,86.78757769974379,5.949697339246995e-07,5.949697339246995e-07
Top-1 accuracy,TFF,44,89.8,87.49661186249759,87.49660730468761,4.557809972993709e-06,4.557809972993709e-06
Top-1 accuracy,TFF,45,89.8,89.69594585043245,89.69594533783966,5.125927913240957e-07,5.125927913240957e-07
Top-1 accuracy,TFF,46,89.8,90.5026718931324,90.50264419760956,2.7695522845760934e-05,2.7695522845760934e-05
Top-1 accuracy,TFF,47,89.8,94.4515232782736,94.45150147844222,2.179983137295949e-05,2.179983137295949e-05
Top-1 accuracy,TFF,48,89.8,86.80494172795544,86.80493787778363,3.850171808039704e-06,3.850171808039704e-06
Top-1 accuracy,TFF,49,89.8,92.75296432734255,92.75296719542975,-2.8680871935193863e-06,2.8680871935193863e-06
Top-1 accuracy,TFF,50,89.8,89.15802999401069,89.15803346732346,-3.4733127733943547e-06,3.4733127733943547e-06
Top-1 accuracy,TFF,51,89.8,89.65163829522874,89.6516088710427,2.9424186038795597e-05,2.9424186038795597e-05
Top-1 accuracy,TFF,52,89.8,91.82448641160322,91.82445847649981,2.7935103403819994e-05,2.7935103403819994e-05
Top-1 accuracy,TFF,53,89.8,86.43184076180138,86.43183393531311,6.826488274214171e-06,6.826488274214171e-06
Top-1 accuracy,TFF,54,89.8,90.947259921904,90.94722923855215,3.0683351852189844e-05,3.0683351852189844e-05
Top-1 accuracy,TFF,55,89.8,90.29937398554975,90.29935662463916,1.73609105900141e-05,1.73609105900141e-05
Top-1 accuracy,TFF,56,89.8,91.27738050614802,91.27735379202444,2.6714123578130966e-05,2.6714123578130966e-05
Top-1 accuracy,TFF,57,89.8,90.6675368654112,90.66750593172345,3.09336877393207e-05,3.09336877393207e-05
Top-1 accuracy,TFF,58,89.8,97.16591569277267,97.16590041973268,1.52730399918255e-05,1.52730399918255e-05
Top-1 accuracy,TFF,59,89.8,87.8867958026315,87.88678004724605,1.5755385447846493e-05,1.5755385447846493e-05
Top-1 accuracy,TFF,60,89.8,88.20703771018971,88.20700913499455,2.857519515941931e-05,2.857519515941931e-05
Top-1 accuracy,TFF,61,89.8,87.93059502542272,87.93057842072571,1.6604697009370284e-05,1.6604697009370284e-05
Top-1 accuracy,TFF,62,89.8,88.13358242453666,88.13356864251924,1.378201741886187e-05,1.378201741886187e-05
Top-1 accuracy,TFF,63,89.8,87.88784502076365,87.88783861808045,6.402683197848091e-06,6.402683197848091e-06
Top-1 accuracy,TFF,64,89.8,93.3670599308202,93.36704959332265,1.0337497556633934e-05,1.0337497556633934e-05
Top-1 accuracy,TFF,65,89.8,94.0615346579829,94.06151274396956,2.191401334528109e-05,2.191401334528109e-05
Top-1 accuracy,TFF,66,89.8,88.08776239259831,88.08776111875157,1.2738467347617188e-06,1.2738467347617188e-06
Top-1 accuracy,TFF,67,89.8,87.30296225434978,87.30293328068731,2.8973662466569294e-05,2.8973662466569294e-05
Top-1 accuracy,TFF,68,89.8,91.21426465168271,91.21424666915921,1.7982523502269032e-05,1.7982523502269032e-05
Top-1 accuracy,TFF,69,89.8,88.14333088799364,88.14333086715709,2.0836552039327216e-08,2.0836552039327216e-08
Top-1 accuracy,TFF,70,89.8,91.6988106129956,91.69879545326653,1.5159729073843664e-05,1.5159729073843664e-05
Top-1 accuracy,TFF,71,89.8,90.40877062645536,90.4087690625539,1.5639014634416526e-06,1.5639014634416526e-06
Top-1 accuracy,TFF,72,89.8,85.25278501591804,85.2527676550083,1.7360909737362817e-05,1.7360909737362817e-05
Top-1 accuracy,TFF,73,89.8,94.44252854908339,94.44251560399019,1.2945093203597935e-05,1.2945093203597935e-05
Top-1 accuracy,TFF,74,89.8,95.18764870995213,95.18763301928657,1.56906655632838e-05,1.56906655632838e-05
Top-1 accuracy,TFF,75,89.8,87.96164587229316,87.96163392854683,1.1943746329734495e-05,1.1943746329734495e-05
Top-1 accuracy,TFF,76,89.8,88.63690413180396,88.63689532019204,8.811611920123141e-06,8.811611920123141e-06
Top-1 accuracy,TFF,77,89.8,90.65760810671429,90.6575961721747,1.1934539585922721e-05,1.1934539585922721e-05
Top-1 accuracy,TFF,78,89.8,90.8033692958661,90.80337036996107,-1.0740949676346645e-06,1.0740949676346645e-06
Top-1 accuracy,TFF,79,89.8,91.77564643439666,91.7756328180185,1.3616378168990195e-05,1.3616378168990195e-05
Top-1 accuracy,TFF,80,89.8,95.83062660922042,95.83061361629905,1.2992921369914257e-05,1.2992921369914257e-05
Top-1 accuracy,TFF,81,89.8,89.26918200940469,89.26915831751785,2.3691886838150822e-05,2.3691886838150822e-05
Top-1 accuracy,TFF,82,89.8,87.40511954055357,87.40510826638463,1.1274168940644813e-05,1.1274168940644813e-05
Top-1 accuracy,TFF,83,89.8,85.66205521047506,85.66204231595641,1.2894518647499353e-05,1.2894518647499353e-05
Top-1 accuracy,TFF,84,89.8,87.60722048807136,87.60720988017424,1.060789712425958e-05,1.060789712425958e-05
Top-1 accuracy,TFF,85,89.8,89.70062351026743,89.7006190813786,4.428888829011157e-06,4.428888829011157e-06
Top-1 accuracy,TFF,86,89.8,95.18369473517726,95.18367359055335,2.1144623900681836e-05,2.1144623900681836e-05
Top-1 accuracy,TFF,87,89.8,88.24717844207143,88.24716610289148,1.2339179946252443e-05,1.2339179946252443e-05
Top-1 accuracy,TFF,88,89.8,90.4713781485082,90.47136385491669,1.4293591505065706e-05,1.4293591505065706e-05
Top-1 accuracy,TFF,89,89.8,89.75074308285713,89.75073131178173,1.1771075392630337e-05,1.1771075392630337e-05
Top-1 accuracy,TFF,90,89.8,93.36520439230964,93.36517982034425,2.4571965383302086e-05,2.4571965383302086e-05
Top-1 accuracy,TFF,91,89.8,97.38083262692619,97.38079727762086,3.534930533533043e-05,3.534930533533043e-05
Top-1 accuracy,TFF,92,89.8,88.2073983006695,88.20739368123904,4.619430455932161e-06,4.619430455932161e-06
Top-1 accuracy,TFF,93,89.8,88.3317118685757,88.33168167244533,3.019613036769897e-05,3.019613036769897e-05
Top-1 accuracy,TFF,94,89.8,92.93251584937096,92.93248263120721,3.321816375034814e-05,3.321816375034814e-05
Top-1 accuracy,TFF,95,89.8,91.8457061596984,91.84567446887893,3.1690819469076814e-05,3.1690819469076814e-05
Top-1 accuracy,TFF,96,89.8,95.3401384172927,95.3401219772081,1.644008460743862e-05,1.644008460743862e-05
Top-1 accuracy,TFF,97,89.8,91.55181991047175,91.55178455597789,3.5354493860495495e-05,3.5354493860495495e-05
Top-1 accuracy,TFF,98,89.8,88.7221412105639,88.72212372763882,1.7482925088074808e-05,1.7482925088074808e-05
Top-1 accuracy,TFF,99,89.8,91.57198793633424,91.57196449207693,2.344425730882449e-05,2.344425730882449e-05
Top-1 accuracy,TFF,100,89.8,93.12614792881489,93.12611074174872,3.71870661695084e-05,3.71870661695084e-05
Top-1 accuracy,TFF,101,89.8,92.2614594705899,92.26144654359209,1.2926997811746332e-05,1.2926997811746332e-05
Top-1 accuracy,TFF,102,89.8,91.32185333198828,91.32182209332188,3.123866639498374e-05,3.123866639498374e-05
Top-1 accuracy,TFF,103,89.8,93.00004643311308,93.00002406876746,2.2364345625192072e-05,2.2364345625192072e-05
Top-1 accuracy,TFF,104,89.8,93.30789805112977,93.30788677133701,1.1279792758500662e-05,1.1279792758500662e-05
Top-1 accuracy,TFF,105,89.8,93.9465113031323,93.94647697311258,3.433001971586691e-05,3.433001971586691e-05
Top-1 accuracy,TFF,106,89.8,91.74615814627194,91.74612966276892,2.8483503015763745e-05,2.8483503015763745e-05
Top-1 accuracy,TFF,107,89.8,89.29865527292608,89.29864575904944,9.513876648270525e-06,9.513876648270525e-06
Top-1 accuracy,TFF,108,89.8,90.24016452794879,90.24014105929997,2.3468648819857663e-05,2.3468648819857663e-05
Top-1 accuracy,TFF,109,89.8,93.41955839893626,93.41952689952507,3.1499411193181004e-05,3.1499411193181004e-05
Top-1 accuracy,TFF,110,89.8,87.34920798338231,87.3491929870383,1.4996344020801189e-05,1.4996344020801189e-05
Top-1 accuracy,TFF,111,89.8,90.90605244318624,90.9060199266187,3.251656754343912e-05,3.251656754343912e-05
Top-1 accuracy,TFF,112,89.8,88.62003400637118,88.61998356301791,5.0443353273976754e-05,5.0443353273976754e-05
Top-1 accuracy,TFF,113,89.8,89.88626250074279,89.88623446880445,2.8031938342110152e-05,2.8031938342110152e-05
Top-1 accuracy,TFF,114,89.8,93.63537680928924,93.63535558782189,2.122146734961916e-05,2.122146734961916e-05
Top-1 accuracy,TFF,115,89.8,90.37332257901195,90.37329720405971,2.537495224430586e-05,2.537495224430586e-05
Top-1 accuracy,TFF,116,89.8,89.93933691198629,89.93930964446844,2.726751785075976e-05,2.726751785075976e-05
Top-1 accuracy,TFF,117,89.8,85.72044582719484,85.72043157706024,1.425013459765978e-05,1.425013459765978e-05
Top-1 accuracy,TFF,118,89.8,92.03877982471877,92.03876069808166,1.912663711323148e-05,1.912663711323148e-05
Top-1 accuracy,TFF,119,89.8,91.73649231813323,91.73645254342323,3.977471000382593e-05,3.977471000382593e-05
Top-1 accuracy,TFF,120,89.8,96.28980352782003,96.28976416991638,3.9357903645509396e-05,3.9357903645509396e-05
Top-1 accuracy,TFF,121,89.8,88.87669930496214,88.876665295141,3.4009821149538766e-05,3.4009821149538766e-05
Top-1 accuracy,TFF,122,89.8,90.45747788633255,90.45745098299182,2.6903340739181658e-05,2.6903340739181658e-05
Top-1 accuracy,TFF,123,89.8,90.54816388789817,90.54815105113227,1.2836765904467029e-05,1.2836765904467029e-05
Top-1 accuracy,TFF,124,89.8,94.53239570976781,94.53235983929042,3.587047739017635e-05,3.587047739017635e-05
Top-1 accuracy,TFF,125,89.8,89.51414815020703,89.51411340283914,3.474736789144117e-05,3.474736789144117e-05
Top-1 accuracy,TFF,126,89.8,90.6370769862715,90.63706457731101,1.2408960486709475e-05,1.2408960486709475e-05
Top-1 accuracy,TFF,127,89.8,91.6237326701835,91.62368952914962,4.3141033884808166e-05,4.3141033884808166e-05
Top-1 accuracy,TFF,128,89.8,90.35984801393052,90.35982736946907,2.064446144345311e-05,2.064446144345311e-05
Top-1 accuracy,TFF,129,89.8,88.46073314552353,88.46069915634841,3.3989175122428605e-05,3.3989175122428605e-05
Top-1 accuracy,TFF,130,89.8,90.38231480410163,90.38226997869492,4.482540670380786e-05,4.482540670380786e-05
Top-1 accuracy,TFF,131,89.8,93.0209206153318,93.02089524957931,2.5365752492234606e-05,2.5365752492234606e-05
Top-1 accuracy,TFF,132,89.8,86.72047591216614,86.72045410176682,2.1810399317701012e-05,2.1810399317701012e-05
Top-1 accuracy,TFF,133,89.8,90.19893952052715,90.19890902244063,3.049808651667263e-05,3.049808651667263e-05
Top-1 accuracy,TFF,134,89.8,87.69966186412537,87.69963755518248,2.4308942897732777e-05,2.4308942897732777e-05
Top-1 accuracy,TFF,135,89.8,93.38517709832888,93.38513988677452,3.72115543569862e-05,3.72115543569862e-05
Top-1 accuracy,TFF,136,89.8,85.2304834963835,85.23043928564867,4.421073482774318e-05,4.421073482774318e-05
Top-1 accuracy,TFF,137,89.8,88.12326052205279,88.12323445818524,2.6063867551329167e-05,2.6063867551329167e-05
Top-1 accuracy,TFF,138,89.8,90.93166939185437,90.93163562519356,3.376666080612267e-05,3.376666080612267e-05
Top-1 accuracy,TFF,139,89.8,94.49658707184463,94.49657208770302,1.4984141614604596e-05,1.4984141614604596e-05
Top-1 accuracy,TFF,140,89.8,89.60278329341887,89.60274921678104,3.407663783150383e-05,3.407663783150383e-05
Top-1 accuracy,TFF,141,89.8,88.1344187941217,88.13440141992041,1.7374201291886493e-05,1.7374201291886493e-05
Top-1 accuracy,TFF,142,89.8,95.44349516766191,95.44347120832177,2.3959340140322638e-05,2.3959340140322638e-05
Top-1 accuracy,TFF,143,89.8,85.45598526357907,85.45595829875127,2.696482779640519e-05,2.696482779640519e-05
Top-1 accuracy,TFF,144,89.8,83.20360941770792,83.20358213013975,2.7287568173051113e-05,2.7287568173051113e-05
Top-1 accuracy,TFF,145,89.8,91.12008292574362,91.12004335015999,3.957558362799318e-05,3.957558362799318e-05
Top-1 accuracy,TFF,146,89.8,88.29388492560594,88.29383732694217,4.759866376957689e-05,4.759866376957689e-05
Top-1 accuracy,TFF,147,89.8,86.73634439737728,86.73630154860786,4.284876942506344e-05,4.284876942506344e-05
Top-1 accuracy,TFF,148,89.8,91.9251011718657,91.92506934189805,3.182996765360713e-05,3.182996765360713e-05
Top-1 accuracy,TFF,149,89.8,90.53142397569421,90.53140214131359,2.1834380618201976e-05,2.1834380618201976e-05
Top-1 accuracy,TFF,150,89.8,88.10780020523197,88.10776410778982,3.609744214827515e-05,3.609744214827515e-05
Top-1 accuracy,TFF,151,89.8,85.95910914690259,85.95908680398732,2.234291527258847e-05,2.234291527258847e-05
Top-1 accuracy,TFF,152,89.8,92.41739482029288,92.41737198484043,2.2835452455183258e-05,2.2835452455183258e-05
Top-1 accuracy,TFF,153,89.8,91.75063798216317,91.75060353387597,3.44482871952323e-05,3.44482871952323e-05
Top-1 accuracy,TFF,154,89.8,89.50249657032896,89.50247240866184,2.4161667113276053e-05,2.4161667113276053e-05
Top-1 accuracy,TFF,155,89.8,95.33995812205282,95.33991098814299,4.713390983113186e-05,4.713390983113186e-05
Top-1 accuracy,TFF,156,89.8,86.58979441655094,86.58974570102154,4.871552940244328e-05,4.871552940244328e-05
Top-1 accuracy,TFF,157,89.8,85.22345949432933,85.22342448722578,3.50071035484234e-05,3.50071035484234e-05
Top-1 accuracy,TFF,158,89.8,87.72431222997963,87.72427579035626,3.64396233720754e-05,3.64396233720754e-05
Top-1 accuracy,TFF,159,89.8,89.66327234640295,89.66324195093351,3.039546943739424e-05,3.039546943739424e-05
Top-1 accuracy,TFF,160,89.8,90.53006174499279,90.53001834796807,4.3397024725777555e-05,4.3397024725777555e-05
Top-1 accuracy,TFF,161,89.8,89.0763211929314,89.076291826431,2.9366500399419238e-05,2.9366500399419238e-05
Top-1 accuracy,TFF,162,89.8,90.85619580115474,90.85616618954289,2.9611611850555164e-05,2.9611611850555164e-05
Top-1 accuracy,TFF,163,89.8,86.04541297249858,86.04538172742866,3.1245069919805246e-05,3.1245069919805246e-05
Top-1 accuracy,TFF,164,89.8,94.1313289486259,94.13129381221978,3.5136406125957365e-05,3.5136406125957365e-05
Top-1 accuracy,TFF,165,89.8,89.55358272573253,89.55354646482229,3.6260910235341726e-05,3.6260910235341726e-05
Top-1 accuracy,TFF,166,89.8,93.15193014811959,93.15188749476438,4.2653355208699395e-05,4.2653355208699395e-05
Top-1 accuracy,TFF,167,89.8,90.82821498156358,90.82817603913311,3.894243046431711e-05,3.894243046431711e-05
Top-1 accuracy,TFF,168,89.8,91.17030015825492,91.17025965746134,4.0500793573983174e-05,4.0500793573983174e-05
Top-1 accuracy,TFF,169,89.8,91.50933283637087,91.50930184069661,3.099567426545491e-05,3.099567426545491e-05
Top-1 accuracy,TFF,170,89.8,91.14315570824883,91.14312568005194,3.0028196889020364e-05,3.0028196889020364e-05
Top-1 accuracy,TFF,171,89.8,91.72820374529927,91.72816827960263,3.5465696640812894e-05,3.5465696640812894e-05
Top-1 accuracy,TFF,172,89.8,93.78750592615003,93.7874575903973,4.833575273721635e-05,4.833575273721635e-05
Top-1 accuracy,TFF,173,89.8,90.38960173671396,90.3895635091044,3.8227609550745e-05,3.8227609550745e-05
Top-1 accuracy,TFF,174,89.8,91.92705437029788,91.92701127276554,4.309753234110758e-05,4.309753234110758e-05
Top-1 accuracy,TFF,175,89.8,89.53082045169603,89.53079291713831,2.7534557716535346e-05,2.7534557716535346e-05
Top-1 accuracy,TFF,176,89.8,94.12040105380795,94.12035164634841,4.940745954229442e-05,4.940745954229442e-05
Top-1 accuracy,TFF,177,89.8,87.77085344287755,87.77082309382219,3.034905536480892e-05,3.034905536480892e-05
Top-1 accuracy,TFF,178,89.8,95.20287864952198,95.20282129873245,5.7350789532506496e-05,5.7350789532506496e-05
Top-1 accuracy,TFF,179,89.8,89.67956903280883,89.67952614806697,4.2884741858983944e-05,4.2884741858983944e-05
Top-1 accuracy,TFF,180,89.8,85.50771246872446,85.50767469364585,3.777507861002505e-05,3.777507861002505e-05
Top-1 accuracy,TFF,181,89.8,90.18435063069916,90.18431324473237,3.738596679170314e-05,3.738596679170314e-05
Top-1 accuracy,TFF,182,89.8,87.7568880740875,87.75684502757535,4.3046512146815985e-05,4.3046512146815985e-05
Top-1 accuracy,TFF,183,89.8,92.32196605227787,92.32193064696617,3.54053117064268e-05,3.54053117064268e-05
Top-1 accuracy,TFF,184,89.8,87.84217523485854,87.84212806209283,4.717276571852835e-05,4.717276571852835e-05
Top-1 accuracy,TFF,185,89.8,88.46150440849419,88.46144970035566,5.470813853492018e-05,5.470813853492018e-05
Top-1 accuracy,TFF,186,89.8,84.13141373039821,84.1313778071634,3.592323480461346e-05,3.592323480461346e-05
Top-1 accuracy,TFF,187,89.8,88.44312431042732,88.44308104225277,4.326817455080345e-05,4.326817455080345e-05
Top-1 accuracy,TFF,188,89.8,82.52839873610766,82.52836202011312,3.671599453980434e-05,3.671599453980434e-05
Top-1 accuracy,TFF,189,89.8,85.04832270157775,85.04829152954282,3.1172034923088177e-05,3.1172034923088177e-05
Top-1 accuracy,TFF,190,89.8,92.08128442752354,92.08124396843289,4.045909065553133e-05,4.045909065553133e-05
Top-1 accuracy,TFF,191,89.8,92.15744664587555,92.1574004759525,4.6169923052730155e-05,4.6169923052730155e-05
Top-1 accuracy,TFF,192,89.8,91.07641391618122,91.0763726853549,4.123082632645492e-05,4.123082632645492e-05
Top-1 accuracy,TFF,193,89.8,86.8991084292912,86.89907157061236,3.685867883973515e-05,3.685867883973515e-05
Top-1 accuracy,TFF,194,89.8,89.65688939409063,89.65686593157406,2.3462516566041813e-05,2.3462516566041813e-05
Top-1 accuracy,TFF,195,89.8,89.78924362887594,89.78919238272829,5.124614764895341e-05,5.124614764895341e-05
Top-1 accuracy,TFF,196,89.8,86.32495573375151,86.32490593242237,4.980132914056412e-05,4.980132914056412e-05
Top-1 accuracy,TFF,197,89.8,94.31024192501303,94.31019490530144,4.701971158738161e-05,4.701971158738161e-05
Top-1 accuracy,TFF,198,89.8,92.43213145205358,92.43208687172701,4.458032657339572e-05,4.458032657339572e-05
Top-1 accuracy,TFF,199,89.8,89.13715581179196,89.13710747851101,4.8333280943779755e-05,4.8333280943779755e-05
Top-1 accuracy,TFF,200,89.8,89.88068336470832,89.88065751698359,2.5847724728578214e-05,2.5847724728578214e-05
Top-1 accuracy,TFF,201,89.8,90.42517999738618,90.42514842384266,3.157354352367747e-05,3.157354352367747e-05
Top-1 accuracy,TFF,202,89.8,83.67484608457593,83.67479539472713,5.068984880551852e-05,5.068984880551852e-05
Top-1 accuracy,TFF,203,89.8,89.05849950928811,89.05846785243821,3.1656849898809014e-05,3.1656849898809014e-05
Top-1 accuracy,TFF,204,89.8,87.7540809773664,87.7540472560066,3.372135979873292e-05,3.372135979873292e-05
Top-1 accuracy,TFF,205,89.8,86.79517823989512,86.79513997031525,3.8269579874850024e-05,3.8269579874850024e-05
Top-1 accuracy,TFF,206,89.8,88.9567353668713,88.95669912134213,3.6245529173584146e-05,3.6245529173584146e-05
Top-1 accuracy,TFF,207,89.8,95.19309763275778,95.19305958054856,3.805220922004082e-05,3.805220922004082e-05
Top-1 accuracy,TFF,208,89.8,91.72257452725373,91.72252858380102,4.594345270447775e-05,4.594345270447775e-05
Top-1 accuracy,TFF,209,89.8,88.08651535052238,88.0864630306516,5.23198707753636e-05,5.23198707753636e-05
Top-1 accuracy,TFF,210,89.8,91.51779920034417,91.51774834406848,5.085627569201279e-05,5.085627569201279e-05
Top-1 accuracy,TFF,211,89.8,93.99810579094833,93.998066309758,3.948119032770592e-05,3.948119032770592e-05
Top-1 accuracy,TFF,212,89.8,92.57393866643051,92.5739010487383,3.761769220034239e-05,3.761769220034239e-05
Top-1 accuracy,TFF,213,89.8,89.97893675814832,89.97889110976053,4.5648387796859424e-05,4.5648387796859424e-05
Top-1 accuracy,TFF,214,89.8,87.85922565553119,87.85918966688328,3.598864790888001e-05,3.598864790888001e-05
Top-1 accuracy,TFF,215,89.8,91.89470890344097,91.89466994084077,3.896260020042064e-05,3.896260020042064e-05
Top-1 accuracy,TFF,216,89.8,90.98049184035705,90.98045615626525,3.568409179877108e-05,3.568409179877108e-05
Top-1 accuracy,TFF,217,89.8,92.48561403168739,92.48557966008319,3.437160420105556e-05,3.437160420105556e-05
Top-1 accuracy,TFF,218,89.8,91.70555665988826,91.7055154050459,4.1254842358284805e-05,4.1254842358284805e-05
Top-1 accuracy,TFF,219,89.8,92.94869734715135,92.948658145958,3.920119334566152e-05,3.920119334566152e-05
Top-1 accuracy,TFF,220,89.8,88.1943519367828,88.1942943653183,5.7571464495254077e-05,5.7571464495254077e-05
Top-1 accuracy,TFF,221,89.8,93.75223817394652,93.75218219690298,5.597704354443067e-05,5.597704354443067e-05
Top-1 accuracy,TFF,222,89.8,90.39285205923315,90.3927988140772,5.324515595361845e-05,5.324515595361845e-05
Top-1 accuracy,TFF,223,89.8,96.02585129661674,96.02578261787579,6.867874094496074e-05,6.867874094496074e-05
Top-1 accuracy,TFF,224,89.8,87.73246808548423,87.73243654573129,3.153975293912481e-05,3.153975293912481e-05
Top-1 accuracy,TFF,225,89.8,95.00794944599104,95.00789140949574,5.803649530378152e-05,5.803649530378152e-05
Top-1 accuracy,TFF,226,89.8,90.39377106413649,90.39373235038794,3.8713748551799654e-05,3.8713748551799654e-05
Top-1 accuracy,TFF,227,89.8,87.84580117246082,87.84574598915665,5.518330416975914e-05,5.518330416975914e-05
Top-1 accuracy,TFF,228,89.8,88.34838417006469,88.34834249783704,4.167222765261158e-05,4.167222765261158e-05
Top-1 accuracy,TFF,229,89.8,88.8390025752212,88.83895807541704,4.449980416154631e-05,4.449980416154631e-05
Top-1 accuracy,TFF,230,89.8,91.07254007262407,91.07249783920575,4.223341831277594e-05,4.223341831277594e-05
Top-1 accuracy,TFF,231,89.8,91.36855981552279,91.3685064641065,5.335141628393103e-05,5.335141628393103e-05
Top-1 accuracy,TFF,232,89.8,88.0789679914524,88.07889998818426,6.800326814015989e-05,6.800326814015989e-05
Top-1 accuracy,TFF,233,89.8,89.7269966973029,89.72693622321705,6.047408584208824e-05,6.047408584208824e-05
Top-1 accuracy,TFF,234,89.8,96.22685043989074,96.22681107583558,3.9364055155033384e-05,3.9364055155033384e-05
Top-1 accuracy,TFF,235,89.8,94.9826930878027,94.98262951030213,6.357750056906752e-05,6.357750056906752e-05
Top-1 accuracy,TFF,236,89.8,91.10902231359631,91.1089710090221,5.130457421387291e-05,5.130457421387291e-05
Top-1 accuracy,TFF,237,89.8,89.91406302509407,89.9140104345046,5.259058946194273e-05,5.259058946194273e-05
Top-1 accuracy,TFF,238,89.8,90.16012846603965,90.16009398015478,3.448588486776316e-05,3.448588486776316e-05
Top-1 accuracy,TFF,239,89.8,91.64060279561627,91.64055391819124,4.887742503001391e-05,4.887742503001391e-05
Top-1 accuracy,TFF,240,89.8,86.73166673754227,86.73162230440478,4.443313748936362e-05,4.443313748936362e-05
Top-1 accuracy,TFF,241,89.8,89.0279094169196,89.02787038772996,3.902918963660795e-05,3.902918963660795e-05
Top-1 accuracy,TFF,242,89.8,84.79428170036746,84.79424777836724,3.3922000227448734e-05,3.3922000227448734e-05
Top-1 accuracy,TFF,243,89.8,90.9977225562696,90.99766936781583,5.31884537622318e-05,5.31884537622318e-05
Top-1 accuracy,TFF,244,89.8,91.74162822836962,91.74158781910822,4.040926140191914e-05,4.040926140191914e-05
Top-1 accuracy,TFF,245,89.8,88.35048511042955,88.35044061310188,4.44973276643168e-05,4.44973276643168e-05
Top-1 accuracy,TFF,246,89.8,94.52202372527285,94.5219602898701,6.343540275111081e-05,6.343540275111081e-05
Top-1 accuracy,TFF,247,89.8,86.12274210170878,86.12270301099298,3.909071580210366e-05,3.909071580210366e-05
Top-1 accuracy,TFF,248,89.8,85.4069324378254,85.40687535937053,5.707845487279428e-05,5.707845487279428e-05
Top-1 accuracy,TFF,249,89.8,90.47342900686198,90.47335545567991,7.35511820693091e-05,7.35511820693091e-05
Top-1 accuracy,TFF,250,89.8,92.9413453079246,92.94129490783646,5.040008814205521e-05,5.040008814205521e-05
Top-1 accuracy,TFF,251,89.8,94.85184882565149,94.8517830743736,6.575127788721602e-05,6.575127788721602e-05
Top-1 accuracy,TFF,252,89.8,88.42339951036293,88.42334721139318,5.229896974867643e-05,5.229896974867643e-05
Top-1 accuracy,TFF,253,89.8,93.03610047289058,93.03604250029389,5.797259669293453e-05,5.797259669293453e-05
Top-1 accuracy,TFF,254,89.8,89.68454217650921,89.68447459149787,6.758501133674599e-05,6.758501133674599e-05
Top-1 accuracy,TFF,255,89.8,89.28216326667697,89.28211810017754,4.5166499432980345e-05,4.5166499432980345e-05
Top-1 accuracy,TFF,256,89.8,92.4510374112368,92.45097981246002,5.759877677746772e-05,5.759877677746772e-05
Top-1 accuracy,TFF,257,89.8,91.75702093447549,91.75696863524026,5.2299235235864217e-05,5.2299235235864217e-05
Top-1 accuracy,TFF,258,89.8,85.07088715167046,85.07082352904725,6.362262321601975e-05,6.362262321601975e-05
Top-1 accuracy,TFF,259,89.8,94.22968000198753,94.22962104917768,5.8952809851575694e-05,5.8952809851575694e-05
Top-1 accuracy,TFF,260,89.8,93.94034119936708,93.94027406244236,6.713692472715138e-05,6.713692472715138e-05
Top-1 accuracy,TFF,261,89.8,87.92335817482146,87.92331189547141,4.627935004464234e-05,4.627935004464234e-05
Top-1 accuracy,TFF,262,89.8,90.98746576040014,90.98741060031223,5.516008791062177e-05,5.516008791062177e-05
Top-1 accuracy,TFF,263,89.8,91.28217335460852,91.28209055884821,8.27957603064533e-05,8.27957603064533e-05
Top-1 accuracy,TFF,264,89.8,90.58210196270747,90.58202129747171,8.066523575678275e-05,8.066523575678275e-05
Top-1 accuracy,TFF,265,89.8,88.14914040127908,88.14908453846374,5.586281534419868e-05,5.586281534419868e-05
Top-1 accuracy,TFF,266,89.8,87.78519693085126,87.78512989618584,6.70346654203513e-05,6.70346654203513e-05
Top-1 accuracy,TFF,267,89.8,89.72338578430393,89.72333778702566,4.799727827276001e-05,4.799727827276001e-05
Top-1 accuracy,TFF,268,89.8,93.31825250692084,93.31818705777809,6.544914275252722e-05,6.544914275252722e-05
Top-1 accuracy,TFF,269,89.8,91.43087185371023,91.4308004637833,7.138992693001e-05,7.138992693001e-05
Top-1 accuracy,TFF,270,89.8,88.68822066445848,88.68815700374168,6.366071680474761e-05,6.366071680474761e-05
Top-1 accuracy,TFF,271,89.8,92.11517242032176,92.11509613194504,7.628837671802557e-05,7.628837671802557e-05
Top-1 accuracy,TFF,272,89.8,81.25442255462178,81.25437213810977,5.041651201054265e-05,5.041651201054265e-05
Top-1 accuracy,TFF,273,89.8,93.24635727591297,93.24629710111631,6.017479665842984e-05,6.017479665842984e-05
Top-1 accuracy,TFF,274,89.8,84.58093984546245,84.5808586636657,8.118179675875581e-05,8.118179675875581e-05
Top-1 accuracy,TFF,275,89.8,88.71275584168725,88.7126771757906,7.866589665184165e-05,7.866589665184165e-05
Top-1 accuracy,TFF,276,89.8,86.44104583543815,86.44099031612157,5.551931657521436e-05,5.551931657521436e-05
Top-1 accuracy,TFF,277,89.8,85.91603110507094,85.91595557283728,7.553223366585371e-05,7.553223366585371e-05
Top-1 accuracy,TFF,278,89.8,93.28255905762315,93.28248036213556,7.869548758776546e-05,7.869548758776546e-05
Top-1 accuracy,TFF,279,89.8,88.39694368800919,88.39689639606432,4.7291944866856284e-05,4.7291944866856284e-05
Top-1 accuracy,TFF,280,89.8,90.83958860628016,90.83951164519215,7.696108801269474e-05,7.696108801269474e-05
Top-1 accuracy,TFF,281,89.8,89.6593008429242,89.65923826336244,6.257956175659274e-05,6.257956175659274e-05
Top-1 accuracy,TFF,282,89.8,91.23119988372989,91.23112248166936,7.740206052631038e-05,7.740206052631038e-05
Top-1 accuracy,TFF,283,89.8,90.03051622136104,90.03046567318076,5.0548180283271904e-05,5.0548180283271904e-05
Top-1 accuracy,TFF,284,89.8,85.95108350462681,85.95102332743429,6.0177192523269696e-05,6.0177192523269696e-05
Top-1 accuracy,TFF,285,89.8,92.78887062518734,92.78880045834141,7.016684592997535e-05,7.016684592997535e-05
Top-1 accuracy,TFF,286,89.8,88.3187957179178,88.31873025051605,6.546740173973831e-05,6.546740173973831e-05
Top-1 accuracy,TFF,287,89.8,85.13030945781853,85.13025430402074,5.515379778842089e-05,5.515379778842089e-05
Top-1 accuracy,TFF,288,89.8,88.51571067318812,88.51565451710226,5.615608586140297e-05,5.615608586140297e-05
Top-1 accuracy,TFF,289,89.8,94.30233147136272,94.30227937190293,5.209945979345321e-05,5.209945979345321e-05
Top-1 accuracy,TFF,290,89.8,92.35073315944302,92.35066522634048,6.79331025423835e-05,6.79331025423835e-05
Top-1 accuracy,TFF,291,89.8,88.75409353363382,88.75404359677643,4.993685739407283e-05,4.993685739407283e-05
Top-1 accuracy,TFF,292,89.8,88.75227305253102,88.75222688704471,4.616548631020123e-05,4.616548631020123e-05
Top-1 accuracy,TFF,293,89.8,88.83514626036794,88.83509484634784,5.1414020092011015e-05,5.1414020092011015e-05
Top-1 accuracy,TFF,294,89.8,96.03031360380407,96.03024395068252,6.9653121556712e-05,6.9653121556712e-05
Top-1 accuracy,TFF,295,89.8,90.9458651378954,90.94580635669466,5.8781200735325e-05,5.8781200735325e-05
Top-1 accuracy,TFF,296,89.8,91.09019898973136,91.09012494157321,7.404815815448273e-05,7.404815815448273e-05
Top-1 accuracy,TFF,297,89.8,92.89091522686621,92.89085036209552,6.486477069245211e-05,6.486477069245211e-05
Top-1 accuracy,TFF,298,89.8,90.51642441337535,90.51636747707954,5.693629580605375e-05,5.693629580605375e-05
Top-1 accuracy,TFF,299,89.8,89.02292124861589,89.02287356253788,4.768607800542668e-05,4.768607800542668e-05
Top-1 accuracy,TFF,300,89.8,89.21098921662869,89.21095045274507,3.876388362300531e-05,3.876388362300531e-05
Top-1 accuracy,TFF,301,89.8,89.37045284401235,89.37039244351561,6.040049673572412e-05,6.040049673572412e-05
Top-1 accuracy,TFF,302,89.8,89.57672061485212,89.57666658094095,5.4033911169426574e-05,5.4033911169426574e-05
Top-1 accuracy,TFF,303,89.8,94.16582543785876,94.16577726182187,4.817603688422878e-05,4.817603688422878e-05
Top-1 accuracy,TFF,304,89.8,90.11173171463116,90.1116753148438,5.6399787368377474e-05,5.6399787368377474e-05
Top-1 accuracy,TFF,305,89.8,94.19588966911093,94.19584046329348,4.920581744727315e-05,4.920581744727315e-05
Top-1 accuracy,TFF,306,89.8,89.3157733043137,89.3157005193485,7.278496519802502e-05,7.278496519802502e-05
Top-1 accuracy,TFF,307,89.8,90.27185392046053,90.27181114189653,4.2778563994261276e-05,4.2778563994261276e-05
Top-1 accuracy,TFF,308,89.8,77.8108485792806,77.81079589280735,5.268647325351594e-05,5.268647325351594e-05
Top-1 accuracy,TFF,309,89.8,95.2980119336716,95.29796604821489,4.5885456714245265e-05,4.5885456714245265e-05
Top-1 accuracy,TFF,310,89.8,91.87898565606197,91.87893085538795,5.480067402174882e-05,5.480067402174882e-05
Top-1 accuracy,TFF,311,89.8,95.78812200641565,95.7880606591579,6.134725774131766e-05,6.134725774131766e-05
Top-1 accuracy,TFF,312,89.8,72.42253377138704,72.42246773083787,6.60405491714755e-05,6.60405491714755e-05
Top-1 accuracy,TFF,313,89.8,100.00005669986788,100.0,5.669986788348069e-05,5.669986788348069e-05
Top-1 accuracy,TFF,314,89.8,88.96251232684953,88.96246223106895,5.0095780579795246e-05,5.0095780579795246e-05
Top-1 accuracy,TFF,315,89.8,96.44916949528209,96.44909690042509,7.259485700217283e-05,7.259485700217283e-05
Top-1 accuracy,TFF,316,89.8,83.56061152139986,83.56056443724681,4.708415305287872e-05,4.708415305287872e-05
Top-1 accuracy,TFF,317,89.8,93.47671699818343,93.47664343037542,7.356780801615059e-05,7.356780801615059e-05
Top-1 accuracy,TFF,318,89.8,83.4795562905652,83.47950662095806,4.9669607136593186e-05,4.9669607136593186e-05
Top-1 accuracy,TFF,319,89.8,86.05744267156032,86.05738623582516,5.6435735160675904e-05,5.6435735160675904e-05
Top-1 accuracy,TFF,320,89.8,100.00005669986788,100.0,5.669986788348069e-05,5.669986788348069e-05
Top-1 accuracy,TFF,321,89.8,88.65597285752318,88.65590559541992,6.726210325780357e-05,6.726210325780357e-05
Top-1 accuracy,TFF,322,89.8,91.10467269093388,91.10459723907833,7.545185555102307e-05,7.545185555102307e-05
Top-1 accuracy,TFF,323,89.8,95.02046994876139,95.02040638413253,6.356462886003555e-05,6.356462886003555e-05
Top-1 accuracy,TFF,324,89.8,92.77416654673385,92.77409132783562,7.521889823181027e-05,7.521889823181027e-05
Top-1 accuracy,TFF,325,89.8,90.70258926496703,90.70251343086146,7.583410557288062e-05,7.583410557288062e-05
Top-1 accuracy,TFF,326,89.8,91.9898421875906,91.98976601479735,7.617279324279025e-05,7.617279324279025e-05
Top-1 accuracy,TFF,327,89.8,100.00007172447121,100.0,7.17244712120646e-05,7.17244712120646e-05
Top-1 accuracy,TFF,328,89.8,89.45434522077477,89.45428721779848,5.800297628866247e-05,5.800297628866247e-05
Top-1 accuracy,TFF,329,89.8,91.00666720344873,91.0065942802898,7.292315892470924e-05,7.292315892470924e-05
Top-1 accuracy,TFF,330,89.8,96.10399926670812,96.10392637604566,7.289066245164122e-05,7.289066245164122e-05
Top-1 accuracy,TFF,331,89.8,96.43323339935598,96.4331555977479,7.78016080857924e-05,7.78016080857924e-05
Top-1 accuracy,TFF,332,89.8,96.92224667605734,96.92218183336227,6.484269506756846e-05,6.484269506756846e-05
Top-1 accuracy,TFF,333,89.8,93.63243949933931,93.6323813321751,5.816716421236379e-05,5.816716421236379e-05
Top-1 accuracy,TFF,334,89.8,82.94205110663431,82.9419705236171,8.05830172083688e-05,8.05830172083688e-05
Top-1 accuracy,TFF,335,89.8,99.60064765329278,99.60058919380657,5.845948621185926e-05,5.845948621185926e-05
Top-1 accuracy,TFF,336,89.8,82.92199826939733,82.92192764188786,7.062750947284258e-05,7.062750947284258e-05
Top-1 accuracy,TFF,337,89.8,91.6159048518515,91.6158127914342,9.206041730180914e-05,9.206041730180914e-05
Top-1 accuracy,TFF,338,89.8,85.2744304611074,85.27434489988384,8.556122355685147e-05,8.556122355685147e-05
Top-1 accuracy,TFF,339,89.8,89.41525621112575,89.41516992044204,8.629068371135418e-05,8.629068371135418e-05
Top-1 accuracy,TFF,340,89.8,91.7726615465362,91.77257446182088,8.708471531804207e-05,8.708471531804207e-05
Top-1 accuracy,TFF,341,89.8,91.72820374529927,91.72814329270163,6.0452597637095096e-05,6.0452597637095096e-05
Top-1 accuracy,TFF,342,89.8,92.33159932710937,92.33152452541171,7.480169766438394e-05,7.480169766438394e-05
Top-1 accuracy,TFF,343,89.8,99.48233891851524,99.48226761435188,7.130416335598966e-05,7.130416335598966e-05
Top-1 accuracy,TFF,344,89.8,92.52129245638176,92.52120580908388,8.664729787710712e-05,8.664729787710712e-05
Top-1 accuracy,TFF,345,89.8,88.33512495763088,88.33506018825611,6.476937477373212e-05,6.476937477373212e-05
Top-1 accuracy,TFF,346,89.8,95.58459372158202,95.58452300973013,7.071185189033713e-05,7.071185189033713e-05
Top-1 accuracy,TFF,347,89.8,96.93690067249975,96.93682293354784,7.773895190155145e-05,7.773895190155145e-05
Top-1 accuracy,TFF,348,89.8,82.43441483411235,82.43435310917805,6.172493429801307e-05,6.172493429801307e-05
Top-1 accuracy,TFF,349,89.8,93.38447094197264,93.38440041909915,7.052287348585651e-05,7.052287348585651e-05
Top-1 accuracy,TFF,350,89.8,94.00711554474188,94.00703645386538,7.909087649693447e-05,7.909087649693447e-05
Top-1 accuracy,TFF,351,89.8,88.01470275483278,88.01461897984005,8.3774992731378e-05,8.3774992731378e-05
Top-1 accuracy,TFF,352,89.8,98.05433050374747,98.05424087986971,8.962387775568459e-05,8.962387775568459e-05
Top-1 accuracy,TFF,353,89.8,88.89975706286401,88.89966647780484,9.058505916925697e-05,9.058505916925697e-05
Top-1 accuracy,TFF,354,89.8,90.55353017538553,90.55345872082925,7.145455627721731e-05,7.145455627721731e-05
Top-1 accuracy,TFF,355,89.8,88.76164339680435,88.76156905429679,7.4342507559777e-05,7.4342507559777e-05
Top-1 accuracy,TFF,356,89.8,89.89354943335513,89.89347428548881,7.514786632611958e-05,7.514786632611958e-05
Top-1 accuracy,TFF,357,89.8,83.22241521286898,83.22234947862879,6.573424019507002e-05,6.573424019507002e-05
Top-1 accuracy,TFF,358,89.8,81.1597825782813,81.15969470443423,8.787384706465673e-05,8.787384706465673e-05
Top-1 accuracy,TFF,359,89.8,99.3671052192181,99.36703037934983,7.483986827594435e-05,7.483986827594435e-05
Top-1 accuracy,TFF,360,89.8,84.71829977725534,84.71823191009003,6.786716531337333e-05,6.786716531337333e-05
Top-1 accuracy,TFF,361,89.8,83.85170569850871,83.85164590326215,5.979524655685964e-05,5.979524655685964e-05
Top-1 accuracy,TFF,362,89.8,76.87971130875283,76.8796593183777,5.1990375126820254e-05,5.1990375126820254e-05
Top-1 accuracy,TFF,363,89.8,85.96631344419664,85.96622951386298,8.393033365905467e-05,8.393033365905467e-05
Top-1 accuracy,TFF,364,89.8,81.86152670935246,81.86146123955501,6.546979744825876e-05,6.546979744825876e-05
Top-1 accuracy,TFF,365,89.8,99.65216200989109,99.65209096081821,7.104907287214246e-05,7.104907287214246e-05
Top-1 accuracy,TFF,366,89.8,95.85896801929135,95.85890253605581,6.548323554511626e-05,6.548323554511626e-05
Top-1 accuracy,TFF,367,89.8,85.67118015289408,85.67109792893365,8.222396043322533e-05,8.222396043322533e-05
Top-1 accuracy,TFF,368,89.8,100.00007172447121,100.0,7.17244712120646e-05,7.17244712120646e-05
Top-1 accuracy,TFF,369,89.8,95.69065740465018,95.69059292194956,6.448270062264783e-05,6.448270062264783e-05
Top-1 accuracy,TFF,370,89.8,87.8510698000266,87.85101169894827,5.810107832360245e-05,5.810107832360245e-05
Top-1 accuracy,TFF,371,89.8,74.80362038573732,74.80356571075856,5.467497875599747e-05,5.467497875599747e-05
Top-1 accuracy,TFF,372,89.8,100.00007172447121,100.0,7.17244712120646e-05,7.17244712120646e-05
Top-1 accuracy,TFF,373,89.8,81.46262849929039,81.46256519941842,6.329987196806997e-05,6.329987196806997e-05
Top-1 accuracy,TFF,374,89.8,79.92766994985833,79.92760751825864,6.243159968732925e-05,6.243159968732925e-05
Top-1 accuracy,TFF,375,89.8,95.93550835682703,95.93542259205783,8.576476919586185e-05,8.576476919586185e-05
Top-1 accuracy,TFF,376,89.8,100.00007172447121,100.0,7.17244712120646e-05,7.17244712120646e-05
Top-1 accuracy,TFF,377,89.8,98.10572967172028,98.1056369110631,9.276065718211157e-05,9.276065718211157e-05
Top-1 accuracy,TFF,378,89.8,93.18353690531305,93.18345472031416,8.218499888812403e-05,8.218499888812403e-05
Top-1 accuracy,TFF,379,89.8,93.36860245676151,93.36852604999171,7.640676979292493e-05,7.640676979292493e-05
Top-1 accuracy,TFF,380,89.8,94.92056134485514,94.92049335268185,6.799217329955809e-05,6.799217329955809e-05
Top-1 accuracy,TFF,381,89.8,100.00007172447121,100.0,7.17244712120646e-05,7.17244712120646e-05
Top-1 accuracy,TFF,382,89.8,99.87301867055885,99.87293033070544,8.833985340572781e-05,8.833985340572781e-05
Top-1 accuracy,TFF,383,89.8,100.00010678187897,100.0,0.00010678187896928648,0.00010678187896928648
Top-1 accuracy,TFF,384,89.8,99.83034879711752,99.83025149991256,9.729720495954552e-05,9.729720495954552e-05
Top-1 accuracy,TFF,385,89.8,100.00010678187897,100.0,0.00010678187896928648,0.00010678187896928648
Top-1 accuracy,TFF,386,89.8,100.00010678187897,100.0,0.00010678187896928648,0.00010678187896928648
Top-1 accuracy,TFF,387,89.8,100.00010678187897,100.0,0.00010678187896928648,0.00010678187896928648
Top-1 accuracy,TFF,388,89.8,100.00010678187897,100.0,0.00010678187896928648,0.00010678187896928648
Top-1 accuracy,TFF,389,89.8,100.00010678187897,100.0,0.00010678187896928648,0.00010678187896928648
Top-1 accuracy,TFF,390,89.8,100.00010678187897,100.0,0.00010678187896928648,0.00010678187896928648
Top-1 accuracy,TFF,391,89.8,78.39359785202241,78.39350925104146,8.860098094487512e-05,8.860098094487512e-05
Top-1 accuracy,TFF,392,89.8,79.39443175327156,79.39431668620313,0.0001150670684353372,0.0001150670684353372
Top-1 accuracy,TFF,393,89.8,77.85661852920788,77.85651296325469,0.00010556595319144435,0.00010556595319144435
Top-1 accuracy,TFF,394,89.8,78.77298411056718,78.77289372911797,9.038144921191815e-05,9.038144921191815e-05
Top-1 accuracy,TFF,395,89.8,78.660620110505,78.66050839215231,0.0001117183526844201,0.0001117183526844201
Top-1 accuracy,TFF,396,89.8,78.57093324506046,78.57084014029485,9.310476561097403e-05,9.310476561097403e-05
Top-1 accuracy,TFF,397,89.8,76.58799110650547,76.58789640866934,9.469783613269556e-05,9.469783613269556e-05
Top-1 accuracy,TFF,398,89.8,77.64343944083888,77.64335489329898,8.454753989894925e-05,8.454753989894925e-05
Top-1 accuracy,TFF,399,89.8,78.55486693590555,78.55476920337598,9.773252956790657e-05,9.773252956790657e-05
Top-1 accuracy,TFF,400,89.8,77.35877829805344,77.35866486675633,0.00011343129710894573,0.00011343129710894573
Top-1 accuracy,BrainLM,1,90.6,87.63111461555829,87.63111559028899,-9.747306961571667e-07,9.747306961571667e-07
Top-1 accuracy,BrainLM,2,90.6,93.42231541364629,93.42231356396464,1.8496816522883819e-06,1.8496816522883819e-06
Top-1 accuracy,BrainLM,3,90.6,87.65252968349668,87.65253781938506,-8.135888379001699e-06,8.135888379001699e-06
Top-1 accuracy,BrainLM,4,90.6,89.92609272415581,89.92610055000893,-7.825853117537918e-06,7.825853117537918e-06
Top-1 accuracy,BrainLM,5,90.6,92.25016848119161,92.25015629707364,1.2184117963442986e-05,1.2184117963442986e-05
Top-1 accuracy,BrainLM,6,90.6,87.69496917968705,87.69496663540909,2.5442779616469124e-06,2.5442779616469124e-06
Top-1 accuracy,BrainLM,7,90.6,90.91612894381582,90.91612651843788,2.425377942927298e-06,2.425377942927298e-06
Top-1 accuracy,BrainLM,8,90.6,86.59791771874833,86.59792351524538,-5.796497049459504e-06,5.796497049459504e-06
Top-1 accuracy,BrainLM,9,90.6,88.79589198008233,88.79589706814636,-5.088064028768713e-06,5.088064028768713e-06
Top-1 accuracy,BrainLM,10,90.6,91.5593522449384,91.5593458024276,6.442510795068301e-06,6.442510795068301e-06
Top-1 accuracy,BrainLM,11,90.6,85.82101050544624,85.82101879940498,-8.293958742910945e-06,8.293958742910945e-06
Top-1 accuracy,BrainLM,12,90.6,91.92142515225234,91.9214242138812,9.38371144343364e-07,9.38371144343364e-07
Top-1 accuracy,BrainLM,13,90.6,90.54108980383292,90.54108660321995,3.200612965770233e-06,3.200612965770233e-06
Top-1 accuracy,BrainLM,14,90.6,92.25747043840727,92.25746986325144,5.751558234123877e-07,5.751558234123877e-07
Top-1 accuracy,BrainLM,15,90.6,91.27175128810248,91.27174240219398,8.885908499678408e-06,8.885908499678408e-06
Top-1 accuracy,BrainLM,16,90.6,94.69241775157502,94.69242128992153,-3.5383465046834317e-06,3.5383465046834317e-06
Top-1 accuracy,BrainLM,17,90.6,90.97566643858937,90.97567350794371,-7.069354339250822e-06,7.069354339250822e-06
Top-1 accuracy,BrainLM,18,90.6,89.31180180083494,89.31178337662423,1.8424210708190003e-05,1.8424210708190003e-05
Top-1 accuracy,BrainLM,19,90.6,90.9668870620468,90.96689250909685,-5.447050057227898e-06,5.447050057227898e-06
Top-1 accuracy,BrainLM,20,90.6,92.22990029130698,92.22989408710916,6.2041978168281275e-06,6.2041978168281275e-06
Top-1 accuracy,BrainLM,21,90.6,90.7465712870987,90.7465802109771,-8.923878397126828e-06,8.923878397126828e-06
Top-1 accuracy,BrainLM,22,90.6,90.72179070801565,90.72177507361164,1.5634404007869307e-05,1.5634404007869307e-05
Top-1 accuracy,BrainLM,23,90.6,88.49404769929487,88.49402493657973,2.2762715133239908e-05,2.2762715133239908e-05
Top-1 accuracy,BrainLM,24,90.6,88.61131973644302,88.61129724734715,2.2489095869104858e-05,2.2489095869104858e-05
Top-1 accuracy,BrainLM,25,90.6,86.39219083362826,86.39218418460091,6.649027355365433e-06,6.649027355365433e-06
Top-1 accuracy,BrainLM,26,90.6,95.84876130543297,95.84873022956081,3.107587215822605e-05,3.107587215822605e-05
Top-1 accuracy,BrainLM,27,90.6,86.86843570160441,86.86841029382614,2.5407778267094727e-05,2.5407778267094727e-05
Top-1 accuracy,BrainLM,28,90.6,88.5212898092226,88.52128440661227,5.402610327109869e-06,5.402610327109869e-06
Top-1 accuracy,BrainLM,29,90.6,88.44479704959744,88.4447782032924,1.8846305039232902e-05,1.8846305039232902e-05
Top-1 accuracy,BrainLM,30,90.6,93.2848077399207,93.28477313083332,3.4609087379067205e-05,3.4609087379067205e-05
Top-1 accuracy,BrainLM,31,90.6,89.71516482218492,89.71515096512391,1.3857061006206095e-05,1.3857061006206095e-05
Top-1 accuracy,BrainLM,32,90.6,94.34326099491898,94.3432262180212,3.477689777753312e-05,3.477689777753312e-05
Top-1 accuracy,BrainLM,33,90.6,88.579547708613,88.57952812726839,1.9581344616881324e-05,1.9581344616881324e-05
Top-1 accuracy,BrainLM,34,90.6,91.43699187546437,91.4369824866714,9.388792975073557e-06,9.388792975073557e-06
Top-1 accuracy,BrainLM,35,90.6,88.09398257837461,88.09395884022072,2.373815388523326e-05,2.373815388523326e-05
Top-1 accuracy,BrainLM,36,90.6,97.03548210311234,97.03544738332016,3.4719792182613674e-05,3.4719792182613674e-05
Top-1 accuracy,BrainLM,37,90.6,87.0372371199542,87.03720474291146,3.237704274283715e-05,3.237704274283715e-05
Top-1 accuracy,BrainLM,38,90.6,91.52948333352947,91.52946213068108,2.1202848387247286e-05,2.1202848387247286e-05
Top-1 accuracy,BrainLM,39,90.6,92.50136983237358,92.50133064279629,3.918957729354133e-05,3.918957729354133e-05
Top-1 accuracy,BrainLM,40,90.6,91.84140661904706,91.84139729235449,9.326692577360518e-06,9.326692577360518e-06
Top-1 accuracy,BrainLM,41,90.6,90.04415355297849,90.04413702336687,1.6529611613691486e-05,1.6529611613691486e-05
Top-1 accuracy,BrainLM,42,90.6,90.21055854709803,90.21053790079972,2.0646298310111888e-05,2.0646298310111888e-05
Top-1 accuracy,BrainLM,43,90.6,90.73145653615435,90.73143441593733,2.212021702518996e-05,2.212021702518996e-05
Top-1 accuracy,BrainLM,44,90.6,90.15902916589641,90.15899399511453,3.517078188508549e-05,3.517078188508549e-05
Top-1 accuracy,BrainLM,45,90.6,93.49166647849123,93.49163735038472,2.9128106504572315e-05,2.9128106504572315e-05
Top-1 accuracy,BrainLM,46,90.6,97.2315882339037,97.23156900477404,1.9229129648579146e-05,1.9229129648579146e-05
Top-1 accuracy,BrainLM,47,90.6,88.92755758721529,88.9275246449765,3.29422387892464e-05,3.29422387892464e-05
Top-1 accuracy,BrainLM,48,90.6,86.49060699360427,86.49059106126276,1.5932341511870618e-05,1.5932341511870618e-05
Top-1 accuracy,BrainLM,49,90.6,90.33518262347295,90.33515385494623,2.876852671818142e-05,2.876852671818142e-05
Top-1 accuracy,BrainLM,50,90.6,98.33916192537059,98.33912801296295,3.391240764472059e-05,3.391240764472059e-05
Top-1 accuracy,BrainLM,51,90.6,88.18898564929543,88.1889762960908,9.353204632134293e-06,9.353204632134293e-06
Top-1 accuracy,BrainLM,52,90.6,95.51737615040915,95.51735041633219,2.573407695649621e-05,2.573407695649621e-05
Top-1 accuracy,BrainLM,53,90.6,95.6331382149232,95.63310244222932,3.5772693891544805e-05,3.5772693891544805e-05
Top-1 accuracy,BrainLM,54,90.6,88.93925674500389,88.93923527487601,2.147012787645508e-05,2.147012787645508e-05
Top-1 accuracy,BrainLM,55,90.6,92.306966489959,92.30694923755583,1.725240316829968e-05,1.725240316829968e-05
Top-1 accuracy,BrainLM,56,90.6,95.48521097879214,95.48518986938561,2.1109406532104913e-05,2.1109406532104913e-05
Top-1 accuracy,BrainLM,57,90.6,89.46263379360873,89.46261677703754,1.701657119212996e-05,1.701657119212996e-05
Top-1 accuracy,BrainLM,58,90.6,89.9892912139394,89.98925891969292,3.229424648054646e-05,3.229424648054646e-05
Top-1 accuracy,BrainLM,59,90.6,88.85498875315837,88.85495725815406,3.149500430765784e-05,3.149500430765784e-05
Top-1 accuracy,BrainLM,60,90.6,87.55575621348413,87.5557298079214,2.640556273547645e-05,2.640556273547645e-05
Top-1 accuracy,BrainLM,61,90.6,88.65218164928433,88.65216736480197,1.4284482361404116e-05,1.4284482361404116e-05
Top-1 accuracy,BrainLM,62,90.6,86.92820357362893,86.92817919971323,2.437391570708769e-05,2.437391570708769e-05
Top-1 accuracy,BrainLM,63,90.6,90.70227875649834,90.70225040477767,2.835172067250369e-05,2.835172067250369e-05
Top-1 accuracy,BrainLM,64,90.6,88.29010874197039,88.29008030682407,2.8435146319338855e-05,2.8435146319338855e-05
Top-1 accuracy,BrainLM,65,90.6,91.30138982226043,91.30135773537224,3.2086888197113694e-05,3.2086888197113694e-05
Top-1 accuracy,BrainLM,66,90.6,85.93234281608015,85.93231306138911,2.9754691041716796e-05,2.9754691041716796e-05
Top-1 accuracy,BrainLM,67,90.6,91.59266679870973,91.59264069664337,2.610206635722534e-05,2.610206635722534e-05
Top-1 accuracy,BrainLM,68,90.6,93.10061111136449,93.10058688482677,2.4226537718163854e-05,2.4226537718163854e-05
Top-1 accuracy,BrainLM,69,90.6,84.6188168704433,84.61879307228563,2.3798157670285036e-05,2.3798157670285036e-05
Top-1 accuracy,BrainLM,70,90.6,91.72218138346673,91.72216970954271,1.1673924021238236e-05,1.1673924021238236e-05
Top-1 accuracy,BrainLM,71,90.6,94.28303236839253,94.28300697741987,2.5390972652417076e-05,2.5390972652417076e-05
Top-1 accuracy,BrainLM,72,90.6,86.97108629561735,86.97107694392638,9.351690977155158e-06,9.351690977155158e-06
Top-1 accuracy,BrainLM,73,90.6,95.61774550881735,95.61771716051311,2.8348304240921607e-05,2.8348304240921607e-05
Top-1 accuracy,BrainLM,74,90.6,91.85709480901829,91.85705702809813,3.778092016659684e-05,3.778092016659684e-05
Top-1 accuracy,BrainLM,75,90.6,88.48498786349026,88.48496443272477,2.3430765494936168e-05,2.3430765494936168e-05
Top-1 accuracy,BrainLM,76,90.6,90.43271233185283,90.43269276702688,1.9564825947782083e-05,1.9564825947782083e-05
Top-1 accuracy,BrainLM,77,90.6,92.27501416688908,92.27498073756516,3.3429323920586285e-05,3.3429323920586285e-05
Top-1 accuracy,BrainLM,78,90.6,90.82803468632368,90.82801617423723,1.851208644154667e-05,1.851208644154667e-05
Top-1 accuracy,BrainLM,79,90.6,92.2163130417006,92.2162679773391,4.506436150109039e-05,4.506436150109039e-05
Top-1 accuracy,BrainLM,80,90.6,87.8380234361399,87.8379792207619,4.421537801135855e-05,4.421537801135855e-05
Top-1 accuracy,BrainLM,81,90.6,91.10811833329629,91.10808247210822,3.5861188067087824e-05,3.5861188067087824e-05
Top-1 accuracy,BrainLM,82,90.6,86.35887878395748,86.35885650928505,2.2274672431876752e-05,2.2274672431876752e-05
Top-1 accuracy,BrainLM,83,90.6,90.26633989104047,90.26632181595389,1.8075086586577527e-05,1.8075086586577527e-05
Top-1 accuracy,BrainLM,84,90.6,87.8883057752656,87.88827707560563,2.8699659964104285e-05,2.8699659964104285e-05
Top-1 accuracy,BrainLM,85,90.6,88.39344796363571,88.39341017223069,3.779140502047085e-05,3.779140502047085e-05
Top-1 accuracy,BrainLM,86,90.6,94.30830375118418,94.3082795256313,2.422555287751038e-05,2.422555287751038e-05
Top-1 accuracy,BrainLM,87,90.6,93.87395749367872,93.8739303617828,2.7131895919296767e-05,2.7131895919296767e-05
Top-1 accuracy,BrainLM,88,90.6,92.42743876761526,92.42741436272152,2.4404893736118538e-05,2.4404893736118538e-05
Top-1 accuracy,BrainLM,89,90.6,87.32308270230172,87.32306170598225,2.0996319463506552e-05,2.0996319463506552e-05
Top-1 accuracy,BrainLM,90,90.6,89.65081695024702,89.6507746509156,4.229933142596565e-05,4.229933142596565e-05
Top-1 accuracy,BrainLM,91,90.6,94.23933080552291,94.23929309993754,3.7705585370417793e-05,3.7705585370417793e-05
Top-1 accuracy,BrainLM,92,90.6,91.0251624901411,91.02515074091971,1.1749221386025965e-05,1.1749221386025965e-05
Top-1 accuracy,BrainLM,93,90.6,97.55800274932767,97.55798861994508,1.4129382591931972e-05,1.4129382591931972e-05
Top-1 accuracy,BrainLM,94,90.6,91.77998103245575,91.7799535181831,2.7514272645134952e-05,2.7514272645134952e-05
Top-1 accuracy,BrainLM,95,90.6,91.17617477815477,91.17614734947009,2.7428684688857174e-05,2.7428684688857174e-05
Top-1 accuracy,BrainLM,96,90.6,89.67266021938016,89.67265060739248,9.611987678681544e-06,9.611987678681544e-06
Top-1 accuracy,BrainLM,97,90.6,91.00064484161621,91.00062271434685,2.2127269360794344e-05,2.2127269360794344e-05
Top-1 accuracy,BrainLM,98,90.6,90.14261729086505,90.14259049085837,2.6800006679650323e-05,2.6800006679650323e-05
Top-1 accuracy,BrainLM,99,90.6,92.72435998671342,92.72432603006577,3.395664765548645e-05,3.395664765548645e-05
Top-1 accuracy,BrainLM,100,90.6,93.47013622192733,93.47010695038375,2.9271543581899095e-05,2.9271543581899095e-05
Top-1 accuracy,BrainLM,101,90.6,88.24207508514223,88.24203161847615,4.3466666085123506e-05,4.3466666085123506e-05
Top-1 accuracy,BrainLM,102,90.6,86.6063214802078,86.60630113932666,2.034088113589405e-05,2.034088113589405e-05
Top-1 accuracy,BrainLM,103,90.6,85.0914007434094,85.0913838806901,1.686271929202121e-05,1.686271929202121e-05
Top-1 accuracy,BrainLM,104,90.6,92.12401690347872,92.12397398073763,4.2922741087636496e-05,4.2922741087636496e-05
Top-1 accuracy,BrainLM,105,90.6,87.28993341916694,87.28990018147837,3.323768856944298e-05,3.323768856944298e-05
Top-1 accuracy,BrainLM,106,90.6,84.1413750424023,84.14132822114254,4.6821259758189626e-05,4.6821259758189626e-05
Top-1 accuracy,BrainLM,107,90.6,91.76578528641474,91.76573581359288,4.947282185696622e-05,4.947282185696622e-05
Top-1 accuracy,BrainLM,108,90.6,98.07904597621612,98.07899855229837,4.742391774925636e-05,4.742391774925636e-05
Top-1 accuracy,BrainLM,109,90.6,90.58182150344541,90.58178726538031,3.423806509772476e-05,3.423806509772476e-05
Top-1 accuracy,BrainLM,110,90.6,93.11549798915843,93.11547232335492,2.5665803505603435e-05,2.5665803505603435e-05
Top-1 accuracy,BrainLM,111,90.6,90.8455283327944,90.84548807564269,4.025715170996591e-05,4.025715170996591e-05
Top-1 accuracy,BrainLM,112,90.6,90.30336301773238,90.30333104042657,3.1977305809505197e-05,3.1977305809505197e-05
Top-1 accuracy,BrainLM,113,90.6,93.35726138535213,93.3572294489633,3.193638883658423e-05,3.193638883658423e-05
Top-1 accuracy,BrainLM,114,90.6,89.72921282629325,89.72917636743404,3.645885921343961e-05,3.645885921343961e-05
Top-1 accuracy,BrainLM,115,90.6,91.4022024064667,91.4021769422157,2.546425099581029e-05,2.546425099581029e-05
Top-1 accuracy,BrainLM,116,90.6,91.56512920491664,91.56509341858803,3.578632860978814e-05,3.578632860978814e-05
Top-1 accuracy,BrainLM,117,90.6,88.59577928840449,88.59572863907084,5.064933364451463e-05,5.064933364451463e-05
Top-1 accuracy,BrainLM,118,90.6,93.57616735168827,93.57612704860956,4.030307870550587e-05,4.030307870550587e-05
Top-1 accuracy,BrainLM,119,90.6,90.0751518137373,90.07512072991376,3.108382354355399e-05,3.108382354355399e-05
Top-1 accuracy,BrainLM,120,90.6,88.33281116871893,88.33276452152145,4.664719747893287e-05,4.664719747893287e-05
Top-1 accuracy,BrainLM,121,90.6,92.20956699480794,92.20952953071121,3.746409673510698e-05,3.746409673510698e-05
Top-1 accuracy,BrainLM,122,90.6,87.90463501497868,87.90459605462688,3.896035180162016e-05,3.896035180162016e-05
Top-1 accuracy,BrainLM,123,90.6,90.68458728608384,90.68454347210738,4.381397646113783e-05,4.381397646113783e-05
Top-1 accuracy,BrainLM,124,90.6,90.57268153642306,90.57264301006738,3.8526355680801316e-05,3.8526355680801316e-05
Top-1 accuracy,BrainLM,125,90.6,93.85772841798779,93.85768669749473,4.172049305850578e-05,4.172049305850578e-05
Top-1 accuracy,BrainLM,126,90.6,92.02415838158356,92.02409469863986,6.36829437041797e-05,6.36829437041797e-05
Top-1 accuracy,BrainLM,127,90.6,90.52495838806361,90.52491912376456,3.9264299047658824e-05,3.9264299047658824e-05
Top-1 accuracy,BrainLM,128,90.6,93.05334871750699,93.05329889760085,4.981990613828202e-05,4.981990613828202e-05
Top-1 accuracy,BrainLM,129,90.6,94.7706809102919,94.77062264705194,5.8263239964162494e-05,5.8263239964162494e-05
Top-1 accuracy,BrainLM,130,90.6,92.27347164094778,92.27343091905558,4.0721892190731523e-05,4.0721892190731523e-05
Top-1 accuracy,BrainLM,131,90.6,90.63108717774615,90.63105785953013,2.9318216022033994e-05,2.9318216022033994e-05
Top-1 accuracy,BrainLM,132,90.6,86.66451427298381,86.66449130294951,2.2970034294189645e-05,2.2970034294189645e-05
Top-1 accuracy,BrainLM,133,90.6,87.40469384345937,87.40465901077388,3.483268548620799e-05,3.483268548620799e-05
Top-1 accuracy,BrainLM,134,90.6,89.68437690587265,89.684325886936,5.101893665937496e-05,5.101893665937496e-05
Top-1 accuracy,BrainLM,135,90.6,88.77148952018294,88.77146339352214,2.6126660799263846e-05,2.6126660799263846e-05
Top-1 accuracy,BrainLM,136,90.6,90.03914785597091,90.03908609104366,6.176492725273874e-05,6.176492725273874e-05
Top-1 accuracy,BrainLM,137,90.6,90.76998963548036,90.76994977469131,3.98607890446101e-05,3.98607890446101e-05
Top-1 accuracy,BrainLM,138,90.6,92.18911850968341,92.18907826307019,4.024661322432621e-05,4.024661322432621e-05
Top-1 accuracy,BrainLM,139,90.6,90.38853498987794,90.38850366582272,3.132405521455439e-05,3.132405521455439e-05
Top-1 accuracy,BrainLM,140,90.6,92.05955634701589,92.0595049314786,5.1415537285492974e-05,5.1415537285492974e-05
Top-1 accuracy,BrainLM,141,90.6,90.79347309047643,90.79342324443036,4.9846046067614225e-05,4.9846046067614225e-05
Top-1 accuracy,BrainLM,142,90.6,84.67362912747132,84.67360030093838,2.88265329402293e-05,2.88265329402293e-05
Top-1 accuracy,BrainLM,143,90.6,87.78202924365036,87.78199381854373,3.542510663123721e-05,3.542510663123721e-05
Top-1 accuracy,BrainLM,144,90.6,90.16777598913177,90.16773733283515,3.865629662413994e-05,3.865629662413994e-05
Top-1 accuracy,BrainLM,145,90.6,86.97095357828799,86.97091577147667,3.78068113207064e-05,3.78068113207064e-05
Top-1 accuracy,BrainLM,146,90.6,92.39983606720776,92.3997861899886,4.9877219154836894e-05,4.9877219154836894e-05
Top-1 accuracy,BrainLM,147,90.6,95.19229381647993,95.19225249703109,4.131944884022687e-05,4.131944884022687e-05
Top-1 accuracy,BrainLM,148,90.6,94.25634867288835,94.25628555509195,6.311779640100212e-05,6.311779640100212e-05
Top-1 accuracy,BrainLM,149,90.6,89.95971778639584,89.95967138720937,4.639918647342256e-05,4.639918647342256e-05
Top-1 accuracy,BrainLM,150,90.6,95.07222970721398,95.07217841054985,5.129666412528877e-05,5.129666412528877e-05
Top-1 accuracy,BrainLM,151,90.6,91.04605169696313,91.04600237160633,4.9325356798135545e-05,4.9325356798135545e-05
Top-1 accuracy,BrainLM,152,90.6,89.58880039592495,89.58874208664588,5.83092790691353e-05,5.83092790691353e-05
Top-1 accuracy,BrainLM,153,90.6,88.75983794030486,88.75979200937718,4.593092768345741e-05,4.593092768345741e-05
Top-1 accuracy,BrainLM,154,90.6,89.69263292539941,89.69259094053561,4.1984863798916194e-05,4.1984863798916194e-05
Top-1 accuracy,BrainLM,155,90.6,89.4355068723065,89.4354695443763,3.7327930201058734e-05,3.7327930201058734e-05
Top-1 accuracy,BrainLM,156,90.6,91.1113185738044,91.11124866712646,6.990667793616012e-05,6.990667793616012e-05
Top-1 accuracy,BrainLM,157,90.6,91.08178020366859,91.08172194314959,5.826051899759932e-05,5.826051899759932e-05
Top-1 accuracy,BrainLM,158,90.6,90.6092113553058,90.60913806046024,7.329484556350963e-05,7.329484556350963e-05
Top-1 accuracy,BrainLM,159,90.6,91.91087287251749,91.91081450923905,5.8363278441220245e-05,5.8363278441220245e-05
Top-1 accuracy,BrainLM,160,90.6,94.171995541624,94.17193882435902,5.67172649823533e-05,5.67172649823533e-05
Top-1 accuracy,BrainLM,161,90.6,93.44873617859227,93.44866240632396,7.3772268308403e-05,7.3772268308403e-05
Top-1 accuracy,BrainLM,162,90.6,86.1453716584159,86.14530609465028,6.556376561661637e-05,6.556376561661637e-05
Top-1 accuracy,BrainLM,163,90.6,82.93827742709934,82.93823659529413,4.0831805208085825e-05,4.0831805208085825e-05
Top-1 accuracy,BrainLM,164,90.6,93.40301631067607,93.40295973371782,5.6576958243681474e-05,5.6576958243681474e-05
Top-1 accuracy,BrainLM,165,90.6,86.4994214275546,86.49936390475374,5.7522800858578194e-05,5.7522800858578194e-05
Top-1 accuracy,BrainLM,166,90.6,89.92576468698323,89.92570379432195,6.0892661281286564e-05,6.0892661281286564e-05
Top-1 accuracy,BrainLM,167,90.6,87.08972056346693,87.08966092182192,5.964164500937841e-05,5.964164500937841e-05
Top-1 accuracy,BrainLM,168,90.6,85.19411644403675,85.19405868725994,5.775677681185698e-05,5.775677681185698e-05
Top-1 accuracy,BrainLM,169,90.6,92.22445136850132,92.22438818461436,6.318388696513466e-05,6.318388696513466e-05
Top-1 accuracy,BrainLM,170,90.6,92.87752329710304,92.87746548090793,5.781619510969449e-05,5.781619510969449e-05
Top-1 accuracy,BrainLM,171,90.6,88.87052920119692,88.87046879781984,6.0403377077022924e-05,6.0403377077022924e-05
Top-1 accuracy,BrainLM,172,90.6,82.8269300918621,82.82687312356526,5.696829683188298e-05,5.696829683188298e-05
Top-1 accuracy,BrainLM,173,90.6,88.96131286268414,88.96126665524254,4.6207441599221966e-05,4.6207441599221966e-05
Top-1 accuracy,BrainLM,174,90.6,91.77546613915676,91.77541201620764,5.412294912332527e-05,5.412294912332527e-05
Top-1 accuracy,BrainLM,175,90.6,86.16332605938857,86.16326529367761,6.0765710955479335e-05,6.0765710955479335e-05
Top-1 accuracy,BrainLM,176,90.6,91.15014715699579,91.15007975933746,6.739765832719513e-05,6.739765832719513e-05
Top-1 accuracy,BrainLM,177,90.6,90.55412114311629,90.55407045248101,5.0690635276851026e-05,5.0690635276851026e-05
Top-1 accuracy,BrainLM,178,90.6,92.33793219741062,92.33787449880326,5.769860736393184e-05,5.769860736393184e-05
Top-1 accuracy,BrainLM,179,90.6,90.95881384186049,90.95874110524245,7.273661803708364e-05,7.273661803708364e-05
Top-1 accuracy,BrainLM,180,90.6,87.68085606896432,87.68079317735533,6.28916089908671e-05,6.28916089908671e-05
Top-1 accuracy,BrainLM,181,90.6,94.1897846719601,94.18971450499347,7.016696662276445e-05,7.016696662276445e-05
Top-1 accuracy,BrainLM,182,90.6,90.12446757004915,90.12441128091909,5.6289130057507464e-05,5.6289130057507464e-05
Top-1 accuracy,BrainLM,183,90.6,90.51814723455654,90.5180863814702,6.0853086338852336e-05,6.0853086338852336e-05
Top-1 accuracy,BrainLM,184,90.6,87.80026159978453,87.8001961227804,6.54770041279562e-05,6.54770041279562e-05
Top-1 accuracy,BrainLM,185,90.6,89.27021620293351,89.27015324642547,6.295650804588604e-05,6.295650804588604e-05
Top-1 accuracy,BrainLM,186,90.6,87.94564466975267,87.9455918579193,5.2811833370469685e-05,5.2811833370469685e-05
Top-1 accuracy,BrainLM,187,90.6,90.0812417862848,90.08116182022972,7.996605508253651e-05,7.996605508253651e-05
Top-1 accuracy,BrainLM,188,90.6,95.73518031250151,95.73512544042703,5.4872074485956546e-05,5.4872074485956546e-05
Top-1 accuracy,BrainLM,189,90.6,86.48437178322465,86.48429657120593,7.521201871441008e-05,7.521201871441008e-05
Top-1 accuracy,BrainLM,190,90.6,85.75938959901171,85.75931580636977,7.379264194184998e-05,7.379264194184998e-05
Top-1 accuracy,BrainLM,191,90.6,95.01357866403659,95.01351098248082,6.768155576253321e-05,6.768155576253321e-05
Top-1 accuracy,BrainLM,192,90.6,89.97209305133406,89.9720289685444,6.408278966318903e-05,6.408278966318903e-05
Top-1 accuracy,BrainLM,193,90.6,88.59287453176177,88.59278178402025,9.274774151890597e-05,9.274774151890597e-05
Top-1 accuracy,BrainLM,194,90.6,93.71979504716802,93.71971406218822,8.098497980313368e-05,8.098497980313368e-05
Top-1 accuracy,BrainLM,195,90.6,88.78322373537931,88.7831533807894,7.035458990856114e-05,7.035458990856114e-05
Top-1 accuracy,BrainLM,196,90.6,96.07810185877793,96.07802914064081,7.271813711895447e-05,7.271813711895447e-05
Top-1 accuracy,BrainLM,197,90.6,92.63385428038771,92.6337776140178,7.666636990677489e-05,7.666636990677489e-05
Top-1 accuracy,BrainLM,198,90.6,89.13633697091078,89.13626577556289,7.119534788557758e-05,7.119534788557758e-05
Top-1 accuracy,BrainLM,199,90.6,97.07199188919066,97.0719246397965,6.724939414937126e-05,6.724939414937126e-05
Top-1 accuracy,BrainLM,200,90.6,88.78292825151392,88.78285523098998,7.302052394209113e-05,7.302052394209113e-05
Top-1 accuracy,BrainLM,201,90.6,92.82635450638121,92.82628611602792,6.839035329164744e-05,6.839035329164744e-05
Top-1 accuracy,BrainLM,202,90.6,91.49795921165429,91.49787774121947,8.147043482154004e-05,8.147043482154004e-05
Top-1 accuracy,BrainLM,203,90.6,94.50530134177279,94.5052238681964,7.747357639686925e-05,7.747357639686925e-05
Top-1 accuracy,BrainLM,204,90.6,95.28460497930513,95.28453359018056,7.138912457094193e-05,7.138912457094193e-05
Top-1 accuracy,BrainLM,205,90.6,90.69609112402924,90.69601244719729,7.867683194717756e-05,7.867683194717756e-05
Top-1 accuracy,BrainLM,206,90.6,88.33983517077309,88.33974638896144,8.878181164106991e-05,8.878181164106991e-05
Top-1 accuracy,BrainLM,207,90.6,91.979996064212,91.97991642881735,7.96353946554973e-05,7.96353946554973e-05
Top-1 accuracy,BrainLM,208,90.6,88.56692704182049,88.56685389074367,7.315107681904465e-05,7.315107681904465e-05
Top-1 accuracy,BrainLM,209,90.6,96.64025490446252,96.64016174257986,9.316188265984238e-05,9.316188265984238e-05
Top-1 accuracy,BrainLM,210,90.6,91.00970217332028,91.0096059932482,9.618007207734536e-05,9.618007207734536e-05
Top-1 accuracy,BrainLM,211,90.6,89.50410420288466,89.50403534606367,6.885682098811685e-05,6.885682098811685e-05
Top-1 accuracy,BrainLM,212,90.6,91.15411866047452,91.15404091759471,7.774287981021644e-05,7.774287981021644e-05
Top-1 accuracy,BrainLM,213,90.6,86.55871352047384,86.5586211314109,9.238906294228855e-05,9.238906294228855e-05
Top-1 accuracy,BrainLM,214,90.6,87.68523824493394,87.68515788446804,8.036046590120804e-05,8.036046590120804e-05
Top-1 accuracy,BrainLM,215,90.6,94.20130603860937,94.20124172383328,6.431477609680769e-05,6.431477609680769e-05
Top-1 accuracy,BrainLM,216,90.6,88.6294043506445,88.6293171630858,8.71875587051818e-05,8.71875587051818e-05
Top-1 accuracy,BrainLM,217,90.6,87.45935835855471,87.45926705195417,9.130660053813244e-05,9.130660053813244e-05
Top-1 accuracy,BrainLM,218,90.6,92.21004277391322,92.20995825758185,8.451633136985492e-05,8.451633136985492e-05
Top-1 accuracy,BrainLM,219,90.6,94.1571938032489,94.15711246398898,8.133925992126478e-05,8.133925992126478e-05
Top-1 accuracy,BrainLM,220,90.6,92.7569358308213,92.7568599319952,7.589882611114263e-05,7.589882611114263e-05
Top-1 accuracy,BrainLM,221,90.6,93.58822960405723,93.58814305741744,8.654663979257293e-05,8.654663979257293e-05
Top-1 accuracy,BrainLM,222,90.6,88.32967603482524,88.32961473429161,6.130053363051502e-05,6.130053363051502e-05
Top-1 accuracy,BrainLM,223,90.6,86.3346390905941,86.33456799977446,7.10908196310811e-05,7.10908196310811e-05
Top-1 accuracy,BrainLM,224,90.6,95.10406684165842,95.10400095586645,6.588579196886712e-05,6.588579196886712e-05
Top-1 accuracy,BrainLM,225,90.6,89.63204370839316,89.63196048347359,8.322491956391787e-05,8.322491956391787e-05
Top-1 accuracy,BrainLM,226,90.6,89.84758416358464,89.84750095063485,8.321294978941296e-05,8.321294978941296e-05
Top-1 accuracy,BrainLM,227,90.6,94.58468132933677,94.58458242554717,9.890378960619728e-05,9.890378960619728e-05
Top-1 accuracy,BrainLM,228,90.6,92.26877895650945,92.26869002820197,8.892830747697644e-05,8.892830747697644e-05
Top-1 accuracy,BrainLM,229,90.6,91.96773598789929,91.96766331624482,7.26716544647843e-05,7.26716544647843e-05
Top-1 accuracy,BrainLM,230,90.6,97.09508470450028,97.09500703470324,7.766979703660581e-05,7.766979703660581e-05
Top-1 accuracy,BrainLM,231,90.6,88.66951252921903,88.66944530885957,6.722035946893357e-05,6.722035946893357e-05
Top-1 accuracy,BrainLM,232,90.6,93.38360201908037,93.38352038424371,8.163483666123739e-05,8.163483666123739e-05
Top-1 accuracy,BrainLM,233,90.6,90.77112148893079,90.77103937469124,8.211423954662678e-05,8.211423954662678e-05
Top-1 accuracy,BrainLM,234,90.6,91.40586089737619,91.40577683658977,8.406078642053672e-05,8.406078642053672e-05
Top-1 accuracy,BrainLM,235,90.6,95.18548266297286,95.18540527923759,7.738373527388376e-05,7.738373527388376e-05
Top-1 accuracy,BrainLM,236,90.6,92.12359120638453,92.12350726886886,8.393751566870833e-05,8.393751566870833e-05
Top-1 accuracy,BrainLM,237,90.6,92.2149658356025,92.2148882371489,7.759845360055806e-05,7.759845360055806e-05
Top-1 accuracy,BrainLM,238,90.6,93.81762023941326,93.8175220119294,9.822748386056901e-05,9.822748386056901e-05
Top-1 accuracy,BrainLM,239,90.6,89.50521852763123,89.50514181137135,7.671625988336928e-05,7.671625988336928e-05
Top-1 accuracy,BrainLM,240,90.6,88.082446187122,88.08237099798298,7.518913902515578e-05,7.518913902515578e-05
Top-1 accuracy,BrainLM,241,90.6,87.46564365094542,87.4655724179369,7.123300852640568e-05,7.123300852640568e-05
Top-1 accuracy,BrainLM,242,90.6,84.70100145062784,84.700930231872,7.121875584914505e-05,7.121875584914505e-05
Top-1 accuracy,BrainLM,243,90.6,96.76870524648405,96.76862138982096,8.385666308186046e-05,8.385666308186046e-05
Top-1 accuracy,BrainLM,244,90.6,87.29045677618275,87.29037490283494,8.187334780984656e-05,8.187334780984656e-05
Top-1 accuracy,BrainLM,245,90.6,89.93631696671807,89.93623912924268,7.783747538780972e-05,7.783747538780972e-05
Top-1 accuracy,BrainLM,246,90.6,89.76963151333646,89.76956010033324,7.141300322643929e-05,7.141300322643929e-05
Top-1 accuracy,BrainLM,247,90.6,91.5222965649393,91.5222200934273,7.647151200274038e-05,7.647151200274038e-05
Top-1 accuracy,BrainLM,248,90.6,93.04729380236725,93.04721163761789,8.216474935807128e-05,8.216474935807128e-05
Top-1 accuracy,BrainLM,249,90.6,93.18151860026646,93.18142046507923,9.813518722978642e-05,9.813518722978642e-05
Top-1 accuracy,BrainLM,250,90.6,88.85085197904304,88.85076768429317,8.429474986826335e-05,8.429474986826335e-05
Top-1 accuracy,BrainLM,251,90.6,90.09873543275555,90.09863485864076,0.00010057411478214817,0.00010057411478214817
Top-1 accuracy,BrainLM,252,90.6,91.4478396390646,91.44773985146489,9.978759970863393e-05,9.978759970863393e-05
Top-1 accuracy,BrainLM,253,90.6,89.85399966920417,89.85392662144935,7.304775482452897e-05,7.304775482452897e-05
Top-1 accuracy,BrainLM,254,90.6,95.42212767763404,95.42203672805996,9.094957407285165e-05,9.094957407285165e-05
Top-1 accuracy,BrainLM,255,90.6,92.07302840799677,92.07292485491475,0.00010355308202747437,0.00010355308202747437
Top-1 accuracy,BrainLM,256,90.6,92.80470655709128,92.80463335814945,7.319894183410725e-05,7.319894183410725e-05
Top-1 accuracy,BrainLM,257,90.6,92.58872538020228,92.58864380600224,8.157420003840343e-05,8.157420003840343e-05
Top-1 accuracy,BrainLM,258,90.6,94.12051624243344,94.12042157245597,9.466997747153982e-05,9.466997747153982e-05
Top-1 accuracy,BrainLM,259,90.6,91.14315570824883,91.14306467611111,9.10321377176615e-05,9.10321377176615e-05
Top-1 accuracy,BrainLM,260,90.6,86.70959559525872,86.70950415613245,9.14391262654135e-05,9.14391262654135e-05
Top-1 accuracy,BrainLM,261,90.6,91.79916494680047,91.79906385525791,0.00010109154256099373,0.00010109154256099373
Top-1 accuracy,BrainLM,262,90.6,88.6460115455191,88.64592931862451,8.222689459103094e-05,8.222689459103094e-05
Top-1 accuracy,BrainLM,263,90.6,89.01423953199493,89.01414995475072,8.957724421065905e-05,8.957724421065905e-05
Top-1 accuracy,BrainLM,264,90.6,92.35916947420966,92.35909205626527,7.741794439652949e-05,7.741794439652949e-05
Top-1 accuracy,BrainLM,265,90.6,94.31493460945136,94.3148492143009,8.539515044958534e-05,8.539515044958534e-05
Top-1 accuracy,BrainLM,266,90.6,90.663893399105,90.66381473020817,7.866889683327827e-05,7.866889683327827e-05
Top-1 accuracy,BrainLM,267,90.6,91.52657857688675,91.52649903779688,7.953908986735314e-05,7.953908986735314e-05
Top-1 accuracy,BrainLM,268,90.6,95.70672371380508,95.70664483390571,7.887989936250506e-05,7.887989936250506e-05
Top-1 accuracy,BrainLM,269,90.6,91.32234663979744,91.3222595384657,8.71013317436109e-05,8.71013317436109e-05
Top-1 accuracy,BrainLM,270,90.6,98.40514998317141,98.40504934254118,0.00010064063023662584,0.00010064063023662584
Top-1 accuracy,BrainLM,271,90.6,92.29660953006737,92.29652893689463,8.059317273989564e-05,8.059317273989564e-05
Top-1 accuracy,BrainLM,272,90.6,85.3177889622011,85.31771172253254,7.723966857042797e-05,7.723966857042797e-05
Top-1 accuracy,BrainLM,273,90.6,92.86012731055393,92.8600248633136,0.00010244724033725561,0.00010244724033725561
Top-1 accuracy,BrainLM,274,90.6,91.74356389809793,91.74347515464832,8.874344960929648e-05,8.874344960929648e-05
Top-1 accuracy,BrainLM,275,90.6,94.4693449619169,94.46925826224823,8.669966867103085e-05,8.669966867103085e-05
Top-1 accuracy,BrainLM,276,90.6,92.61962598103949,92.61954405380988,8.192722961553045e-05,8.192722961553045e-05
Top-1 accuracy,BrainLM,277,90.6,90.18471122117893,90.18463204804867,7.91731302598464e-05,7.91731302598464e-05
Top-1 accuracy,BrainLM,278,90.6,86.92718690880398,86.9271052911319,8.161767208036963e-05,8.161767208036963e-05
Top-1 accuracy,BrainLM,279,90.6,89.9730120562374,89.97293022814192,8.182809547463421e-05,8.182809547463421e-05
Top-1 accuracy,BrainLM,280,90.6,88.0485256410166,88.0484386373721,8.700364449509834e-05,8.700364449509834e-05
Top-1 accuracy,BrainLM,281,90.6,88.85851703083905,88.85842965058583,8.738025321974874e-05,8.738025321974874e-05
Top-1 accuracy,BrainLM,282,90.6,92.36583288578404,92.36573521326183,9.767252221593026e-05,9.767252221593026e-05
Top-1 accuracy,BrainLM,283,90.6,95.60980250185983,95.60971351305422,8.89888056150312e-05,8.89888056150312e-05
Top-1 accuracy,BrainLM,284,90.6,91.78411530247052,91.78401458946894,0.00010071300158642771,0.00010071300158642771
Top-1 accuracy,BrainLM,285,90.6,87.01245654087113,87.01235081389444,0.00010572697668465025,0.00010572697668465025
Top-1 accuracy,BrainLM,286,90.6,91.93389807711215,91.93380800466042,9.007245172654166e-05,9.007245172654166e-05
Top-1 accuracy,BrainLM,287,90.6,94.18998249590388,94.18989445993695,8.803596692530391e-05,8.803596692530391e-05
Top-1 accuracy,BrainLM,288,90.6,88.77075081051949,88.77065128704184,9.952347764397018e-05,9.952347764397018e-05
Top-1 accuracy,BrainLM,289,90.6,90.19803804432769,90.19794849998124,8.954434645147558e-05,8.954434645147558e-05
Top-1 accuracy,BrainLM,290,90.6,90.64415107033673,90.64406458418759,8.648614914363861e-05,8.648614914363861e-05
Top-1 accuracy,BrainLM,291,90.6,88.24540553887915,88.24530506075328,0.00010047812587288263,0.00010047812587288263
Top-1 accuracy,BrainLM,292,90.6,92.54494118201438,92.54484130153158,9.988048280717976e-05,9.988048280717976e-05
Top-1 accuracy,BrainLM,293,90.6,90.23724224260219,90.23715555417665,8.66884255401601e-05,8.66884255401601e-05
Top-1 accuracy,BrainLM,294,90.6,91.8586874169707,91.85859733172107,9.008524962439424e-05,9.008524962439424e-05
Top-1 accuracy,BrainLM,295,90.6,87.93760400287356,87.93752346659369,8.053627986726042e-05,8.053627986726042e-05
Top-1 accuracy,BrainLM,296,90.6,89.28772737810812,89.28762509902977,0.00010227907834803318,0.00010227907834803318
Top-1 accuracy,BrainLM,297,90.6,92.76722517999798,92.76714407348331,8.11065146706369e-05,8.11065146706369e-05
Top-1 accuracy,BrainLM,298,90.6,89.48160485940636,89.48150054372469,0.00010431568166779925,0.00010431568166779925
Top-1 accuracy,BrainLM,299,90.6,95.78100034443986,95.78089155370022,0.00010879073964531472,0.00010879073964531472
Top-1 accuracy,BrainLM,300,90.6,89.40117565371023,89.40109144315619,8.421055403573519e-05,8.421055403573519e-05
Top-1 accuracy,BrainLM,301,90.6,91.94819148307477,91.9481083545113,8.312856346037734e-05,8.312856346037734e-05
Top-1 accuracy,BrainLM,302,90.6,96.19565435518814,96.19554499123853,0.00010936394960481266,0.00010936394960481266
Top-1 accuracy,BrainLM,303,90.6,82.08990067988356,82.08980560240181,9.50774817454203e-05,9.50774817454203e-05
Top-1 accuracy,BrainLM,304,90.6,80.0352260768567,80.03514712811534,7.894874136127328e-05,7.894874136127328e-05
Top-1 accuracy,BrainLM,305,90.6,81.44615151764462,81.44606211257943,8.940506519650171e-05,8.940506519650171e-05
Top-1 accuracy,BrainLM,306,90.6,98.1755940771788,98.17550462056309,8.945661571146957e-05,8.945661571146957e-05
Top-1 accuracy,BrainLM,307,90.6,87.28893177894533,87.28885112464532,8.065430000669949e-05,8.065430000669949e-05
Top-1 accuracy,BrainLM,308,90.6,100.00010678187897,100.0,0.00010678187896928648,0.00010678187896928648
Top-1 accuracy,BrainLM,309,90.6,87.21462259500333,87.21451440805566,0.00010818694767067427,0.00010818694767067427
Top-1 accuracy,BrainLM,310,90.6,91.70739466969496,91.70730781918222,8.685051274426314e-05,8.685051274426314e-05
Top-1 accuracy,BrainLM,311,90.6,99.85276550527755,99.85265971540724,0.00010578987030385179,0.00010578987030385179
Top-1 accuracy,BrainLM,312,90.6,100.00010678187897,100.0,0.00010678187896928648,0.00010678187896928648
Top-1 accuracy,BrainLM,313,90.6,100.00010678187897,100.0,0.00010678187896928648,0.00010678187896928648
Top-1 accuracy,BrainLM,314,90.6,97.85031141520525,97.85019738355885,0.00011403164640455543,0.00011403164640455543
Top-1 accuracy,BrainLM,315,90.6,96.74448057772398,96.74437515486876,0.00010542285521353278,0.00010542285521353278
Top-1 accuracy,BrainLM,316,90.6,94.15527315812392,94.1551616952071,0.0001114629168199599,0.0001114629168199599
Top-1 accuracy,BrainLM,317,90.6,95.27026149133141,95.27016645699982,9.503433159352426e-05,9.503433159352426e-05
Top-1 accuracy,BrainLM,318,90.6,87.29300094234569,87.2928857020288,0.00011524031688736613,0.00011524031688736613
Top-1 accuracy,BrainLM,319,90.6,85.69092248166237,85.69080669946615,0.00011578219621810604,0.00011578219621810604
Top-1 accuracy,BrainLM,320,90.6,90.5798532804099,90.57975325553429,0.00010002487562132956,0.00010002487562132956
Top-1 accuracy,BrainLM,321,90.6,89.57898682585355,89.57889226485042,9.456100312377202e-05,9.456100312377202e-05
Top-1 accuracy,BrainLM,322,90.6,87.88074088749175,87.88063170403635,0.00010918345540744667,0.00010918345540744667
Top-1 accuracy,BrainLM,323,90.6,94.77844362200952,94.77832468474028,0.00011893726923517534,0.00011893726923517534
Top-1 accuracy,BrainLM,324,90.6,96.33193001144113,96.33183125142305,9.876001807640478e-05,9.876001807640478e-05
Top-1 accuracy,BrainLM,325,90.6,91.13053504145631,91.13044131775108,9.372370523408335e-05,9.372370523408335e-05
Top-1 accuracy,BrainLM,326,90.6,99.46529100194314,99.46518048633156,0.00011051561158126333,0.00011051561158126333
Top-1 accuracy,BrainLM,327,90.6,83.74995908479579,83.74986531519896,9.376959683038422e-05,9.376959683038422e-05
Top-1 accuracy,BrainLM,328,90.6,89.43814869839105,89.43804324432169,0.00010545406935591473,0.00010545406935591473
Top-1 accuracy,BrainLM,329,90.6,86.29917601854737,86.29906607638317,0.00010994216420101566,0.00010994216420101566
Top-1 accuracy,BrainLM,330,90.6,79.40089734090218,79.40078029756164,0.00011704334053774801,0.00011704334053774801
Top-1 accuracy,BrainLM,331,90.6,90.10401908492463,90.1039158849438,0.00010319998082763959,0.00010319998082763959
Top-1 accuracy,BrainLM,332,90.6,89.86964028126488,89.86951494970029,0.00012533156458971462,0.00012533156458971462
Top-1 accuracy,BrainLM,333,90.6,99.68082895303407,99.68069845945278,0.00013049358128114363,0.00013049358128114363
Top-1 accuracy,BrainLM,334,90.6,94.38497680604922,94.38487010732867,0.00010669872055757423,0.00010669872055757423
Top-1 accuracy,BrainLM,335,90.6,84.4550036203972,84.45487905402476,0.0001245663724489532,0.0001245663724489532
Top-1 accuracy,BrainLM,336,90.6,100.0001218064823,100.0,0.00012180648229787039,0.00012180648229787039
Top-1 accuracy,BrainLM,337,90.6,97.92632589162457,97.9262021731521,0.0001237184724658391,0.0001237184724658391
Top-1 accuracy,BrainLM,338,90.6,94.09271571808216,94.09258622081168,0.00012949727047839588,0.00012949727047839588
Top-1 accuracy,BrainLM,339,90.6,89.24120118981352,89.241095406901,0.00010578291252727468,0.00010578291252727468
Top-1 accuracy,BrainLM,340,90.6,84.84346473934993,84.84336457965911,0.00010015969081678122,0.00010015969081678122
Top-1 accuracy,BrainLM,341,90.6,88.36687945675703,88.36675934357368,0.00012011318335680699,0.00012011318335680699
Top-1 accuracy,BrainLM,342,90.6,97.13260113900134,97.13249171822511,0.0001094207762264432,0.0001094207762264432
Top-1 accuracy,BrainLM,343,90.6,100.0001218064823,100.0,0.00012180648229787039,0.00012180648229787039
Top-1 accuracy,BrainLM,344,90.6,99.85959669158905,99.85946116963314,0.00013552195591159943,0.00013552195591159943
Top-1 accuracy,BrainLM,345,90.6,87.66703844210696,87.66690346928235,0.0001349728246111681,0.0001349728246111681
Top-1 accuracy,BrainLM,346,90.6,83.88241097950271,83.88229540026593,0.00011557923677685267,0.00011557923677685267
Top-1 accuracy,BrainLM,347,90.6,91.44542819023104,91.44531748146721,0.00011070876382746064,0.00011070876382746064
Top-1 accuracy,BrainLM,348,90.6,79.9894736556333,79.98936380662289,0.00010984901041410922,0.00010984901041410922
Top-1 accuracy,BrainLM,349,90.6,92.53913166872894,92.53900628510868,0.00012538362025793504,0.00012538362025793504
Top-1 accuracy,BrainLM,350,90.6,89.71449121913588,89.71438448220798,0.00010673692790419409,0.00010673692790419409
Top-1 accuracy,BrainLM,351,90.6,87.80388753738683,87.80378098879054,0.00010654859629255498,0.00010654859629255498
Top-1 accuracy,BrainLM,352,90.6,81.03190817938722,81.03178159639923,0.0001265829879883995,0.0001265829879883995
Top-1 accuracy,BrainLM,353,90.6,93.68170517364007,93.68160063941829,0.00010453422177647553,0.00010453422177647553
Top-1 accuracy,BrainLM,354,90.6,87.40392258048873,87.40379496202853,0.00012761846019770928,0.00012761846019770928
Top-1 accuracy,BrainLM,355,90.6,83.58059925202244,83.58049898573827,0.0001002662841642632,0.0001002662841642632
Top-1 accuracy,BrainLM,356,90.6,73.3665371105616,73.3664267203101,0.0001103902514927313,0.0001103902514927313
Top-1 accuracy,BrainLM,357,90.6,90.43502612076477,90.43491056969617,0.00011555106860328124,0.00011555106860328124
Top-1 accuracy,BrainLM,358,90.6,100.0001218064823,100.0,0.00012180648229787039,0.00012180648229787039
Top-1 accuracy,BrainLM,359,90.6,100.0001218064823,100.0,0.00012180648229787039,0.00012180648229787039
Top-1 accuracy,BrainLM,360,90.6,87.85753538765721,87.85742246048237,0.00011292717483968318,0.00011292717483968318
Top-1 accuracy,BrainLM,361,90.6,86.98685712090688,86.98672763782932,0.00012948307755777932,0.00012948307755777932
Top-1 accuracy,BrainLM,362,90.6,93.41276227003252,93.41264553645014,0.00011673358237374032,0.00011673358237374032
Top-1 accuracy,BrainLM,363,90.6,84.60980711664976,84.60968736487024,0.00011975177952194827,0.00011975177952194827
Top-1 accuracy,BrainLM,364,90.6,92.41089667935508,92.41075139891679,0.00014528043828931914,0.00014528043828931914
Top-1 accuracy,BrainLM,365,90.6,95.19660838173459,95.19648167030813,0.00012671142646070166,0.00012671142646070166
Top-1 accuracy,BrainLM,366,90.6,97.96172385705688,97.96159934330583,0.00012451375104660656,0.00012451375104660656
Top-1 accuracy,BrainLM,367,90.6,89.99918741932908,89.99907554112028,0.00011187820879854371,0.00011187820879854371
Top-1 accuracy,BrainLM,368,90.6,89.37808534250115,89.3779574989382,0.00012784356295014732,0.00012784356295014732
Top-1 accuracy,BrainLM,369,90.6,85.33223011009642,85.33210447946063,0.00012563063579307254,0.00012563063579307254
Top-1 accuracy,BrainLM,370,90.6,85.63883468603717,85.63871787576083,0.0001168102763386969,0.0001168102763386969
Top-1 accuracy,BrainLM,371,90.6,89.24125127182461,89.24112664859084,0.00012462323377349094,0.00012462323377349094
Top-1 accuracy,BrainLM,372,90.6,92.80433094200816,92.80419304089706,0.00013790111110267844,0.00013790111110267844
Top-1 accuracy,BrainLM,373,90.6,96.08161511185529,96.08150775739949,0.0001073544557925743,0.0001073544557925743
Top-1 accuracy,BrainLM,374,90.6,85.78103504420109,85.78092629591792,0.00010874828316786989,0.00010874828316786989
Top-1 accuracy,BrainLM,375,90.6,99.55623993406692,99.55613141375713,0.00010852030979435767,0.00010852030979435767
Top-1 accuracy,BrainLM,376,90.6,88.97336009044976,88.97325839374459,0.00010169670517257146,0.00010169670517257146
Top-1 accuracy,BrainLM,377,90.6,90.47191903422788,90.47179623390937,0.00012280031850764317,0.00012280031850764317
Top-1 accuracy,BrainLM,378,90.6,86.11684995310506,86.11672992511305,0.00012002799201127345,0.00012002799201127345
Top-1 accuracy,BrainLM,379,90.6,76.0546878033043,76.05455843836235,0.0001293649419551457,0.0001293649419551457
Top-1 accuracy,BrainLM,380,90.6,95.90439240334217,95.9042723781663,0.00012002517587461625,0.00012002517587461625
Top-1 accuracy,BrainLM,381,90.6,100.0001218064823,100.0,0.00012180648229787039,0.00012180648229787039
Top-1 accuracy,BrainLM,382,90.6,100.0001218064823,100.0,0.00012180648229787039,0.00012180648229787039
Top-1 accuracy,BrainLM,383,90.6,100.0001218064823,100.0,0.00012180648229787039,0.00012180648229787039
Top-1 accuracy,BrainLM,384,90.6,100.00015185568893,100.0,0.0001518556889266165,0.0001518556889266165
Top-1 accuracy,BrainLM,385,90.6,100.00015185568893,100.0,0.0001518556889266165,0.0001518556889266165
Top-1 accuracy,BrainLM,386,90.6,100.00015185568893,100.0,0.0001518556889266165,0.0001518556889266165
Top-1 accuracy,BrainLM,387,90.6,100.00015185568893,100.0,0.0001518556889266165,0.0001518556889266165
Top-1 accuracy,BrainLM,388,90.6,100.00015185568893,100.0,0.0001518556889266165,0.0001518556889266165
Top-1 accuracy,BrainLM,389,90.6,100.00015185568893,100.0,0.0001518556889266165,0.0001518556889266165
Top-1 accuracy,BrainLM,390,90.6,100.00015185568893,100.0,0.0001518556889266165,0.0001518556889266165
Top-1 accuracy,BrainLM,391,90.6,77.6768691832357,77.67671614007708,0.00015304315861897066,0.00015304315861897066
Top-1 accuracy,BrainLM,392,90.6,76.67495351054718,76.67481163801101,0.00014187253617592432,0.00014187253617592432
Top-1 accuracy,BrainLM,393,90.6,79.57401582860717,79.573879750223,0.00013607838417328821,0.00013607838417328821
Top-1 accuracy,BrainLM,394,90.6,77.98344120586924,77.9833015941037,0.0001396117655474427,0.0001396117655474427
Top-1 accuracy,BrainLM,395,90.6,79.80773855792175,79.80760946896103,0.0001290889607190593,0.0001290889607190593
Top-1 accuracy,BrainLM,396,90.6,78.3388181483016,78.33867898171356,0.00013916658804191684,0.00013916658804191684
Top-1 accuracy,BrainLM,397,90.6,78.74441232324526,78.74427005324665,0.0001422699986051157,0.0001422699986051157
Top-1 accuracy,BrainLM,398,90.6,76.71212437917178,76.71197868147385,0.00014569769793126852,0.00014569769793126852
Top-1 accuracy,BrainLM,399,90.6,78.16604522647306,78.16589090921413,0.00015431725893222392,0.00015431725893222392
Top-1 accuracy,BrainLM,400,90.6,79.20211182251796,79.20197451165272,0.0001373108652416022,0.0001373108652416022
Top-1 accuracy,Com-brainTF,1,88.6,86.39621241911809,86.39622526960585,-1.2850487763671481e-05,1.2850487763671481e-05
Top-1 accuracy,Com-brainTF,2,88.6,86.16925076129951,86.16924268895686,8.072342652098996e-06,8.072342652098996e-06
Top-1 accuracy,Com-brainTF,3,88.6,89.20170150767365,89.20170759169282,-6.084019176455513e-06,6.084019176455513e-06
Top-1 accuracy,Com-brainTF,4,88.6,92.04591901539843,92.04591204828614,6.967112284428367e-06,6.967112284428367e-06
Top-1 accuracy,Com-brainTF,5,88.6,85.55251333173732,85.55253454306481,-2.1211327492665077e-05,2.1211327492665077e-05
Top-1 accuracy,Com-brainTF,6,88.6,88.7850442164821,88.78503954954391,4.666938195896364e-06,4.666938195896364e-06
Top-1 accuracy,Com-brainTF,7,88.6,89.88644530008324,89.88644950099172,-4.2009084779692785e-06,4.2009084779692785e-06
Top-1 accuracy,Com-brainTF,8,88.6,90.67930363391476,90.67931682178943,-1.3187874671416466e-05,1.3187874671416466e-05
Top-1 accuracy,Com-brainTF,9,88.6,89.12932799345994,89.12932466583167,3.32762826360522e-06,3.32762826360522e-06
Top-1 accuracy,Com-brainTF,10,88.6,87.49890812270567,87.49891648275003,-8.360044361666041e-06,8.360044361666041e-06
Top-1 accuracy,Com-brainTF,11,88.6,86.11721054358483,86.11722933805383,-1.8794468999772107e-05,1.8794468999772107e-05
Top-1 accuracy,Com-brainTF,12,88.6,88.85843439552076,88.85843164913912,2.7463816394401874e-06,2.7463816394401874e-06
Top-1 accuracy,Com-brainTF,13,88.6,85.38357919605816,85.38358296404317,-3.7679850066751897e-06,3.7679850066751897e-06
Top-1 accuracy,Com-brainTF,14,88.6,79.8359497547639,79.83594854951617,1.2052477273982731e-06,1.2052477273982731e-06
Top-1 accuracy,Com-brainTF,15,88.6,89.90966582452111,89.909679412473,-1.3587951883664573e-05,1.3587951883664573e-05
Top-1 accuracy,Com-brainTF,16,88.6,91.31179436006259,91.31180452325859,-1.016319599500548e-05,1.016319599500548e-05
Top-1 accuracy,Com-brainTF,17,88.6,81.5111880172349,81.51120269337449,-1.4676139585390047e-05,1.4676139585390047e-05
Top-1 accuracy,Com-brainTF,18,88.6,85.5708107944859,85.57080788587018,2.9086157127267143e-06,2.9086157127267143e-06
Top-1 accuracy,Com-brainTF,19,88.6,90.45747788633255,90.45746278301559,1.5103316968634317e-05,1.5103316968634317e-05
Top-1 accuracy,Com-brainTF,20,88.6,94.77250389549526,94.7724864091351,1.7486360164298276e-05,1.7486360164298276e-05
Top-1 accuracy,Com-brainTF,21,88.6,88.66237333853938,88.66238112302622,-7.784486840023419e-06,7.784486840023419e-06
Top-1 accuracy,Com-brainTF,22,88.6,86.41600482989745,86.41599117631259,1.365358485827528e-05,1.365358485827528e-05
Top-1 accuracy,Com-brainTF,23,88.6,88.05131520903382,88.05131067668547,4.532348341967918e-06,4.532348341967918e-06
Top-1 accuracy,Com-brainTF,24,88.6,92.7246229172716,92.72462925744455,-6.340172944874212e-06,6.340172944874212e-06
Top-1 accuracy,Com-brainTF,25,88.6,86.66211784875355,86.6621074626264,1.0386127158312775e-05,1.0386127158312775e-05
Top-1 accuracy,Com-brainTF,26,88.6,86.20245012644534,86.20242398004923,2.6146396109538728e-05,2.6146396109538728e-05
Top-1 accuracy,Com-brainTF,27,88.6,87.15176967109619,87.1517694334539,2.3764229695188988e-07,2.3764229695188988e-07
Top-1 accuracy,Com-brainTF,28,88.6,85.74000786072322,85.74001417522386,-6.314500637927267e-06,6.314500637927267e-06
Top-1 accuracy,Com-brainTF,29,88.6,88.96800882756571,88.96801094798438,-2.1204186708700945e-06,2.1204186708700945e-06
Top-1 accuracy,Com-brainTF,30,88.6,93.47404261879169,93.47403537540868,7.2433830098361796e-06,7.2433830098361796e-06
Top-1 accuracy,Com-brainTF,31,88.6,89.56923836239656,89.56923781934807,5.430484861790319e-07,5.430484861790319e-07
Top-1 accuracy,Com-brainTF,32,88.6,87.84294649782919,87.84293949362113,7.0042080579924004e-06,7.0042080579924004e-06
Top-1 accuracy,Com-brainTF,33,88.6,87.72455763183393,87.72456619325337,-8.561419434727213e-06,8.561419434727213e-06
Top-1 accuracy,Com-brainTF,34,88.6,83.91044188110496,83.91042757391003,1.4307194931006961e-05,1.4307194931006961e-05
Top-1 accuracy,Com-brainTF,35,88.6,91.24933457994246,91.24932933144147,5.2485009831571006e-06,5.2485009831571006e-06
Top-1 accuracy,Com-brainTF,36,88.6,88.36648631297004,88.36648840896159,-2.0959915474350055e-06,2.0959915474350055e-06
Top-1 accuracy,Com-brainTF,37,88.6,88.05855205963508,88.05856025922812,-8.199593040103537e-06,8.199593040103537e-06
Top-1 accuracy,Com-brainTF,38,88.6,98.17932017880327,98.17932270353458,-2.5247313146792294e-06,2.5247313146792294e-06
Top-1 accuracy,Com-brainTF,39,88.6,89.49625885584877,89.49625872509705,1.307517152326909e-07,1.307517152326909e-07
Top-1 accuracy,Com-brainTF,40,88.6,86.34463295590538,86.34462684971444,6.106190937771316e-06,6.106190937771316e-06
Top-1 accuracy,Com-brainTF,41,88.6,87.32093167992576,87.32092721138336,4.468542400104525e-06,4.468542400104525e-06
Top-1 accuracy,Com-brainTF,42,88.6,92.04532804766765,92.04533712759026,-9.07992260579249e-06,9.07992260579249e-06
Top-1 accuracy,Com-brainTF,43,88.6,88.93980013482413,88.93981123161329,-1.10967891657765e-05,1.10967891657765e-05
Top-1 accuracy,Com-brainTF,44,88.6,84.2851680085186,84.28516606504789,1.943470707033157e-06,1.943470707033157e-06
Top-1 accuracy,Com-brainTF,45,88.6,91.35767949861534,91.3576868037256,-7.305110258926106e-06,7.305110258926106e-06
Top-1 accuracy,Com-brainTF,46,88.6,86.59555635192586,86.59556774338301,-1.1391457150011775e-05,1.1391457150011775e-05
Top-1 accuracy,Com-brainTF,47,88.6,94.21989898522332,94.21989332865263,5.6565706927358406e-06,5.6565706927358406e-06
Top-1 accuracy,Com-brainTF,48,88.6,91.84014204826725,91.84014419714394,-2.148876689034296e-06,2.148876689034296e-06
Top-1 accuracy,Com-brainTF,49,88.6,87.25802867400756,87.25803431302374,-5.639016180225553e-06,5.639016180225553e-06
Top-1 accuracy,Com-brainTF,50,88.6,92.44304432226821,92.44304908520533,-4.762937123814481e-06,4.762937123814481e-06
Top-1 accuracy,Com-brainTF,51,88.6,88.80355703187834,88.8035665315822,-9.499703864435105e-06,9.499703864435105e-06
Top-1 accuracy,Com-brainTF,52,88.6,91.15833556580759,91.15832102536665,1.4540440943733302e-05,1.4540440943733302e-05
Top-1 accuracy,Com-brainTF,53,88.6,90.05421252490419,90.05419845188342,1.4073020764726607e-05,1.4073020764726607e-05
Top-1 accuracy,Com-brainTF,54,88.6,86.0609383959338,86.06093003502737,8.36090643474563e-06,8.36090643474563e-06
Top-1 accuracy,Com-brainTF,55,88.6,86.66935469935481,86.66935050304761,4.196307202164462e-06,4.196307202164462e-06
Top-1 accuracy,Com-brainTF,56,88.6,91.68986846991703,91.68988245274348,-1.3982826445158025e-05,1.3982826445158025e-05
Top-1 accuracy,Com-brainTF,57,88.6,87.5956665681149,87.59567400368037,-7.435565478886019e-06,7.435565478886019e-06
Top-1 accuracy,Com-brainTF,58,88.6,87.38905323139866,87.389054610274,-1.3788753392418585e-06,1.3788753392418585e-06
Top-1 accuracy,Com-brainTF,59,88.6,85.73462404453197,85.73463226195193,-8.21741996048786e-06,8.21741996048786e-06
Top-1 accuracy,Com-brainTF,60,88.6,89.87080468802252,89.87079719678037,7.491242143942145e-06,7.491242143942145e-06
Top-1 accuracy,Com-brainTF,61,88.6,94.78758358903187,94.78757475772943,8.831302437783961e-06,8.831302437783961e-06
Top-1 accuracy,Com-brainTF,62,88.6,85.39739682291551,85.39740125723718,-4.434321667190488e-06,4.434321667190488e-06
Top-1 accuracy,Com-brainTF,63,88.6,88.67268021641993,88.67265837001827,2.1846401665470694e-05,2.1846401665470694e-05
Top-1 accuracy,Com-brainTF,64,88.6,92.8366588801612,92.83666166624629,-2.7860850906336054e-06,2.7860850906336054e-06
Top-1 accuracy,Com-brainTF,65,88.6,88.36106994347159,88.36107582626285,-5.882791256794917e-06,5.882791256794917e-06
Top-1 accuracy,Com-brainTF,66,88.6,89.95710851361851,89.9571153887492,-6.875130694083964e-06,6.875130694083964e-06
Top-1 accuracy,Com-brainTF,67,88.6,85.41280705772525,85.41281941555935,-1.2357834108911447e-05,1.2357834108911447e-05
Top-1 accuracy,Com-brainTF,68,88.6,89.88493532744913,89.88492129162294,1.4035826183089739e-05,1.4035826183089739e-05
Top-1 accuracy,Com-brainTF,69,88.6,88.0385643290125,88.03856720498635,-2.875973848404101e-06,2.875973848404101e-06
Top-1 accuracy,Com-brainTF,70,88.6,91.55718619795913,91.55718998703958,-3.7890804520657184e-06,3.7890804520657184e-06
Top-1 accuracy,Com-brainTF,71,88.6,92.16215685901776,92.16215815469425,-1.2956764976479462e-06,1.2956764976479462e-06
Top-1 accuracy,Com-brainTF,72,88.6,96.36869020757486,96.36869092605583,-7.184809760474309e-07,7.184809760474309e-07
Top-1 accuracy,Com-brainTF,73,88.6,90.3389087250974,90.33889951964072,9.205456677818802e-06,9.205456677818802e-06
Top-1 accuracy,Com-brainTF,74,88.6,89.57737919329783,89.57738894974649,-9.756448662301409e-06,9.756448662301409e-06
Top-1 accuracy,Com-brainTF,75,88.6,89.1831561389702,89.183152904732,3.234238207028284e-06,3.234238207028284e-06
Top-1 accuracy,Com-brainTF,76,88.6,87.54049372060709,87.54050112156793,-7.400960839731852e-06,7.400960839731852e-06
Top-1 accuracy,Com-brainTF,77,88.6,89.61543400941801,89.61545153038507,-1.7520967062978343e-05,1.7520967062978343e-05
Top-1 accuracy,Com-brainTF,78,88.6,87.7137749748481,87.7137957695829,-2.0794734794549186e-05,2.0794734794549186e-05
Top-1 accuracy,Com-brainTF,79,88.6,89.10536875935861,89.10538292880884,-1.4169450224699176e-05,1.4169450224699176e-05
Top-1 accuracy,Com-brainTF,80,88.6,92.55278402494973,92.55279260682387,-8.581874141100343e-06,8.581874141100343e-06
Top-1 accuracy,Com-brainTF,81,88.6,85.58036143399912,85.58037230416107,-1.0870161958109748e-05,1.0870161958109748e-05
Top-1 accuracy,Com-brainTF,82,88.6,92.01962846368124,92.01963568338714,-7.219705892680395e-06,7.219705892680395e-06
Top-1 accuracy,Com-brainTF,83,88.6,92.55135668763391,92.55134520201959,1.1485614322737092e-05,1.1485614322737092e-05
Top-1 accuracy,Com-brainTF,84,88.6,88.24578365806282,88.24579441902675,-1.0760963931488732e-05,1.0760963931488732e-05
Top-1 accuracy,Com-brainTF,85,88.6,82.2344323556633,82.2344353029742,-2.9473109037780887e-06,2.9473109037780887e-06
Top-1 accuracy,Com-brainTF,86,88.6,86.77653521127007,86.77653403871669,1.1725533823891965e-06,1.1725533823891965e-06
Top-1 accuracy,Com-brainTF,87,88.6,92.49096529457142,92.49098363968332,-1.8345111897133393e-05,1.8345111897133393e-05
Top-1 accuracy,Com-brainTF,88,88.6,88.53139886315937,88.53139581310334,3.0500560228574614e-06,3.0500560228574614e-06
Top-1 accuracy,Com-brainTF,89,88.6,85.60210704321065,85.60209330311527,1.3740095383241169e-05,1.3740095383241169e-05
Top-1 accuracy,Com-brainTF,90,88.6,87.08566642466988,87.08567523631534,-8.81164545774027e-06,8.81164545774027e-06
Top-1 accuracy,Com-brainTF,91,88.6,91.12187085353924,91.12186007951365,1.0774025582804825e-05,1.0774025582804825e-05
Top-1 accuracy,Com-brainTF,92,88.6,90.240197081256,90.24020070460413,-3.6233481353065145e-06,3.6233481353065145e-06
Top-1 accuracy,Com-brainTF,93,88.6,87.88320241833641,87.88320370249092,-1.284154507175117e-06,1.284154507175117e-06
Top-1 accuracy,Com-brainTF,94,88.6,87.49951661914031,87.49952676455594,-1.0145415629381205e-05,1.0145415629381205e-05
Top-1 accuracy,Com-brainTF,95,88.6,87.42473165609303,87.42472555286852,6.103224507114646e-06,6.103224507114646e-06
Top-1 accuracy,Com-brainTF,96,88.6,85.83276224934649,85.83276944650449,-7.197157998461989e-06,7.197157998461989e-06
Top-1 accuracy,Com-brainTF,97,88.6,93.44612690581494,93.44612706840832,-1.62593380537146e-07,1.62593380537146e-07
Top-1 accuracy,Com-brainTF,98,88.6,87.63303526068326,87.63303859236598,-3.3316827199314503e-06,3.3316827199314503e-06
Top-1 accuracy,Com-brainTF,99,88.6,92.25148062988194,92.25147556247649,5.067405453473839e-06,5.067405453473839e-06
Top-1 accuracy,Com-brainTF,100,88.6,93.16394231847745,93.16394815576734,-5.837289890564534e-06,5.837289890564534e-06
Top-1 accuracy,Com-brainTF,101,88.6,91.59493050561062,91.59493269444387,-2.1888332497610463e-06,2.1888332497610463e-06
Top-1 accuracy,Com-brainTF,102,88.6,87.30514583003293,87.30513906184585,6.768187077454968e-06,6.768187077454968e-06
Top-1 accuracy,Com-brainTF,103,88.6,89.81118455793069,89.81119027100982,-5.713079133329302e-06,5.713079133329302e-06
Top-1 accuracy,Com-brainTF,104,88.6,88.52739480637341,88.52741318082725,-1.8374453844671734e-05,1.8374453844671734e-05
Top-1 accuracy,Com-brainTF,105,88.6,85.88888665506484,85.88889441780961,-7.76274477232164e-06,7.76274477232164e-06
Top-1 accuracy,Com-brainTF,106,88.6,89.5730796526465,89.5730778451648,1.807481694982016e-06,1.807481694982016e-06
Top-1 accuracy,Com-brainTF,107,88.6,85.06289406270187,85.06288062652058,1.3436181291126559e-05,1.3436181291126559e-05
Top-1 accuracy,Com-brainTF,108,88.6,92.16304331061389,92.16303816538469,5.145229195591128e-06,5.145229195591128e-06
Top-1 accuracy,Com-brainTF,109,88.6,87.20615372692947,87.20614810810481,5.618824658881749e-06,5.618824658881749e-06
Top-1 accuracy,Com-brainTF,110,88.6,89.20348943546924,89.20347896761851,1.0467850728446138e-05,1.0467850728446138e-05
Top-1 accuracy,Com-brainTF,111,88.6,89.44988291358742,89.44986361463842,1.9298948998880405e-05,1.9298948998880405e-05
Top-1 accuracy,Com-brainTF,112,88.6,87.8232868043792,87.82328507888776,1.725491429738213e-06,1.725491429738213e-06
Top-1 accuracy,Com-brainTF,113,88.6,90.3600783911815,90.36008140442581,-3.0132443100683304e-06,3.0132443100683304e-06
Top-1 accuracy,Com-brainTF,114,88.6,87.17530320810334,87.17528903013242,1.4177970925288719e-05,1.4177970925288719e-05
Top-1 accuracy,Com-brainTF,115,88.6,91.21390406120292,91.21389189237172,1.2168831204917296e-05,1.2168831204917296e-05
Top-1 accuracy,Com-brainTF,116,88.6,84.5620514149831,84.56206095925975,-9.544276650785832e-06,9.544276650785832e-06
Top-1 accuracy,Com-brainTF,117,88.6,88.97915207503132,88.97913873863924,1.3336392086671367e-05,1.3336392086671367e-05
Top-1 accuracy,Com-brainTF,118,88.6,94.41679641178976,94.41678699717485,9.414614908109797e-06,9.414614908109797e-06
Top-1 accuracy,Com-brainTF,119,88.6,85.59902199132803,85.59900602618328,1.5965144754659377e-05,1.5965144754659377e-05
Top-1 accuracy,Com-brainTF,120,88.6,86.56678674066015,86.56676508842544,2.1652234707403295e-05,2.1652234707403295e-05
Top-1 accuracy,Com-brainTF,121,88.6,90.1417308392689,90.14172354897674,7.290292160178069e-06,7.290292160178069e-06
Top-1 accuracy,Com-brainTF,122,88.6,89.13874841974435,89.13874534581879,3.07392555498609e-06,3.07392555498609e-06
Top-1 accuracy,Com-brainTF,123,88.6,89.65189872168636,89.65189029782067,8.423865693885091e-06,8.423865693885091e-06
Top-1 accuracy,Com-brainTF,124,88.6,90.06757190136014,90.06756139044299,1.0510917149986199e-05,1.0510917149986199e-05
Top-1 accuracy,Com-brainTF,125,88.6,90.50416684116317,90.5041644056853,2.435477867379632e-06,2.435477867379632e-06
Top-1 accuracy,Com-brainTF,126,88.6,91.92912275735554,91.92909952586866,2.3231486878216856e-05,2.3231486878216856e-05
Top-1 accuracy,Com-brainTF,127,88.6,89.82946449197539,89.82945597078553,8.521189855059674e-06,8.521189855059674e-06
Top-1 accuracy,Com-brainTF,128,88.6,87.87622599419277,87.87622703614437,-1.0419516058846057e-06,1.0419516058846057e-06
Top-1 accuracy,Com-brainTF,129,88.6,90.61774532999408,90.61772110360819,2.4226385889392077e-05,2.4226385889392077e-05
Top-1 accuracy,Com-brainTF,130,88.6,94.29965709197097,94.29964580468564,1.1287285332173269e-05,1.1287285332173269e-05
Top-1 accuracy,Com-brainTF,131,88.6,88.20211464850041,88.20209876085228,1.5887648132206778e-05,1.5887648132206778e-05
Top-1 accuracy,Com-brainTF,132,88.6,85.67641622715264,85.67641208598808,4.141164566817679e-06,4.141164566817679e-06
Top-1 accuracy,Com-brainTF,133,88.6,91.92124485701244,91.92124200786091,2.8491515280393287e-06,2.8491515280393287e-06
Top-1 accuracy,Com-brainTF,134,88.6,88.23887484463414,88.2388565081392,1.8336494946424864e-05,1.8336494946424864e-05
Top-1 accuracy,Com-brainTF,135,88.6,82.08200775493712,82.08199136195789,1.6392979233614824e-05,1.6392979233614824e-05
Top-1 accuracy,Com-brainTF,136,88.6,91.14226925665267,91.14226503145126,4.225201408303292e-06,4.225201408303292e-06
Top-1 accuracy,Com-brainTF,137,88.6,86.99402886489374,86.99401544213822,1.3422755515080098e-05,1.3422755515080098e-05
Top-1 accuracy,Com-brainTF,138,88.6,88.32841146404543,88.32840015308751,1.13109579160664e-05,1.13109579160664e-05
Top-1 accuracy,Com-brainTF,139,88.6,89.5959721399118,89.59594099170704,3.114820475502711e-05,3.114820475502711e-05
Top-1 accuracy,Com-brainTF,140,88.6,89.17150455909213,89.17149903933719,5.519754935789933e-06,5.519754935789933e-06
Top-1 accuracy,Com-brainTF,141,88.6,90.72837148427173,90.72835545141712,1.6032854617265002e-05,1.6032854617265002e-05
Top-1 accuracy,Com-brainTF,142,88.6,87.29354182806537,87.29354088829047,9.397749067829864e-07,9.397749067829864e-07
Top-1 accuracy,Com-brainTF,143,88.6,90.13931939043533,90.13931739452825,1.995907084051396e-06,1.995907084051396e-06
Top-1 accuracy,Com-brainTF,144,88.6,87.82136615925424,87.82135996724824,6.192005997718297e-06,6.192005997718297e-06
Top-1 accuracy,Com-brainTF,145,88.6,90.81646574176388,90.8164314426625,3.4299101372425866e-05,3.4299101372425866e-05
Top-1 accuracy,Com-brainTF,146,88.6,90.44610426161597,90.44610245203916,1.809576815503533e-06,1.809576815503533e-06
Top-1 accuracy,Com-brainTF,147,88.6,85.7936882643008,85.7936838938662,4.370434595557526e-06,4.370434595557526e-06
Top-1 accuracy,Com-brainTF,148,88.6,91.85794870730723,91.85794634852509,2.3587821402770714e-06,2.3587821402770714e-06
Top-1 accuracy,Com-brainTF,149,88.6,86.99210821976877,86.99210966465785,-1.4448890794938052e-06,1.4448890794938052e-06
Top-1 accuracy,Com-brainTF,150,88.6,91.02417837862333,91.02417339484343,4.983779902545393e-06,4.983779902545393e-06
Top-1 accuracy,Com-brainTF,151,88.6,89.70187055234337,89.70186194020401,8.612139353658677e-06,8.612139353658677e-06
Top-1 accuracy,Com-brainTF,152,88.6,94.1145589872153,94.11455103038536,7.956829946920152e-06,7.956829946920152e-06
Top-1 accuracy,Com-brainTF,153,88.6,87.92962844260884,87.92960205288443,2.63897244110467e-05,2.63897244110467e-05
Top-1 accuracy,Com-brainTF,154,88.6,87.55208019387076,87.5520496116454,3.058222536367339e-05,3.058222536367339e-05
Top-1 accuracy,Com-brainTF,155,88.6,88.54177084765432,88.54174118233679,2.966531752690571e-05,2.966531752690571e-05
Top-1 accuracy,Com-brainTF,156,88.6,87.69047181509194,87.69046065149716,1.1163594777485741e-05,1.1163594777485741e-05
Top-1 accuracy,Com-brainTF,157,88.6,90.99985604994167,90.99982570582614,3.0344115529601368e-05,3.0344115529601368e-05
Top-1 accuracy,Com-brainTF,158,88.6,83.75109093824622,83.75106817469023,2.2763555989513407e-05,2.2763555989513407e-05
Top-1 accuracy,Com-brainTF,159,88.6,85.43896739621361,85.43895274256093,1.4653652684160079e-05,1.4653652684160079e-05
Top-1 accuracy,Com-brainTF,160,88.6,85.39662555994485,85.39659123526242,3.4324682431474685e-05,3.4324682431474685e-05
Top-1 accuracy,Com-brainTF,161,88.6,91.4509422196511,91.45092277592072,1.944373038043068e-05,1.944373038043068e-05
Top-1 accuracy,Com-brainTF,162,88.6,93.73185729953695,93.73184011774578,1.718179117915497e-05,1.718179117915497e-05
Top-1 accuracy,Com-brainTF,163,88.6,88.28666309960799,88.28665234438758,1.0755220415603617e-05,1.0755220415603617e-05
Top-1 accuracy,Com-brainTF,164,88.6,88.09355688128042,88.09353483042996,2.2050850461141636e-05,2.2050850461141636e-05
Top-1 accuracy,Com-brainTF,165,88.6,88.81017036144164,88.81015648933953,1.3872102101686323e-05,1.3872102101686323e-05
Top-1 accuracy,Com-brainTF,166,88.6,92.08564907478927,92.08563490782457,1.4166964703576923e-05,1.4166964703576923e-05
Top-1 accuracy,Com-brainTF,167,88.6,85.81794298226751,85.81794059742828,2.3848392345371394e-06,2.3848392345371394e-06
Top-1 accuracy,Com-brainTF,168,88.6,89.31513225457186,89.31510694820435,2.5306367518851403e-05,2.5306367518851403e-05
Top-1 accuracy,Com-brainTF,169,88.6,91.52561199407288,91.52559288934728,1.9104725595298078e-05,1.9104725595298078e-05
Top-1 accuracy,Com-brainTF,170,88.6,90.10329790396506,90.10328250981954,1.5394145520986058e-05,1.5394145520986058e-05
Top-1 accuracy,Com-brainTF,171,88.6,89.16876507308598,89.16874484979623,2.0223289752152596e-05,2.0223289752152596e-05
Top-1 accuracy,Com-brainTF,172,88.6,91.6031689964335,91.60313827770142,3.07187320771618e-05,3.07187320771618e-05
Top-1 accuracy,Com-brainTF,173,88.6,80.49031630335207,80.49030312100228,1.3182349789531145e-05,1.3182349789531145e-05
Top-1 accuracy,Com-brainTF,174,88.6,90.63364887261297,90.63362595859272,2.2914020249231726e-05,2.2914020249231726e-05
Top-1 accuracy,Com-brainTF,175,88.6,86.63779802417244,86.63777295061772,2.5073554724031055e-05,2.5073554724031055e-05
Top-1 accuracy,Com-brainTF,176,88.6,83.10811303897795,83.10810130943062,1.1729547324534906e-05,1.1729547324534906e-05
Top-1 accuracy,Com-brainTF,177,88.6,90.13362506577538,90.13360779857494,1.7267200433934704e-05,1.7267200433934704e-05
Top-1 accuracy,Com-brainTF,178,88.6,92.72099697966931,92.72097563548887,2.1344180439086813e-05,2.1344180439086813e-05
Top-1 accuracy,Com-brainTF,179,88.6,88.18767350060509,88.18765445611692,1.904448816958393e-05,1.904448816958393e-05
Top-1 accuracy,Com-brainTF,180,88.6,91.4586723780615,91.45862364160881,4.8736452683328935e-05,4.8736452683328935e-05
Top-1 accuracy,Com-brainTF,181,88.6,93.43687175016709,93.43683477396593,3.697620115872269e-05,3.697620115872269e-05
Top-1 accuracy,Com-brainTF,182,88.6,92.54477591137783,92.54474336075214,3.255062568996436e-05,3.255062568996436e-05
Top-1 accuracy,Com-brainTF,183,88.6,93.51991022864057,93.51989358811417,1.6640526396827227e-05,1.6640526396827227e-05
Top-1 accuracy,Com-brainTF,184,88.6,90.82642705376796,90.82638247321567,4.4580552284401165e-05,4.4580552284401165e-05
Top-1 accuracy,Com-brainTF,185,88.6,88.82635185922203,88.82630091670477,5.0942517262342335e-05,5.0942517262342335e-05
Top-1 accuracy,Com-brainTF,186,88.6,83.79412140216735,83.79410256430849,1.8837858860365486e-05,1.8837858860365486e-05
Top-1 accuracy,Com-brainTF,187,88.6,87.86183492830854,87.86181253561014,2.2392698397766253e-05,2.2392698397766253e-05
Top-1 accuracy,Com-brainTF,188,88.6,86.07027618689992,86.07026021405142,1.5972848501633052e-05,1.5972848501633052e-05
Top-1 accuracy,Com-brainTF,189,88.6,95.11288127560874,95.11282815249344,5.312311530758507e-05,5.312311530758507e-05
Top-1 accuracy,Com-brainTF,190,88.6,88.07238721519631,88.07234256270299,4.465249332952226e-05,4.465249332952226e-05
Top-1 accuracy,Com-brainTF,191,88.6,88.96965151752917,88.96961442035345,3.709717572064619e-05,3.709717572064619e-05
Top-1 accuracy,Com-brainTF,192,88.6,90.25449048721862,90.25445612812139,3.435909722782071e-05,3.435909722782071e-05
Top-1 accuracy,Com-brainTF,193,88.6,88.73084045588874,88.73080733911736,3.311677137673996e-05,3.311677137673996e-05
Top-1 accuracy,Com-brainTF,194,88.6,93.68518336930967,93.68515312129226,3.0248017409917338e-05,3.0248017409917338e-05
Top-1 accuracy,Com-brainTF,195,88.6,86.73207741003314,86.73205191479664,2.5495236499750717e-05,2.5495236499750717e-05
Top-1 accuracy,Com-brainTF,196,88.6,89.18386229532646,89.18382236571172,3.9929614743527964e-05,3.9929614743527964e-05
Top-1 accuracy,Com-brainTF,197,88.6,86.37261377549655,86.37258824290585,2.5532590697707747e-05,2.5532590697707747e-05
Top-1 accuracy,Com-brainTF,198,88.6,84.6399539832202,84.63993246633788,2.1516882313221686e-05,2.1516882313221686e-05
Top-1 accuracy,Com-brainTF,199,88.6,86.7647358894593,86.76469272728414,4.316217516020515e-05,4.316217516020515e-05
Top-1 accuracy,Com-brainTF,200,88.6,88.48891178905848,88.48888960885476,2.2180203714583513e-05,2.2180203714583513e-05
Top-1 accuracy,Com-brainTF,201,88.6,87.312119750076,87.31209332644822,2.6423627772942382e-05,2.6423627772942382e-05
Top-1 accuracy,Com-brainTF,202,88.6,86.52275714061797,86.52273706037843,2.0080239536923727e-05,2.0080239536923727e-05
Top-1 accuracy,Com-brainTF,203,88.6,84.38107255563888,84.38104760898449,2.4946654392010714e-05,2.4946654392010714e-05
Top-1 accuracy,Com-brainTF,204,88.6,88.35071548768053,88.3506832821139,3.2205566625975734e-05,3.2205566625975734e-05
Top-1 accuracy,Com-brainTF,205,88.6,84.08587415772192,84.085838877907,3.527981492368326e-05,3.527981492368326e-05
Top-1 accuracy,Com-brainTF,206,88.6,90.88020511726715,90.88016789106881,3.7226198344342265e-05,3.7226198344342265e-05
Top-1 accuracy,Com-brainTF,207,88.6,88.84735625466956,88.84731925880351,3.6995866054212456e-05,3.6995866054212456e-05
Top-1 accuracy,Com-brainTF,208,88.6,84.22736835952958,84.2273455016052,2.2857924378172356e-05,2.2857924378172356e-05
Top-1 accuracy,Com-brainTF,209,88.6,87.67240472959433,87.67237276885041,3.1960743925196766e-05,3.1960743925196766e-05
Top-1 accuracy,Com-brainTF,210,88.6,86.34356620906935,86.34353078322825,3.5425841105052314e-05,3.5425841105052314e-05
Top-1 accuracy,Com-brainTF,211,88.6,89.55755422921126,89.55752353125753,3.069795373278339e-05,3.069795373278339e-05
Top-1 accuracy,Com-brainTF,212,88.6,92.62138135552789,92.62135133806943,3.0017458456654822e-05,3.0017458456654822e-05
Top-1 accuracy,Com-brainTF,213,88.6,82.97452929082058,82.97448259106277,4.669975781723679e-05,4.669975781723679e-05
Top-1 accuracy,Com-brainTF,214,88.6,88.94511634030042,88.94507823744225,3.810285816996384e-05,3.810285816996384e-05
Top-1 accuracy,Com-brainTF,215,88.6,88.11964960905381,88.11960161330008,4.7995753732266166e-05,4.7995753732266166e-05
Top-1 accuracy,Com-brainTF,216,88.6,90.6140693103807,90.6140202293514,4.908102930301084e-05,4.908102930301084e-05
Top-1 accuracy,Com-brainTF,217,88.6,89.23962611056501,89.23958988471306,3.622585195728334e-05,3.622585195728334e-05
Top-1 accuracy,Com-brainTF,218,88.6,86.3441246234929,86.34409200478353,3.261870936910327e-05,3.261870936910327e-05
Top-1 accuracy,Com-brainTF,219,88.6,87.64286385535797,87.64283819300014,2.566235782808235e-05,2.566235782808235e-05
Top-1 accuracy,Com-brainTF,220,88.6,86.21195068394749,86.21192242958952,2.8254357971491117e-05,2.8254357971491117e-05
Top-1 accuracy,Com-brainTF,221,88.6,91.82806477129498,91.82802141579579,4.3355499187214264e-05,4.3355499187214264e-05
Top-1 accuracy,Com-brainTF,222,88.6,88.66396594649177,88.66393494601581,3.1000475956943774e-05,3.1000475956943774e-05
Top-1 accuracy,Com-brainTF,223,88.6,94.30361106674586,94.30357205725902,3.900948684076866e-05,3.900948684076866e-05
Top-1 accuracy,Com-brainTF,224,88.6,88.41804824747888,88.41801755855613,3.0688922748822733e-05,3.0688922748822733e-05
Top-1 accuracy,Com-brainTF,225,88.6,86.47482114371142,86.47477969926861,4.1444442814508875e-05,4.1444442814508875e-05
Top-1 accuracy,Com-brainTF,226,88.6,84.0589100029557,84.05885682216152,5.318079418259458e-05,5.318079418259458e-05
Top-1 accuracy,Com-brainTF,227,88.6,83.19062816043562,83.19058097123217,4.718920345680999e-05,4.718920345680999e-05
Top-1 accuracy,Com-brainTF,228,88.6,83.84765406381223,83.84759217098352,6.189282871105206e-05,6.189282871105206e-05
Top-1 accuracy,Com-brainTF,229,88.6,89.40142105556453,89.40137995303445,4.1102530076386756e-05,4.1102530076386756e-05
Top-1 accuracy,Com-brainTF,230,88.6,90.12620791993422,90.1261750696898,3.285024442334361e-05,3.285024442334361e-05
Top-1 accuracy,Com-brainTF,231,88.6,83.856465993662,83.8564278939036,3.8099758398857375e-05,3.8099758398857375e-05
Top-1 accuracy,Com-brainTF,232,88.6,91.28515824246895,91.28511494222835,4.330024060550386e-05,4.330024060550386e-05
Top-1 accuracy,Com-brainTF,233,88.6,87.15085066619287,87.15081684494967,3.3821243192733164e-05,3.3821243192733164e-05
Top-1 accuracy,Com-brainTF,234,88.6,89.04041489508663,89.04037903595665,3.5859129980053694e-05,3.5859129980053694e-05
Top-1 accuracy,Com-brainTF,235,88.6,93.43670647953053,93.43666188476627,4.459476426177389e-05,4.459476426177389e-05
Top-1 accuracy,Com-brainTF,236,88.6,91.29055958736409,91.29051794759658,4.163976750248821e-05,4.163976750248821e-05
Top-1 accuracy,Com-brainTF,237,88.6,87.79445208649909,87.79440805628249,4.403021659982187e-05,4.403021659982187e-05
Top-1 accuracy,Com-brainTF,238,88.6,85.92646819618031,85.92642332375414,4.48724261730149e-05,4.48724261730149e-05
Top-1 accuracy,Com-brainTF,239,88.6,82.14461527698995,82.14455379601208,6.148097787672668e-05,6.148097787672668e-05
Top-1 accuracy,Com-brainTF,240,88.6,86.44258836137945,86.44254004227274,4.8319106710437154e-05,4.8319106710437154e-05
Top-1 accuracy,Com-brainTF,241,88.6,87.96665156930075,87.96660928351692,4.228578383447257e-05,4.228578383447257e-05
Top-1 accuracy,Com-brainTF,242,88.6,85.63850664886459,85.63846141854644,4.523031815040213e-05,4.523031815040213e-05
Top-1 accuracy,Com-brainTF,243,88.6,88.20626644721906,88.20622909872309,3.734849597947232e-05,3.734849597947232e-05
Top-1 accuracy,Com-brainTF,244,88.6,88.83061884656617,88.8305556488763,6.319768986884355e-05,6.319768986884355e-05
Top-1 accuracy,Com-brainTF,245,88.6,87.92547664389019,87.92543205457577,4.458931442741232e-05,4.458931442741232e-05
Top-1 accuracy,Com-brainTF,246,88.6,86.65004057178129,86.64999225752962,4.831425167139969e-05,4.831425167139969e-05
Top-1 accuracy,Com-brainTF,247,88.6,89.10602483370377,89.10596401590018,6.081780358613287e-05,6.081780358613287e-05
Top-1 accuracy,Com-brainTF,248,88.6,89.92586234690484,89.92582194870822,4.039819661727506e-05,4.039819661727506e-05
Top-1 accuracy,Com-brainTF,249,88.6,85.32884957434842,85.32880276767146,4.680667696277396e-05,4.680667696277396e-05
Top-1 accuracy,Com-brainTF,250,88.6,92.83285264731902,92.8327971392388,5.550808020871045e-05,5.550808020871045e-05
Top-1 accuracy,Com-brainTF,251,88.6,88.3042719347042,88.3042356031472,3.633155699844792e-05,3.633155699844792e-05
Top-1 accuracy,Com-brainTF,252,88.6,88.65658135395782,88.65654886883453,3.248512328468678e-05,3.248512328468678e-05
Top-1 accuracy,Com-brainTF,253,88.6,90.72469546465837,90.72464326976967,5.219488869556699e-05,5.219488869556699e-05
Top-1 accuracy,Com-brainTF,254,88.6,89.2997069951588,89.2996483937905,5.8601368294830536e-05,5.8601368294830536e-05
Top-1 accuracy,Com-brainTF,255,88.6,91.45945866563548,91.45940990173973,4.876389574803852e-05,4.876389574803852e-05
Top-1 accuracy,Com-brainTF,256,88.6,89.46140177613613,89.46137249560547,2.928053065431868e-05,2.928053065431868e-05
Top-1 accuracy,Com-brainTF,257,88.6,86.76273260901604,86.76268787607869,4.4732937354297064e-05,4.4732937354297064e-05
Top-1 accuracy,Com-brainTF,258,88.6,89.68455720111254,89.6845105756183,4.662549423528617e-05,4.662549423528617e-05
Top-1 accuracy,Com-brainTF,259,88.6,85.16886008584841,85.168821378038,3.870781040404836e-05,3.870781040404836e-05
Top-1 accuracy,Com-brainTF,260,88.6,88.9257195774086,88.92567911732957,4.0460079034687624e-05,4.0460079034687624e-05
Top-1 accuracy,Com-brainTF,261,88.6,88.50034801628891,88.50031002806661,3.798822230294263e-05,3.798822230294263e-05
Top-1 accuracy,Com-brainTF,262,88.6,87.9756938764015,87.97564942818238,4.444821911420149e-05,4.444821911420149e-05
Top-1 accuracy,Com-brainTF,263,88.6,88.21443983142754,88.2143874656832,5.2365744338089826e-05,5.2365744338089826e-05
Top-1 accuracy,Com-brainTF,264,88.6,82.95449147818692,82.95445286350707,3.861467985188938e-05,3.861467985188938e-05
Top-1 accuracy,Com-brainTF,265,88.6,86.95387060430812,86.95382527677711,4.532753101216258e-05,4.532753101216258e-05
Top-1 accuracy,Com-brainTF,266,88.6,88.87858739677992,88.87853470342334,5.26933565794252e-05,5.26933565794252e-05
Top-1 accuracy,Com-brainTF,267,88.6,89.07960406875779,89.07956917599219,3.4892765597760445e-05,3.4892765597760445e-05
Top-1 accuracy,Com-brainTF,268,88.6,85.5170001776795,85.51697457722211,2.560045739130601e-05,2.560045739130601e-05
Top-1 accuracy,Com-brainTF,269,88.6,92.39715918371544,92.3971235225941,3.5661121344787716e-05,3.5661121344787716e-05
Top-1 accuracy,Com-brainTF,270,88.6,86.00149856108187,86.0014754553565,2.3105725375671682e-05,2.3105725375671682e-05
Top-1 accuracy,Com-brainTF,271,88.6,91.50842885607085,91.50837160158021,5.725449064186705e-05,5.725449064186705e-05
Top-1 accuracy,Com-brainTF,272,88.6,89.88161989831553,89.88158308561505,3.681270048616625e-05,3.681270048616625e-05
Top-1 accuracy,Com-brainTF,273,88.6,86.66134658578291,86.66131807046858,2.8515314326682528e-05,2.8515314326682528e-05
Top-1 accuracy,Com-brainTF,274,88.6,93.92596515808617,93.92593267782853,3.2480257644351695e-05,3.2480257644351695e-05
Top-1 accuracy,Com-brainTF,275,88.6,85.01912739321786,85.01908950473056,3.788848729868732e-05,3.788848729868732e-05
Top-1 accuracy,Com-brainTF,276,88.6,91.35749920337545,91.35746252083,3.668254545630134e-05,3.668254545630134e-05
Top-1 accuracy,Com-brainTF,277,88.6,91.60179174112875,91.60174695412893,4.4786999822576945e-05,4.4786999822576945e-05
Top-1 accuracy,Com-brainTF,278,88.6,86.58818678399524,86.58813937277006,4.741122518225893e-05,4.741122518225893e-05
Top-1 accuracy,Com-brainTF,279,88.6,92.77743189385636,92.77739590019299,3.599366337425636e-05,3.599366337425636e-05
Top-1 accuracy,Com-brainTF,280,88.6,87.84990288916839,87.84986045620313,4.243296525885398e-05,4.243296525885398e-05
Top-1 accuracy,Com-brainTF,281,88.6,89.46612951798221,89.46608088783957,4.863014264344656e-05,4.863014264344656e-05
Top-1 accuracy,Com-brainTF,282,88.6,89.3810051237472,89.38096551631365,3.960743354980423e-05,3.960743354980423e-05
Top-1 accuracy,Com-brainTF,283,88.6,88.19710895149282,88.19707377558835,3.517590447188468e-05,3.517590447188468e-05
Top-1 accuracy,Com-brainTF,284,88.6,91.03246444735676,91.03242481947935,3.962787741329521e-05,3.962787741329521e-05
Top-1 accuracy,Com-brainTF,285,88.6,90.98052439366427,90.98046616165664,5.823200763188652e-05,5.823200763188652e-05
Top-1 accuracy,Com-brainTF,286,88.6,83.35445643508503,83.35440408028545,5.235479957832467e-05,5.235479957832467e-05
Top-1 accuracy,Com-brainTF,287,88.6,92.5130689901622,92.51302072863446,4.826152773773629e-05,4.826152773773629e-05
Top-1 accuracy,Com-brainTF,288,88.6,83.61258412839956,83.61252403589297,6.009250658678411e-05,6.009250658678411e-05
Top-1 accuracy,Com-brainTF,289,88.6,91.69767875954517,91.69763861302496,4.014652020600806e-05,4.014652020600806e-05
Top-1 accuracy,Com-brainTF,290,88.6,91.98017635945189,91.98011541048274,6.0948969149876575e-05,6.0948969149876575e-05
Top-1 accuracy,Com-brainTF,291,88.6,85.32714177777055,85.3271007093544,4.106841615225676e-05,4.106841615225676e-05
Top-1 accuracy,Com-brainTF,292,88.6,87.36758808144918,87.36755713613624,3.094531294323133e-05,3.094531294323133e-05
Top-1 accuracy,Com-brainTF,293,88.6,85.28293188248847,85.28288599454218,4.588794628546111e-05,4.588794628546111e-05
Top-1 accuracy,Com-brainTF,294,88.6,87.95529547328806,87.95523690913379,5.856415427274442e-05,5.856415427274442e-05
Top-1 accuracy,Com-brainTF,295,88.6,87.67594803187833,87.67589714744277,5.088443556644506e-05,5.088443556644506e-05
Top-1 accuracy,Com-brainTF,296,88.6,90.93902143108113,90.93898159680802,3.983427311027299e-05,3.983427311027299e-05
Top-1 accuracy,Com-brainTF,297,88.6,92.5309733091238,92.53092623835882,4.707076497822982e-05,4.707076497822982e-05
Top-1 accuracy,Com-brainTF,298,88.6,92.78709772199507,92.78705143236986,4.628962520314417e-05,4.628962520314417e-05
Top-1 accuracy,Com-brainTF,299,88.6,86.91354957718652,86.91349592026509,5.3656921423339554e-05,5.3656921423339554e-05
Top-1 accuracy,Com-brainTF,300,88.6,87.97237844726791,87.9723343787664,4.406850150928676e-05,4.406850150928676e-05
Top-1 accuracy,Com-brainTF,301,88.6,78.49943115783958,78.4993708466743,6.031116528504299e-05,6.031116528504299e-05
Top-1 accuracy,Com-brainTF,302,88.6,83.76484345848917,83.76477960102287,6.38574663014424e-05,6.38574663014424e-05
Top-1 accuracy,Com-brainTF,303,88.6,94.38916115807507,94.38910979858474,5.1359490328195534e-05,5.1359490328195534e-05
Top-1 accuracy,Com-brainTF,304,88.6,98.29355223787877,98.29349694128939,5.5296589380304795e-05,5.5296589380304795e-05
Top-1 accuracy,Com-brainTF,305,88.6,81.19394852624102,81.19390676872047,4.175752054891291e-05,4.175752054891291e-05
Top-1 accuracy,Com-brainTF,306,88.6,85.04527020300233,85.04521444508264,5.5757919696475255e-05,5.5757919696475255e-05
Top-1 accuracy,Com-brainTF,307,88.6,88.4416318664971,88.44156545824643,6.640825067449896e-05,6.640825067449896e-05
Top-1 accuracy,Com-brainTF,308,88.6,90.28101141618677,90.28096695291764,4.446326913409848e-05,4.446326913409848e-05
Top-1 accuracy,Com-brainTF,309,88.6,83.74242675032914,83.74237888047011,4.786985903137975e-05,4.786985903137975e-05
Top-1 accuracy,Com-brainTF,310,88.6,91.14440275032474,91.14436626678453,3.6483540213794186e-05,3.6483540213794186e-05
Top-1 accuracy,Com-brainTF,311,88.6,85.75699317478147,85.7569639175745,2.925720697533052e-05,2.925720697533052e-05
Top-1 accuracy,Com-brainTF,312,88.6,88.5133292735612,88.51328637473031,4.289883088404167e-05,4.289883088404167e-05
Top-1 accuracy,Com-brainTF,313,88.6,91.87773861398605,91.87770548802219,3.3125963867064456e-05,3.3125963867064456e-05
Top-1 accuracy,Com-brainTF,314,88.6,88.63856184637075,88.63853361886562,2.8227505126210417e-05,2.8227505126210417e-05
Top-1 accuracy,Com-brainTF,315,88.6,85.9817236790064,85.98168465684059,3.9022165807978126e-05,3.9022165807978126e-05
Top-1 accuracy,Com-brainTF,316,88.6,87.94237932263016,87.94234117644501,3.81461851475251e-05,3.81461851475251e-05
Top-1 accuracy,Com-brainTF,317,88.6,88.06985807363671,88.06982224476798,3.5828868732323826e-05,3.5828868732323826e-05
Top-1 accuracy,Com-brainTF,318,88.6,86.37996581472329,86.37993382070722,3.199401606934771e-05,3.199401606934771e-05
Top-1 accuracy,Com-brainTF,319,88.6,87.04724851396936,87.04722362399738,2.488997198213383e-05,2.488997198213383e-05
Top-1 accuracy,Com-brainTF,320,88.6,98.19193583739465,98.1918830230283,5.281436635584669e-05,5.281436635584669e-05
Top-1 accuracy,Com-brainTF,321,88.6,91.96555491631669,91.96551668764742,3.822866926839197e-05,3.822866926839197e-05
Top-1 accuracy,Com-brainTF,322,88.6,86.82716311627225,86.82711809182503,4.5024447217656416e-05,4.5024447217656416e-05
Top-1 accuracy,Com-brainTF,323,88.6,92.78174896321158,92.78172642706441,2.2536147170626464e-05,2.2536147170626464e-05
Top-1 accuracy,Com-brainTF,324,88.6,86.59713143117438,86.59708306146393,4.8369710441420466e-05,4.8369710441420466e-05
Top-1 accuracy,Com-brainTF,325,88.6,95.63878245757208,95.63874782551984,3.463205223397381e-05,3.463205223397381e-05
Top-1 accuracy,Com-brainTF,326,88.6,90.8178930790797,90.81785315318855,3.992589114432121e-05,3.992589114432121e-05
Top-1 accuracy,Com-brainTF,327,88.6,87.9562470314986,87.95618713597462,5.9895523989439425e-05,5.9895523989439425e-05
Top-1 accuracy,Com-brainTF,328,88.6,91.28634017793047,91.28630155486167,3.8623068803644856e-05,3.8623068803644856e-05
Top-1 accuracy,Com-brainTF,329,88.6,79.17477205266864,79.174743087589,2.896507965033379e-05,2.896507965033379e-05
Top-1 accuracy,Com-brainTF,330,88.6,81.83942050966114,81.83939518654117,2.5323119970721564e-05,2.5323119970721564e-05
Top-1 accuracy,Com-brainTF,331,88.6,81.43648568950591,81.43644996160566,3.572790025430095e-05,3.572790025430095e-05
Top-1 accuracy,Com-brainTF,332,88.6,89.45771073191943,89.45765856858223,5.216333720170496e-05,5.216333720170496e-05
Top-1 accuracy,Com-brainTF,333,88.6,98.99513610651448,98.99508999691055,4.610960392881225e-05,4.610960392881225e-05
Top-1 accuracy,Com-brainTF,334,88.6,100.00003666706345,100.0,3.666706345484272e-05,3.666706345484272e-05
Top-1 accuracy,Com-brainTF,335,88.6,92.42834024381472,92.42830660864453,3.363517018328821e-05,3.363517018328821e-05
Top-1 accuracy,Com-brainTF,336,88.6,91.60512219486567,91.60506684966674,5.534519893046763e-05,5.534519893046763e-05
Top-1 accuracy,Com-brainTF,337,88.6,77.79368296998246,77.79365359508355,2.9374898900869084e-05,2.9374898900869084e-05
Top-1 accuracy,Com-brainTF,338,88.6,85.3439968786,85.34395720159587,3.967700412488284e-05,3.967700412488284e-05
Top-1 accuracy,Com-brainTF,339,88.6,83.87333611909476,83.87329748855056,3.863054419639411e-05,3.863054419639411e-05
Top-1 accuracy,Com-brainTF,340,88.6,84.8749563079179,84.8749144104933,4.189742459459467e-05,4.189742459459467e-05
Top-1 accuracy,Com-brainTF,341,88.6,87.59118673222366,87.59113708849125,4.964373241023168e-05,4.964373241023168e-05
Top-1 accuracy,Com-brainTF,342,88.6,85.76751290120912,85.76745653381722,5.636739189185391e-05,5.636739189185391e-05
Top-1 accuracy,Com-brainTF,343,88.6,76.72423420945125,76.72420113774527,3.307170598532139e-05,3.307170598532139e-05
Top-1 accuracy,Com-brainTF,344,88.6,93.0874996408634,93.08746153670519,3.8104158207374894e-05,3.8104158207374894e-05
Top-1 accuracy,Com-brainTF,345,88.6,82.16358634278758,82.16354184556116,4.449722642618781e-05,4.449722642618781e-05
Top-1 accuracy,Com-brainTF,346,88.6,90.03553694297194,90.03548118466689,5.575830505222257e-05,5.575830505222257e-05
Top-1 accuracy,Com-brainTF,347,88.6,100.00005669986788,100.0,5.669986788348069e-05,5.669986788348069e-05
Top-1 accuracy,Com-brainTF,348,88.6,83.08374313238575,83.08369245048145,5.068190429824426e-05,5.068190429824426e-05
Top-1 accuracy,Com-brainTF,349,88.6,73.4183294223214,73.41827486352202,5.455879939120223e-05,5.455879939120223e-05
Top-1 accuracy,Com-brainTF,350,88.6,86.88402623165405,86.88397466871933,5.156293471486606e-05,5.156293471486606e-05
Top-1 accuracy,Com-brainTF,351,88.6,95.20579843076803,95.20575780999143,4.0620776601940634e-05,4.0620776601940634e-05
Top-1 accuracy,Com-brainTF,352,88.6,100.00005669986788,100.0,5.669986788348069e-05,5.669986788348069e-05
Top-1 accuracy,Com-brainTF,353,88.6,81.22275069081391,81.22270243328549,4.825752841952635e-05,4.825752841952635e-05
Top-1 accuracy,Com-brainTF,354,88.6,91.580243955861,91.58019533941912,4.8616441873150507e-05,4.8616441873150507e-05
Top-1 accuracy,Com-brainTF,355,88.6,85.80819451881052,85.80813725931968,5.725949084478543e-05,5.725949084478543e-05
Top-1 accuracy,Com-brainTF,356,88.6,87.964370333696,87.96430987417519,6.0459520810240974e-05,6.0459520810240974e-05
Top-1 accuracy,Com-brainTF,357,88.6,100.00005669986788,100.0,5.669986788348069e-05,5.669986788348069e-05
Top-1 accuracy,Com-brainTF,358,88.6,79.58225431943006,79.58217802962908,7.628980098672855e-05,7.628980098672855e-05
Top-1 accuracy,Com-brainTF,359,88.6,90.12248181830978,90.12243796896743,4.384934234735738e-05,4.384934234735738e-05
Top-1 accuracy,Com-brainTF,360,88.6,91.40622148785597,91.40615903059259,6.245726338249824e-05,6.245726338249824e-05
Top-1 accuracy,Com-brainTF,361,88.6,95.11478439202983,95.11471794963607,6.644239375930283e-05,6.644239375930283e-05
Top-1 accuracy,Com-brainTF,362,88.6,89.18796401203403,89.18789892082536,6.509120866837748e-05,6.509120866837748e-05
Top-1 accuracy,Com-brainTF,363,88.6,90.44836796851686,90.4483032370246,6.473149225882935e-05,6.473149225882935e-05
Top-1 accuracy,Com-brainTF,364,88.6,86.25015574610092,86.25010859546924,4.7150631672820964e-05,4.7150631672820964e-05
Top-1 accuracy,Com-brainTF,365,88.6,90.21482553444217,90.21476164747064,6.388697153170142e-05,6.388697153170142e-05
Top-1 accuracy,Com-brainTF,366,88.6,86.54092439013773,86.54084634701553,7.804312220116572e-05,7.804312220116572e-05
Top-1 accuracy,Com-brainTF,367,88.6,92.32949838674452,92.3294313391363,6.704760821207856e-05,6.704760821207856e-05
Top-1 accuracy,Com-brainTF,368,88.6,86.38239479226074,86.3823379837382,5.680852254386082e-05,5.680852254386082e-05
Top-1 accuracy,Com-brainTF,369,88.6,90.86266138878534,90.86260236341312,5.9025372223686645e-05,5.9025372223686645e-05
Top-1 accuracy,Com-brainTF,370,88.6,88.42449881050617,88.42442311789013,7.569261603634914e-05,7.569261603634914e-05
Top-1 accuracy,Com-brainTF,371,88.6,95.35635246838031,95.35630150463301,5.096374729873787e-05,5.096374729873787e-05
Top-1 accuracy,Com-brainTF,372,88.6,88.29170134992279,88.29163765846907,6.36914537182065e-05,6.36914537182065e-05
Top-1 accuracy,Com-brainTF,373,88.6,77.96186086729428,77.96180519075871,5.567653556681762e-05,5.567653556681762e-05
Top-1 accuracy,Com-brainTF,374,88.6,96.17159495706466,96.17152900428394,6.595278071586108e-05,6.595278071586108e-05
Top-1 accuracy,Com-brainTF,375,88.6,83.16566728611267,83.16560619482428,6.10912883871606e-05,6.10912883871606e-05
Top-1 accuracy,Com-brainTF,376,88.6,84.67745288901737,84.67740196810708,5.092091029723633e-05,5.092091029723633e-05
Top-1 accuracy,Com-brainTF,377,88.6,85.02608378455706,85.02603223573904,5.15488180212742e-05,5.15488180212742e-05
Top-1 accuracy,Com-brainTF,378,88.6,96.84668794593887,96.8466285590249,5.9386913974890376e-05,5.9386913974890376e-05
Top-1 accuracy,Com-brainTF,379,88.6,75.78600783025493,75.78595471612782,5.311412711250796e-05,5.311412711250796e-05
Top-1 accuracy,Com-brainTF,380,88.6,100.00005669986788,100.0,5.669986788348069e-05,5.669986788348069e-05
Top-1 accuracy,Com-brainTF,381,88.6,100.00007172447121,100.0,7.17244712120646e-05,7.17244712120646e-05
Top-1 accuracy,Com-brainTF,382,88.6,100.00007172447121,100.0,7.17244712120646e-05,7.17244712120646e-05
Top-1 accuracy,Com-brainTF,383,88.6,100.00007172447121,100.0,7.17244712120646e-05,7.17244712120646e-05
Top-1 accuracy,Com-brainTF,384,88.6,100.00007172447121,100.0,7.17244712120646e-05,7.17244712120646e-05
Top-1 accuracy,Com-brainTF,385,88.6,100.00007172447121,100.0,7.17244712120646e-05,7.17244712120646e-05
Top-1 accuracy,Com-brainTF,386,88.6,100.00007172447121,100.0,7.17244712120646e-05,7.17244712120646e-05
Top-1 accuracy,Com-brainTF,387,88.6,100.00007172447121,100.0,7.17244712120646e-05,7.17244712120646e-05
Top-1 accuracy,Com-brainTF,388,88.6,100.00010678187897,100.0,0.00010678187896928648,0.00010678187896928648
Top-1 accuracy,Com-brainTF,389,88.6,99.40199234813738,99.4018980621136,9.428602378136475e-05,9.428602378136475e-05
Top-1 accuracy,Com-brainTF,390,88.6,99.03714489740955,99.03705684123848,8.80561710658867e-05,8.80561710658867e-05
Top-1 accuracy,Com-brainTF,391,88.6,75.18423866175468,75.1841521321783,8.65295763787799e-05,8.65295763787799e-05
Top-1 accuracy,Com-brainTF,392,88.6,76.84347697373546,76.843400733465,7.624027045949333e-05,7.624027045949333e-05
Top-1 accuracy,Com-brainTF,393,88.6,75.21220195264198,75.21212458317176,7.736947021896867e-05,7.736947021896867e-05
Top-1 accuracy,Com-brainTF,394,88.6,75.02771109227066,75.02763917921834,7.191305232367995e-05,7.191305232367995e-05
Top-1 accuracy,Com-brainTF,395,88.6,78.35025687963258,78.3501696255237,8.725410887677754e-05,8.725410887677754e-05
Top-1 accuracy,Com-brainTF,396,88.6,75.06621163828947,75.06614094805575,7.069023372707761e-05,7.069023372707761e-05
Top-1 accuracy,Com-brainTF,397,88.6,76.80681443752334,76.80672377852231,9.065900103166769e-05,9.065900103166769e-05
Top-1 accuracy,Com-brainTF,398,88.6,76.55833754774419,76.55827004398307,6.750376111597234e-05,6.750376111597234e-05
Top-1 accuracy,Com-brainTF,399,88.6,76.09371170633892,76.09362995562715,8.175071177163318e-05,8.175071177163318e-05
Top-1 accuracy,Com-brainTF,400,88.6,74.8945530412075,74.89446957307965,8.346812785475777e-05,8.346812785475777e-05
Top-1 accuracy,LG-GNN,1,89.1,89.0438780661529,89.0438737306623,4.33549060119276e-06,4.33549060119276e-06
Top-1 accuracy,LG-GNN,2,89.1,87.93443631567266,87.93444464073333,-8.325060676384055e-06,8.325060676384055e-06
Top-1 accuracy,LG-GNN,3,89.1,92.47232226594639,92.47233815995804,-1.5894011653472262e-05,1.5894011653472262e-05
Top-1 accuracy,LG-GNN,4,89.1,91.9425797937331,91.94257938636856,4.0736453854606225e-07,4.0736453854606225e-07
Top-1 accuracy,LG-GNN,5,89.1,86.78135810893721,86.78136699652917,-8.887591960160535e-06,8.887591960160535e-06
Top-1 accuracy,LG-GNN,6,89.1,90.32115214806849,90.3211568613736,-4.7133051026548856e-06,4.7133051026548856e-06
Top-1 accuracy,LG-GNN,7,89.1,86.18502158658903,86.18502979637614,-8.209787111468358e-06,8.209787111468358e-06
Top-1 accuracy,LG-GNN,8,89.1,84.96114744898895,84.9611455056332,1.9433557554293657e-06,1.9433557554293657e-06
Top-1 accuracy,LG-GNN,9,89.1,87.219841140558,87.21984832623009,-7.185672089349282e-06,7.185672089349282e-06
Top-1 accuracy,LG-GNN,10,89.1,91.6871765618214,91.68718041714827,-3.855326866641917e-06,3.855326866641917e-06
Top-1 accuracy,LG-GNN,11,89.1,91.95936728384758,91.95937513612826,-7.852280674569556e-06,7.852280674569556e-06
Top-1 accuracy,LG-GNN,12,89.1,90.63926056195464,90.63925626029187,4.301662769989889e-06,4.301662769989889e-06
Top-1 accuracy,LG-GNN,13,89.1,91.27529709448703,91.27528736054398,9.733943045375781e-06,9.733943045375781e-06
Top-1 accuracy,LG-GNN,14,89.1,90.64853324630636,90.64853486134487,-1.6150385135915712e-06,1.6150385135915712e-06
Top-1 accuracy,LG-GNN,15,89.1,87.17554860995764,87.17555521433114,-6.604373496088556e-06,6.604373496088556e-06
Top-1 accuracy,LG-GNN,16,89.1,90.3957718404792,90.39576763402182,4.206457376199069e-06,4.206457376199069e-06
Top-1 accuracy,LG-GNN,17,89.1,91.50124208748068,91.50122857568304,1.3511797632759226e-05,1.3511797632759226e-05
Top-1 accuracy,LG-GNN,18,89.1,91.36288051546614,91.36287398944071,6.526025430275695e-06,6.526025430275695e-06
Top-1 accuracy,LG-GNN,19,89.1,92.66674063296429,92.66674011442392,5.185403750829209e-07,5.185403750829209e-07
Top-1 accuracy,LG-GNN,20,89.1,91.22491459133917,91.22491154160319,3.0497359801984203e-06,3.0497359801984203e-06
Top-1 accuracy,LG-GNN,21,89.1,90.1543515060614,90.15434462262475,6.883436654447905e-06,6.883436654447905e-06
Top-1 accuracy,LG-GNN,22,89.1,92.31046221433249,92.31045071494928,1.1499383205659797e-05,1.1499383205659797e-05
Top-1 accuracy,LG-GNN,23,89.1,89.02042716446404,89.02043622225281,-9.057788773247921e-06,9.057788773247921e-06
Top-1 accuracy,LG-GNN,24,89.1,86.45437265858689,86.45437604631684,-3.3877299472351297e-06,3.3877299472351297e-06
Top-1 accuracy,LG-GNN,25,89.1,88.61079387532666,88.6107991081687,-5.2328420423464195e-06,5.2328420423464195e-06
Top-1 accuracy,LG-GNN,26,89.1,86.8653005677107,86.86529206558065,8.50213005776368e-06,8.50213005776368e-06
Top-1 accuracy,LG-GNN,27,89.1,87.07445807058988,87.07446517507685,-7.104486968501078e-06,7.104486968501078e-06
Top-1 accuracy,LG-GNN,28,89.1,88.66646003064363,88.66644398785344,1.6042790193182555e-05,1.6042790193182555e-05
Top-1 accuracy,LG-GNN,29,89.1,86.72275714777089,86.72274023700011,1.6910770781919382e-05,1.6910770781919382e-05
Top-1 accuracy,LG-GNN,30,89.1,88.17611958064862,88.17611541108288,4.169565741563019e-06,4.169565741563019e-06
Top-1 accuracy,LG-GNN,31,89.1,83.4191498728994,83.41915599913864,-6.126239242121301e-06,6.126239242121301e-06
Top-1 accuracy,LG-GNN,32,89.1,89.73987779055302,89.73988112211882,-3.3315657930188536e-06,3.3315657930188536e-06
Top-1 accuracy,LG-GNN,33,89.1,89.10361338487021,89.10361642608667,-3.041216459109819e-06,3.041216459109819e-06
Top-1 accuracy,LG-GNN,34,89.1,86.64872591899041,86.64873410679542,-8.187805008219584e-06,8.187805008219584e-06
Top-1 accuracy,LG-GNN,35,89.1,91.07772606487154,91.07773700529721,-1.0940425667627096e-05,1.0940425667627096e-05
Top-1 accuracy,LG-GNN,36,89.1,91.91271088232418,91.91271041287968,4.6944450105002034e-07,4.6944450105002034e-07
Top-1 accuracy,LG-GNN,37,89.1,84.2773226614827,84.27732040689307,2.2545896314341007e-06,2.2545896314341007e-06
Top-1 accuracy,LG-GNN,38,89.1,86.81181798807691,86.81182566430135,-7.676224441865998e-06,7.676224441865998e-06
Top-1 accuracy,LG-GNN,39,89.1,86.79256896711777,86.7925729506381,-3.983520329597923e-06,3.983520329597923e-06
Top-1 accuracy,LG-GNN,40,89.1,86.28030261267135,86.2802906966734,1.1915997944811352e-05,1.1915997944811352e-05
Top-1 accuracy,LG-GNN,41,89.1,91.58841483596892,91.58842452579523,-9.689826313774574e-06,9.689826313774574e-06
Top-1 accuracy,LG-GNN,42,89.1,88.51853279451257,88.51852158368159,1.1210830976438046e-05,1.1210830976438046e-05
Top-1 accuracy,LG-GNN,43,89.1,88.30647053499068,88.30645547606817,1.5058922514299411e-05,1.5058922514299411e-05
Top-1 accuracy,LG-GNN,44,89.1,83.08842079222075,83.08841290677974,7.885441007715599e-06,7.885441007715599e-06
Top-1 accuracy,LG-GNN,45,89.1,91.00625653095787,91.00625409062768,2.440330192143847e-06,2.440330192143847e-06
Top-1 accuracy,LG-GNN,46,89.1,85.38221696535675,85.38222481543957,-7.850082823779303e-06,7.850082823779303e-06
Top-1 accuracy,LG-GNN,47,89.1,89.27979939575394,89.27979789079897,1.5049549659806871e-06,1.5049549659806871e-06
Top-1 accuracy,LG-GNN,48,89.1,89.93213261469222,89.93213081387456,1.8008176567718692e-06,1.8008176567718692e-06
Top-1 accuracy,LG-GNN,49,89.1,93.18199437937173,93.18197578751595,1.8591855777572164e-05,1.8591855777572164e-05
Top-1 accuracy,LG-GNN,50,89.1,85.1735377456834,85.17353880264265,-1.0569592490128343e-06,1.0569592490128343e-06
Top-1 accuracy,LG-GNN,51,89.1,80.04146379133688,80.04146353253752,2.5879936060846376e-07,2.5879936060846376e-07
Top-1 accuracy,LG-GNN,52,89.1,89.65153813120659,89.65154863426108,-1.0503054483024243e-05,1.0503054483024243e-05
Top-1 accuracy,LG-GNN,53,89.1,94.501560215545,94.50153354453255,2.667101244924197e-05,2.667101244924197e-05
Top-1 accuracy,LG-GNN,54,89.1,92.81685144477851,92.8168390588183,1.2385960204142066e-05,1.2385960204142066e-05
Top-1 accuracy,LG-GNN,55,89.1,89.72898244904226,89.72897824582387,4.203218395559816e-06,4.203218395559816e-06
Top-1 accuracy,LG-GNN,56,89.1,87.62509225372575,87.62509144310386,8.10621898494901e-07,8.10621898494901e-07
Top-1 accuracy,LG-GNN,57,89.1,91.52137756003594,91.52136778991192,9.770124023589233e-06,9.770124023589233e-06
Top-1 accuracy,LG-GNN,58,89.1,86.17935981523628,86.17936140088659,-1.5856503097211316e-06,1.5856503097211316e-06
Top-1 accuracy,LG-GNN,59,89.1,90.52907763347505,90.52907330806865,4.325406408156596e-06,4.325406408156596e-06
Top-1 accuracy,LG-GNN,60,89.1,90.61643318130375,90.61641047749987,2.2703803878698636e-05,2.2703803878698636e-05
Top-1 accuracy,LG-GNN,61,89.1,92.28064338493462,92.28062972249663,1.3662437993389176e-05,1.3662437993389176e-05
Top-1 accuracy,LG-GNN,62,89.1,97.3789946171195,97.37898011673323,1.4500386271265597e-05,1.4500386271265597e-05
Top-1 accuracy,LG-GNN,63,89.1,90.27725276125511,90.2772479015363,4.859718814032021e-06,4.859718814032021e-06
Top-1 accuracy,LG-GNN,64,89.1,87.57310211802218,87.5731091228775,-7.004855319792114e-06,7.004855319792114e-06
Top-1 accuracy,LG-GNN,65,89.1,89.0232643103918,89.023277063424,-1.27530322089342e-05,1.27530322089342e-05
Top-1 accuracy,LG-GNN,66,89.1,83.79277419606925,83.79277228533265,1.910736600052587e-06,1.910736600052587e-06
Top-1 accuracy,LG-GNN,67,89.1,87.015854605323,87.01586060673282,-6.001409815326042e-06,6.001409815326042e-06
Top-1 accuracy,LG-GNN,68,89.1,87.87214180618909,87.87215268566068,-1.087947158850966e-05,1.087947158850966e-05
Top-1 accuracy,LG-GNN,69,89.1,87.52772531188188,87.52773480619622,-9.494314340940946e-06,9.494314340940946e-06
Top-1 accuracy,LG-GNN,70,89.1,89.55707845010599,89.55706461610116,1.3834004832347091e-05,1.3834004832347091e-05
Top-1 accuracy,LG-GNN,71,89.1,86.63275977385766,86.6327402028534,1.9571004258978064e-05,1.9571004258978064e-05
Top-1 accuracy,LG-GNN,72,89.1,92.46308213490187,92.46309200197341,-9.867071540270445e-06,9.867071540270445e-06
Top-1 accuracy,LG-GNN,73,89.1,89.1006259929092,89.10062119475458,4.798154620289097e-06,4.798154620289097e-06
Top-1 accuracy,LG-GNN,74,89.1,89.07210428759836,89.07209903658415,5.251014215446048e-06,5.251014215446048e-06
Top-1 accuracy,LG-GNN,75,89.1,88.1163191553169,88.11631585046123,3.304855667352058e-06,3.304855667352058e-06
Top-1 accuracy,LG-GNN,76,89.1,89.56556234278318,89.56557205157694,-9.708793754725775e-06,9.708793754725775e-06
Top-1 accuracy,LG-GNN,77,89.1,91.57530336546782,91.5752947940029,8.571464917395133e-06,8.571464917395133e-06
Top-1 accuracy,LG-GNN,78,89.1,86.49860008257286,86.49860935286729,-9.270294427210501e-06,9.270294427210501e-06
Top-1 accuracy,LG-GNN,79,89.1,87.12564188591504,87.12565053277423,-8.646859186001166e-06,8.646859186001166e-06
Top-1 accuracy,LG-GNN,80,89.1,88.18880535405553,88.18882191367,-1.6559614465450068e-05,1.6559614465450068e-05
Top-1 accuracy,LG-GNN,81,89.1,85.06237070568608,85.06238722958035,-1.6523894274200757e-05,1.6523894274200757e-05
Top-1 accuracy,LG-GNN,82,89.1,86.64221024934872,86.6422264208355,-1.6171486777238897e-05,1.6171486777238897e-05
Top-1 accuracy,LG-GNN,83,89.1,87.67132045405441,87.67133737936602,-1.692531161268107e-05,1.692531161268107e-05
Top-1 accuracy,LG-GNN,84,89.1,91.72316549498447,91.72316754213817,-2.047153699891169e-06,2.047153699891169e-06
Top-1 accuracy,LG-GNN,85,89.1,89.88767481345528,89.88768398700577,-9.17355049523394e-06,9.17355049523394e-06
Top-1 accuracy,LG-GNN,86,89.1,89.68076599287367,89.68076973410263,-3.7412289515259545e-06,3.7412289515259545e-06
Top-1 accuracy,LG-GNN,87,89.1,91.65268007258854,91.65269388650391,-1.3813915373361851e-05,1.3813915373361851e-05
Top-1 accuracy,LG-GNN,88,89.1,88.68787509858203,88.6878846348018,-9.536219778283339e-06,9.536219778283339e-06
Top-1 accuracy,LG-GNN,89,89.1,90.27139316595859,90.27139454978666,-1.3838280779054912e-06,1.3838280779054912e-06
Top-1 accuracy,LG-GNN,90,89.1,88.79032786865119,88.7903347412025,-6.872551310266317e-06,6.872551310266317e-06
Top-1 accuracy,LG-GNN,91,89.1,89.89609359951805,89.89608704819888,6.551319174263881e-06,6.551319174263881e-06
Top-1 accuracy,LG-GNN,92,89.1,87.35171959623804,87.35172402716525,-4.430927205589796e-06,4.430927205589796e-06
Top-1 accuracy,LG-GNN,93,89.1,81.78352648119377,81.7835485251707,-2.2043976926511277e-05,2.2043976926511277e-05
Top-1 accuracy,LG-GNN,94,89.1,88.69716531163762,88.69716251344109,2.7981965331491665e-06,2.7981965331491665e-06
Top-1 accuracy,LG-GNN,95,89.1,93.36824186628172,93.36824440829982,-2.542018094686682e-06,2.542018094686682e-06
Top-1 accuracy,LG-GNN,96,89.1,91.87864259428606,91.87864620672477,-3.612438703726184e-06,3.612438703726184e-06
Top-1 accuracy,LG-GNN,97,89.1,91.99619258659573,91.9961924537735,1.3282222255384113e-07,1.3282222255384113e-07
Top-1 accuracy,LG-GNN,98,89.1,92.80838257670464,92.80839216541865,-9.588714007691124e-06,9.588714007691124e-06
Top-1 accuracy,LG-GNN,99,89.1,89.365990536825,89.3659727728843,1.7763940689974334e-05,1.7763940689974334e-05
Top-1 accuracy,LG-GNN,100,89.1,89.69192676904316,89.69194712221677,-2.035317361048783e-05,2.035317361048783e-05
Top-1 accuracy,LG-GNN,101,89.1,87.24705069717852,87.24704431369695,6.383481576222039e-06,6.383481576222039e-06
Top-1 accuracy,LG-GNN,102,89.1,88.15178222736363,88.15178143191885,7.954447767133388e-07,7.954447767133388e-07
Top-1 accuracy,LG-GNN,103,89.1,90.9473250285184,90.94731344931341,1.1579204993950043e-05,1.1579204993950043e-05
Top-1 accuracy,LG-GNN,104,89.1,92.71165918870318,92.71165331150644,5.877196741721491e-06,5.877196741721491e-06
Top-1 accuracy,LG-GNN,105,89.1,88.68165741690626,88.68166117295699,-3.756050730885363e-06,3.756050730885363e-06
Top-1 accuracy,LG-GNN,106,89.1,87.74942084623527,87.74943220544576,-1.1359210489558791e-05,1.1359210489558791e-05
Top-1 accuracy,LG-GNN,107,89.1,89.10157755111976,89.10158387656979,-6.325450030431057e-06,6.325450030431057e-06
Top-1 accuracy,LG-GNN,108,89.1,90.90362346564879,90.90362024678734,3.2188614511596825e-06,3.2188614511596825e-06
Top-1 accuracy,LG-GNN,109,89.1,84.76841684574448,84.76843555159937,-1.870585488461529e-05,1.870585488461529e-05
Top-1 accuracy,LG-GNN,110,89.1,82.21143970437583,82.21145714058828,-1.743621244543192e-05,1.743621244543192e-05
Top-1 accuracy,LG-GNN,111,89.1,87.44839540632898,87.44838945152524,5.954803739882664e-06,5.954803739882664e-06
Top-1 accuracy,LG-GNN,112,89.1,85.4378505673665,85.43786272225752,-1.2154891024351855e-05,1.2154891024351855e-05
Top-1 accuracy,LG-GNN,113,89.1,87.57557867347015,87.57557940705806,-7.335879104175547e-07,7.335879104175547e-07
Top-1 accuracy,LG-GNN,114,89.1,88.65667901387943,88.65665904354758,1.9970331848639944e-05,1.9970331848639944e-05
Top-1 accuracy,LG-GNN,115,89.1,87.74026335050905,87.74025477293095,8.577578100243954e-06,8.577578100243954e-06
Top-1 accuracy,LG-GNN,116,89.1,93.45740036650935,93.45740260341223,-2.2369028869206886e-06,2.2369028869206886e-06
Top-1 accuracy,LG-GNN,117,89.1,90.08024014606318,90.08023429380695,5.852256222738106e-06,5.852256222738106e-06
Top-1 accuracy,LG-GNN,118,89.1,90.00143610162664,90.00142307883247,1.3022794163930485e-05,1.3022794163930485e-05
Top-1 accuracy,LG-GNN,119,89.1,90.96660660278474,90.9666214321302,-1.4829345460043442e-05,1.4829345460043442e-05
Top-1 accuracy,LG-GNN,120,89.1,85.68350533582121,85.68350064665769,4.689163517923589e-06,4.689163517923589e-06
Top-1 accuracy,LG-GNN,121,89.1,92.21732970652555,92.2173353622608,-5.6557352507979886e-06,5.6557352507979886e-06
Top-1 accuracy,LG-GNN,122,89.1,88.87271277688006,88.87270714039362,5.6364864491342814e-06,5.6364864491342814e-06
Top-1 accuracy,LG-GNN,123,89.1,91.11143376242987,91.11144185172363,-8.089293757507221e-06,8.089293757507221e-06
Top-1 accuracy,LG-GNN,124,89.1,85.88443937248081,85.88442830087953,1.1071601278445087e-05,1.1071601278445087e-05
Top-1 accuracy,LG-GNN,125,89.1,84.43870693399134,84.4387237019518,-1.676796046012896e-05,1.676796046012896e-05
Top-1 accuracy,LG-GNN,126,89.1,91.55365792027845,91.55366897407508,-1.1053796626470103e-05,1.1053796626470103e-05
Top-1 accuracy,LG-GNN,127,89.1,90.22923412903029,90.22922857829255,5.550737739667966e-06,5.550737739667966e-06
Top-1 accuracy,LG-GNN,128,89.1,86.39383352359172,86.39384533692747,-1.1813335746069242e-05,1.1813335746069242e-05
Top-1 accuracy,LG-GNN,129,89.1,86.49100264149182,86.49101075617591,-8.114684092674906e-06,8.114684092674906e-06
Top-1 accuracy,LG-GNN,130,89.1,92.47629376942514,92.4763043532443,-1.0583819161524843e-05,1.0583819161524843e-05
Top-1 accuracy,LG-GNN,131,89.1,85.53175433814408,85.53176432139801,-9.983253931977742e-06,9.983253931977742e-06
Top-1 accuracy,LG-GNN,132,89.1,94.02800725566448,94.02801885976788,-1.1604103406170907e-05,1.1604103406170907e-05
Top-1 accuracy,LG-GNN,133,89.1,86.39813306424307,86.39813779605639,-4.731813319835965e-06,4.731813319835965e-06
Top-1 accuracy,LG-GNN,134,89.1,91.01516862482981,91.01517577682515,-7.151995333742889e-06,7.151995333742889e-06
Top-1 accuracy,LG-GNN,135,89.1,88.11413557963375,88.11414457275303,-8.99311928037605e-06,8.99311928037605e-06
Top-1 accuracy,LG-GNN,136,89.1,90.90956319216306,90.90956229324702,8.989160420469489e-07,8.989160420469489e-07
Top-1 accuracy,LG-GNN,137,89.1,87.46766195599199,87.46765799365741,3.962334574225679e-06,3.962334574225679e-06
Top-1 accuracy,LG-GNN,138,89.1,88.61161522030841,88.61162128178312,-6.061474707053094e-06,6.061474707053094e-06
Top-1 accuracy,LG-GNN,139,89.1,89.22275598513225,89.22275752618715,-1.5410548996896978e-06,1.5410548996896978e-06
Top-1 accuracy,LG-GNN,140,89.1,86.0934316047234,86.09343763265558,-6.027932172969486e-06,6.027932172969486e-06
Top-1 accuracy,LG-GNN,141,89.1,91.32246182842292,91.32247303626038,-1.120783745989229e-05,1.120783745989229e-05
Top-1 accuracy,LG-GNN,142,89.1,87.56035123800086,87.56035930058523,-8.06258437080487e-06,8.06258437080487e-06
Top-1 accuracy,LG-GNN,143,89.1,88.41419193262561,88.41420025397994,-8.321354329154929e-06,8.321354329154929e-06
Top-1 accuracy,LG-GNN,144,89.1,86.11696514173055,86.11695187617445,1.3265556091823782e-05,1.3265556091823782e-05
Top-1 accuracy,LG-GNN,145,89.1,81.41300223450986,81.41299902361406,3.210895798133606e-06,3.210895798133606e-06
Top-1 accuracy,LG-GNN,146,89.1,88.52690149856426,88.5269167121995,-1.5213635236932532e-05,1.5213635236932532e-05
Top-1 accuracy,LG-GNN,147,89.1,96.33783718464818,96.33784626483875,-9.080190565669e-06,9.080190565669e-06
Top-1 accuracy,LG-GNN,148,89.1,91.45381442298661,91.45381286369407,1.5592925421969994e-06,1.5592925421969994e-06
Top-1 accuracy,LG-GNN,149,89.1,89.04222035158611,89.04221886079681,1.4907893017834795e-06,1.4907893017834795e-06
Top-1 accuracy,LG-GNN,150,89.1,88.31132849006556,88.31132751237519,9.77690376657847e-07,9.77690376657847e-07
Top-1 accuracy,LG-GNN,151,89.1,89.16738531368068,89.16739767843613,-1.2364755448857068e-05,1.2364755448857068e-05
Top-1 accuracy,LG-GNN,152,89.1,90.74135274154403,90.74135734552563,-4.603981594186735e-06,4.603981594186735e-06
Top-1 accuracy,LG-GNN,153,89.1,85.5575515820521,85.55756155407346,-9.972021359772043e-06,9.972021359772043e-06
Top-1 accuracy,LG-GNN,154,89.1,92.4429792156538,92.44296508400662,1.4131647191106822e-05,1.4131647191106822e-05
Top-1 accuracy,LG-GNN,155,89.1,91.24613433943435,91.24614394632373,-9.606889378233063e-06,9.606889378233063e-06
Top-1 accuracy,LG-GNN,156,89.1,91.25455312549713,91.2545571771238,-4.051626675050102e-06,4.051626675050102e-06
Top-1 accuracy,LG-GNN,157,89.1,90.41541650932587,90.41542721642918,-1.0707103314189226e-05,1.0707103314189226e-05
Top-1 accuracy,LG-GNN,158,89.1,89.1588513389924,89.15884997308197,1.3659104354246665e-06,1.3659104354246665e-06
Top-1 accuracy,LG-GNN,159,89.1,91.11857295310952,91.11858370790046,-1.0754790935152414e-05,1.0754790935152414e-05
Top-1 accuracy,LG-GNN,160,89.1,90.87546235081774,90.87544240122413,1.9949593607293536e-05,1.9949593607293536e-05
Top-1 accuracy,LG-GNN,161,89.1,88.03785817265626,88.03787786717692,-1.9694520659641057e-05,1.9694520659641057e-05
Top-1 accuracy,LG-GNN,162,89.1,87.37920710802007,87.37919468130929,1.2426710782165173e-05,1.2426710782165173e-05
Top-1 accuracy,LG-GNN,163,89.1,89.40557285428316,89.40556888578595,3.968497210848909e-06,3.968497210848909e-06
Top-1 accuracy,LG-GNN,164,89.1,93.74706971040293,93.74706045448556,9.25591736233855e-06,9.25591736233855e-06
Top-1 accuracy,LG-GNN,165,89.1,85.38267771985869,85.3826787730383,-1.0531796021950868e-06,1.0531796021950868e-06
Top-1 accuracy,LG-GNN,166,89.1,84.69742559503663,84.69742420274267,1.3922939672283974e-06,1.3922939672283974e-06
Top-1 accuracy,LG-GNN,167,89.1,89.5942818720378,89.59428252370954,-6.516717405702366e-07,6.516717405702366e-07
Top-1 accuracy,LG-GNN,168,89.1,89.25265744984839,89.25266310556805,-5.655719661490366e-06,5.655719661490366e-06
Top-1 accuracy,LG-GNN,169,89.1,89.62001400933141,89.62002499311122,-1.0983779802131721e-05,1.0983779802131721e-05
Top-1 accuracy,LG-GNN,170,89.1,89.83184589160231,89.8318595937255,-1.3702123183634285e-05,1.3702123183634285e-05
Top-1 accuracy,LG-GNN,171,89.1,88.43038845500934,88.43039323609558,-4.781086246907762e-06,4.781086246907762e-06
Top-1 accuracy,LG-GNN,172,89.1,93.56958657543218,93.56959031580624,-3.7403740549279973e-06,3.7403740549279973e-06
Top-1 accuracy,LG-GNN,173,89.1,84.29729536750196,84.29728806457045,7.30293150752459e-06,7.30293150752459e-06
Top-1 accuracy,LG-GNN,174,89.1,86.6145098890196,86.61450892565925,9.633603497150034e-07,9.633603497150034e-07
Top-1 accuracy,LG-GNN,175,89.1,88.79024773743348,88.79023571955285,1.2017880621328914e-05,1.2017880621328914e-05
Top-1 accuracy,LG-GNN,176,89.1,84.1704226088295,84.1704335665375,-1.0957707999637023e-05,1.0957707999637023e-05
Top-1 accuracy,LG-GNN,177,89.1,88.57242604663723,88.57243678670378,-1.0740066542780369e-05,1.0740066542780369e-05
Top-1 accuracy,LG-GNN,178,89.1,94.0844271452482,94.08441049718405,1.6648064146806973e-05,1.6648064146806973e-05
Top-1 accuracy,LG-GNN,179,89.1,89.16266007593515,89.16265946488788,6.110472696718716e-07,6.110472696718716e-07
Top-1 accuracy,LG-GNN,180,89.1,89.79209830350757,89.79210271715604,-4.413648468926112e-06,4.413648468926112e-06
Top-1 accuracy,LG-GNN,181,89.1,85.31949425467843,85.31950570448225,-1.1449803821506066e-05,1.1449803821506066e-05
Top-1 accuracy,LG-GNN,182,89.1,87.25090701203179,87.25091577588157,-8.763849777437827e-06,8.763849777437827e-06
Top-1 accuracy,LG-GNN,183,89.1,87.97439675231449,87.97441085902818,-1.4106713692285666e-05,1.4106713692285666e-05
Top-1 accuracy,LG-GNN,184,89.1,88.14685916567433,88.14685470973129,4.455943042103172e-06,4.455943042103172e-06
Top-1 accuracy,LG-GNN,185,89.1,92.94492116351582,92.9449313850113,-1.0221495486462118e-05,1.0221495486462118e-05
Top-1 accuracy,LG-GNN,186,89.1,90.77307468736296,90.77307318217537,1.505187597672375e-06,1.505187597672375e-06
Top-1 accuracy,LG-GNN,187,89.1,85.76562480939134,85.7656261291889,-1.319797561905034e-06,1.319797561905034e-06
Top-1 accuracy,LG-GNN,188,89.1,89.83952596800165,89.839514335296,1.1632705650299613e-05,1.1632705650299613e-05
Top-1 accuracy,LG-GNN,189,89.1,90.59467254748888,90.59466524549035,7.301998536490828e-06,7.301998536490828e-06
Top-1 accuracy,LG-GNN,190,89.1,92.5204560867967,92.5204471155638,8.971232901444637e-06,8.971232901444637e-06
Top-1 accuracy,LG-GNN,191,89.1,93.84162955552569,93.84162205970512,7.495820568692579e-06,7.495820568692579e-06
Top-1 accuracy,LG-GNN,192,89.1,86.05471821015749,86.05471742451638,7.85641105949253e-07,7.85641105949253e-07
Top-1 accuracy,LG-GNN,193,89.1,86.66741902962653,86.66742746636898,-8.436742447770484e-06,8.436742447770484e-06
Top-1 accuracy,LG-GNN,194,89.1,85.32725696639605,85.32726642325615,-9.456860098566722e-06,9.456860098566722e-06
Top-1 accuracy,LG-GNN,195,89.1,88.39794532823082,88.39794042267906,4.905551762135474e-06,4.905551762135474e-06
Top-1 accuracy,LG-GNN,196,89.1,90.49906098013344,90.499075123339,-1.4143205561367722e-05,1.4143205561367722e-05
Top-1 accuracy,LG-GNN,197,89.1,92.06200034915665,92.0620035497673,-3.2006106494009146e-06,3.2006106494009146e-06
Top-1 accuracy,LG-GNN,198,89.1,88.87213683375263,88.87214692907243,-1.0095319794345414e-05,1.0095319794345414e-05
Top-1 accuracy,LG-GNN,199,89.1,88.14045868465811,88.14045743023546,1.2544226564159544e-06,1.2544226564159544e-06
Top-1 accuracy,LG-GNN,200,89.1,89.55525546490264,89.55527397674622,-1.851184357803959e-05,1.851184357803959e-05
Top-1 accuracy,LG-GNN,201,89.1,86.59455471170423,86.59457129510993,-1.6583405695769216e-05,1.6583405695769216e-05
Top-1 accuracy,LG-GNN,202,89.1,95.36859501598914,95.36861616508432,-2.1149095175587718e-05,2.1149095175587718e-05
Top-1 accuracy,LG-GNN,203,89.1,84.27699462431012,84.27701691864581,-2.2294335693118228e-05,2.2294335693118228e-05
Top-1 accuracy,LG-GNN,204,89.1,89.65419748599501,89.65422173668716,-2.4250692149507813e-05,2.4250692149507813e-05
Top-1 accuracy,LG-GNN,205,89.1,95.17081113782658,95.17081865768891,-7.519862336380356e-06,7.519862336380356e-06
Top-1 accuracy,LG-GNN,206,89.1,89.12038334628082,89.12039953367999,-1.6187399168643424e-05,1.6187399168643424e-05
Top-1 accuracy,LG-GNN,207,89.1,88.52985633721806,88.52988289499551,-2.6557777445646025e-05,2.6557777445646025e-05
Top-1 accuracy,LG-GNN,208,89.1,88.02764895469733,88.02766373156871,-1.4776871381627643e-05,1.4776871381627643e-05
Top-1 accuracy,LG-GNN,209,89.1,88.55882126832697,88.55882495471278,-3.686385809942294e-06,3.686385809942294e-06
Top-1 accuracy,LG-GNN,210,89.1,93.21854172695836,93.21854542402959,-3.697071221608894e-06,3.697071221608894e-06
Top-1 accuracy,LG-GNN,211,89.1,82.4644139587501,82.46441426601147,-3.072613736776475e-07,3.072613736776475e-07
Top-1 accuracy,LG-GNN,212,89.1,93.70029812025403,93.70030110388898,-2.983634942665958e-06,2.983634942665958e-06
Top-1 accuracy,LG-GNN,213,89.1,84.82811961115459,84.82812854264955,-8.931494960506825e-06,8.931494960506825e-06
Top-1 accuracy,LG-GNN,214,89.1,88.30005502937115,88.30004301229675,1.2017074396908356e-05,1.2017074396908356e-05
Top-1 accuracy,LG-GNN,215,89.1,87.81225624143852,87.812266739104,-1.0497665485331709e-05,1.0497665485331709e-05
Top-1 accuracy,LG-GNN,216,89.1,90.86564878074634,90.86565980931215,-1.1028565808146595e-05,1.1028565808146595e-05
Top-1 accuracy,LG-GNN,217,89.1,84.30561398954256,84.30562694434875,-1.2954806180687228e-05,1.2954806180687228e-05
Top-1 accuracy,LG-GNN,218,89.1,90.48650792405587,90.48651799824583,-1.0074189958686475e-05,1.0074189958686475e-05
Top-1 accuracy,LG-GNN,219,89.1,95.17294463149864,95.17292886986056,1.5761638081812634e-05,1.5761638081812634e-05
Top-1 accuracy,LG-GNN,220,89.1,85.01047822990411,85.01047798622156,2.436825496943129e-07,2.436825496943129e-07
Top-1 accuracy,LG-GNN,221,89.1,89.66913194169948,89.66911850283118,1.3438868293746964e-05,1.3438868293746964e-05
Top-1 accuracy,LG-GNN,222,89.1,87.11407294135525,87.11405346661017,1.9474745073466693e-05,1.9474745073466693e-05
Top-1 accuracy,LG-GNN,223,89.1,90.3776546729705,90.3776616185791,-6.945608603814435e-06,6.945608603814435e-06
Top-1 accuracy,LG-GNN,224,89.1,89.15744153038048,89.15744333224725,-1.801866773121219e-06,1.801866773121219e-06
Top-1 accuracy,LG-GNN,225,89.1,87.17554860995764,87.17553927286707,9.337090574490503e-06,9.337090574490503e-06
Top-1 accuracy,LG-GNN,226,89.1,90.56362170061843,90.56361685461322,4.846005211334159e-06,4.846005211334159e-06
Top-1 accuracy,LG-GNN,227,89.1,94.5130640534904,94.51304432936023,1.9724130169151977e-05,1.9724130169151977e-05
Top-1 accuracy,LG-GNN,228,89.1,88.52731217105512,88.5272886248181,2.3546237017058047e-05,2.3546237017058047e-05
Top-1 accuracy,LG-GNN,229,89.1,91.25929589194654,91.25927382644454,2.2065501994461556e-05,2.2065501994461556e-05
Top-1 accuracy,LG-GNN,230,89.1,85.22017661850295,85.2201811263865,-4.5078835597678335e-06,4.5078835597678335e-06
Top-1 accuracy,LG-GNN,231,89.1,86.23069137249414,86.23069086954597,5.029481684459824e-07,5.029481684459824e-07
Top-1 accuracy,LG-GNN,232,89.1,90.51721320504987,90.51721883364112,-5.628591253525883e-06,5.628591253525883e-06
Top-1 accuracy,LG-GNN,233,89.1,93.55237088412296,93.55234808560789,2.279851507580588e-05,2.279851507580588e-05
Top-1 accuracy,LG-GNN,234,89.1,90.16685698422842,90.16684004635698,1.6937871436084606e-05,1.6937871436084606e-05
Top-1 accuracy,LG-GNN,235,89.1,88.16082453446437,88.16082590843052,-1.3739661568479278e-06,1.3739661568479278e-06
Top-1 accuracy,LG-GNN,236,89.1,89.09786897819917,89.09787421627006,-5.238070883706314e-06,5.238070883706314e-06
Top-1 accuracy,LG-GNN,237,89.1,85.3487721983566,85.34877679809084,-4.5997342397186e-06,4.5997342397186e-06
Top-1 accuracy,LG-GNN,238,89.1,90.9135522243457,90.9135459790661,6.245279593031228e-06,6.245279593031228e-06
Top-1 accuracy,LG-GNN,239,89.1,91.74700954046033,91.74699918697023,1.0353490097259055e-05,1.0353490097259055e-05
Top-1 accuracy,LG-GNN,240,89.1,87.74375907488252,87.74372900150075,3.0073381765305385e-05,3.0073381765305385e-05
Top-1 accuracy,LG-GNN,241,89.1,87.68988084736118,87.6898735567215,7.290639686630129e-06,7.290639686630129e-06
Top-1 accuracy,LG-GNN,242,89.1,89.89763612545937,89.89763468895615,1.436503225704655e-06,1.436503225704655e-06
Top-1 accuracy,LG-GNN,243,89.1,87.7898395332785,87.7898407918782,-1.2585997097858126e-06,1.2585997097858126e-06
Top-1 accuracy,LG-GNN,244,89.1,88.90161009727402,88.90160215612252,7.941151494605947e-06,7.941151494605947e-06
Top-1 accuracy,LG-GNN,245,89.1,95.39918510835766,95.39916536749953,1.974085812150861e-05,1.974085812150861e-05
Top-1 accuracy,LG-GNN,246,89.1,88.35893644979953,88.358922897762,1.3552037529507288e-05,1.3552037529507288e-05
Top-1 accuracy,LG-GNN,247,89.1,88.02499210400944,88.02497954393633,1.2560073116674175e-05,1.2560073116674175e-05
Top-1 accuracy,LG-GNN,248,89.1,87.15739888914175,87.15737458309452,2.4306047222921734e-05,2.4306047222921734e-05
Top-1 accuracy,LG-GNN,249,89.1,91.33258590696303,91.3325759144998,9.992463233743365e-06,9.992463233743365e-06
Top-1 accuracy,LG-GNN,250,89.1,88.55632718417512,88.55632748034569,-2.9617056895858695e-07,2.9617056895858695e-07
Top-1 accuracy,LG-GNN,251,89.1,87.15189988432502,87.15188088503572,1.8999289295607014e-05,1.8999289295607014e-05
Top-1 accuracy,LG-GNN,252,89.1,93.06391852594572,93.06391209681902,6.42912669945872e-06,6.42912669945872e-06
Top-1 accuracy,LG-GNN,253,89.1,93.35882143999731,93.3588090135409,1.2426456407865771e-05,1.2426456407865771e-05
Top-1 accuracy,LG-GNN,254,89.1,87.29874534901671,87.29872930278388,1.604623282958073e-05,1.604623282958073e-05
Top-1 accuracy,LG-GNN,255,89.1,83.5003828948734,83.50038014591814,2.74895525365082e-06,2.74895525365082e-06
Top-1 accuracy,LG-GNN,256,89.1,92.12253948415182,92.12254106951076,-1.5853589445669058e-06,1.5853589445669058e-06
Top-1 accuracy,LG-GNN,257,89.1,87.04611666051892,87.04611052271999,6.137798933991689e-06,6.137798933991689e-06
Top-1 accuracy,LG-GNN,258,89.1,91.4718990371881,91.4718767974883,2.223969978842888e-05,2.223969978842888e-05
Top-1 accuracy,LG-GNN,259,89.1,83.1896916268284,83.18968854686449,3.079963917684836e-06,3.079963917684836e-06
Top-1 accuracy,LG-GNN,260,89.1,91.7777974567726,91.77779201489793,5.441874677103442e-06,5.441874677103442e-06
Top-1 accuracy,LG-GNN,261,89.1,85.46648746130282,85.46648421215765,3.2491451662508553e-06,3.2491451662508553e-06
Top-1 accuracy,LG-GNN,262,89.1,91.2923149618525,91.29229235719957,2.260465292636127e-05,2.260465292636127e-05
Top-1 accuracy,LG-GNN,263,89.1,89.1428351118486,89.14281920350929,1.5908339307202368e-05,1.5908339307202368e-05
Top-1 accuracy,LG-GNN,264,89.1,86.23820868235745,86.23818174181005,2.6940547400045034e-05,2.6940547400045034e-05
Top-1 accuracy,LG-GNN,265,89.1,87.87890287768508,87.87889106121965,1.181646543102488e-05,1.181646543102488e-05
Top-1 accuracy,LG-GNN,266,89.1,91.15897661554942,91.1589553708701,2.1244679317078408e-05,2.1244679317078408e-05
Top-1 accuracy,LG-GNN,267,89.1,89.41770021326653,89.4176833593457,1.6853920826065405e-05,1.6853920826065405e-05
Top-1 accuracy,LG-GNN,268,89.1,90.85324096250093,90.85323894141744,2.0210834890121987e-06,2.0210834890121987e-06
Top-1 accuracy,LG-GNN,269,89.1,95.02931693601892,95.02932175354645,-4.8175275395578865e-06,4.8175275395578865e-06
Top-1 accuracy,LG-GNN,270,89.1,84.40728047203777,84.40727516486685,5.3071709231744535e-06,5.3071709231744535e-06
Top-1 accuracy,LG-GNN,271,89.1,93.95166474207258,93.95163772490586,2.701716671538179e-05,2.701716671538179e-05
Top-1 accuracy,LG-GNN,272,89.1,89.4130726354426,89.41306781256964,4.8228729667698644e-06,4.8228729667698644e-06
Top-1 accuracy,LG-GNN,273,89.1,86.40364709366312,86.40364785503061,-7.613674881667976e-07,7.613674881667976e-07
Top-1 accuracy,LG-GNN,274,89.1,85.10907468512002,85.10905912278302,1.5562336997732018e-05,1.5562336997732018e-05
Top-1 accuracy,LG-GNN,275,89.1,88.53264590523528,88.53263882766889,7.077566394286805e-06,7.077566394286805e-06
Top-1 accuracy,LG-GNN,276,89.1,91.86497270936141,91.86495033577337,2.237358803824918e-05,2.237358803824918e-05
Top-1 accuracy,LG-GNN,277,89.1,88.71738341951118,88.7173526388674,3.0780643783145933e-05,3.0780643783145933e-05
Top-1 accuracy,LG-GNN,278,89.1,93.63348871747147,93.63346479074204,2.392672942619356e-05,2.392672942619356e-05
Top-1 accuracy,LG-GNN,279,89.1,84.74649344539361,84.74647292984531,2.0515548300181763e-05,2.0515548300181763e-05
Top-1 accuracy,LG-GNN,280,89.1,89.06375060814999,89.06373315646184,1.7451688151481903e-05,1.7451688151481903e-05
Top-1 accuracy,LG-GNN,281,89.1,85.34284749644567,85.34281966676063,2.782968503822758e-05,2.782968503822758e-05
Top-1 accuracy,LG-GNN,282,89.1,90.19093140695524,90.1908956478749,3.575908034747499e-05,3.575908034747499e-05
Top-1 accuracy,LG-GNN,283,89.1,91.76069695408887,91.7606621702919,3.4783796976967096e-05,3.4783796976967096e-05
Top-1 accuracy,LG-GNN,284,89.1,87.83774297687785,87.83771461895684,2.835792101052448e-05,2.835792101052448e-05
Top-1 accuracy,LG-GNN,285,89.1,81.28737651791332,81.28735843011859,1.8087794728671724e-05,1.8087794728671724e-05
Top-1 accuracy,LG-GNN,286,89.1,89.69688238403967,89.69684444038948,3.7943650184502076e-05,3.7943650184502076e-05
Top-1 accuracy,LG-GNN,287,89.1,90.41023051707839,90.41021565520052,1.4861877872363038e-05,1.4861877872363038e-05
Top-1 accuracy,LG-GNN,288,89.1,90.3129136572456,90.31288426488508,2.9392360517022098e-05,2.9392360517022098e-05
Top-1 accuracy,LG-GNN,289,89.1,92.8073659118797,92.80734657546645,1.933641324569635e-05,1.933641324569635e-05
Top-1 accuracy,LG-GNN,290,89.1,85.88686835001826,85.88683896105285,2.9388965415932944e-05,2.9388965415932944e-05
Top-1 accuracy,LG-GNN,291,89.1,91.14067915280084,91.14064831635135,3.083644949697373e-05,3.083644949697373e-05
Top-1 accuracy,LG-GNN,292,89.1,92.6775733719612,92.67752253743392,5.0834527286269804e-05,5.0834527286269804e-05
Top-1 accuracy,LG-GNN,293,89.1,83.76427001946229,83.76423724798045,3.277148184110956e-05,3.277148184110956e-05
Top-1 accuracy,LG-GNN,294,89.1,90.05900537336467,90.05895547775692,4.989560774504298e-05,4.989560774504298e-05
Top-1 accuracy,LG-GNN,295,89.1,87.58749318390642,87.58746050697698,3.2676929436092905e-05,3.2676929436092905e-05
Top-1 accuracy,LG-GNN,296,89.1,88.85546453226364,88.85543198069506,3.255156858017472e-05,3.255156858017472e-05
Top-1 accuracy,LG-GNN,297,89.1,90.14307804536699,90.143029450615,4.859475198770724e-05,4.859475198770724e-05
Top-1 accuracy,LG-GNN,298,89.1,87.63835146615955,87.63831430765934,3.715850020569178e-05,3.715850020569178e-05
Top-1 accuracy,LG-GNN,299,89.1,87.0729305692519,87.07287576251515,5.4806736741852546e-05,5.4806736741852546e-05
Top-1 accuracy,LG-GNN,300,89.1,89.20248779524762,89.20245725246407,3.054278354852613e-05,3.054278354852613e-05
Top-1 accuracy,LG-GNN,301,89.1,82.5765475815613,82.57652436682318,2.321473812116892e-05,2.321473812116892e-05
Top-1 accuracy,LG-GNN,302,89.1,82.58508155624958,82.58504922668888,3.232956069609827e-05,3.232956069609827e-05
Top-1 accuracy,LG-GNN,303,89.1,93.17630005471179,93.17623969773902,6.035697276729479e-05,6.035697276729479e-05
Top-1 accuracy,LG-GNN,304,89.1,82.2072879056572,82.20723578904806,5.211660914028471e-05,5.211660914028471e-05
Top-1 accuracy,LG-GNN,305,89.1,93.09792170736942,93.09787500545526,4.670191415812042e-05,4.670191415812042e-05
Top-1 accuracy,LG-GNN,306,89.1,91.87559009571066,91.8755477571237,4.23385869652293e-05,4.23385869652293e-05
Top-1 accuracy,LG-GNN,307,89.1,78.7451835862159,78.74515962725641,2.3958959488368237e-05,2.3958959488368237e-05
Top-1 accuracy,LG-GNN,308,89.1,85.03463528794921,85.03461208598607,2.3201963145424997e-05,2.3201963145424997e-05
Top-1 accuracy,LG-GNN,309,89.1,96.26469491156438,96.26465641828423,3.849328014382536e-05,3.849328014382536e-05
Top-1 accuracy,LG-GNN,310,89.1,83.21304486859565,83.21300681316191,3.8055433734029975e-05,3.8055433734029975e-05
Top-1 accuracy,LG-GNN,311,89.1,86.31361716644268,86.31357442614367,4.2740299008414695e-05,4.2740299008414695e-05
Top-1 accuracy,LG-GNN,312,89.1,91.87240487980588,91.87236535951138,3.9520294507155995e-05,3.9520294507155995e-05
Top-1 accuracy,LG-GNN,313,89.1,93.80037199479685,93.80034305569556,2.8939101284208846e-05,2.8939101284208846e-05
Top-1 accuracy,LG-GNN,314,89.1,87.59080861304,87.59076668373302,4.192930697399788e-05,4.192930697399788e-05
Top-1 accuracy,LG-GNN,315,89.1,85.51498187263293,85.51493883185015,4.3040782784942166e-05,4.3040782784942166e-05
Top-1 accuracy,LG-GNN,316,89.1,97.63427765220462,97.63421917019105,5.84820135713926e-05,5.84820135713926e-05
Top-1 accuracy,LG-GNN,317,89.1,99.53344260262267,99.53339798278547,4.461983719750151e-05,4.461983719750151e-05
Top-1 accuracy,LG-GNN,318,89.1,94.9732075549039,94.97314830469077,5.9250213126915696e-05,5.9250213126915696e-05
Top-1 accuracy,LG-GNN,319,89.1,89.61193828504454,89.61190885539014,2.9429654404111716e-05,2.9429654404111716e-05
Top-1 accuracy,LG-GNN,320,89.1,84.25045867073865,84.25040567015444,5.300058421653375e-05,5.300058421653375e-05
Top-1 accuracy,LG-GNN,321,89.1,84.11736572628988,84.1173335606606,3.216562927832456e-05,3.216562927832456e-05
Top-1 accuracy,LG-GNN,322,89.1,92.23511883686166,92.23508463159453,3.42052671271631e-05,3.42052671271631e-05
Top-1 accuracy,LG-GNN,323,89.1,91.61042337573863,91.6103893253321,3.4050406540586664e-05,3.4050406540586664e-05
Top-1 accuracy,LG-GNN,324,89.1,97.50965357582972,97.50959155767858,6.20181511408191e-05,6.20181511408191e-05
Top-1 accuracy,LG-GNN,325,89.1,93.00273834120871,93.00270055521683,3.778599187853615e-05,3.778599187853615e-05
Top-1 accuracy,LG-GNN,326,89.1,80.08157196991141,80.08151818944108,5.378047032422728e-05,5.378047032422728e-05
Top-1 accuracy,LG-GNN,327,89.1,95.41172313983188,95.41168570633751,3.7433494370020526e-05,3.7433494370020526e-05
Top-1 accuracy,LG-GNN,328,89.1,83.11167386996583,83.11163623611351,3.763385231536631e-05,3.763385231536631e-05
Top-1 accuracy,LG-GNN,329,89.1,86.79622745802727,86.79617236828588,5.5089741394453995e-05,5.5089741394453995e-05
Top-1 accuracy,LG-GNN,330,89.1,90.60125332374497,90.60120123751017,5.208623480257302e-05,5.208623480257302e-05
Top-1 accuracy,LG-GNN,331,89.1,100.00005669986788,100.0,5.669986788348069e-05,5.669986788348069e-05
Top-1 accuracy,LG-GNN,332,89.1,100.00005669986788,100.0,5.669986788348069e-05,5.669986788348069e-05
Top-1 accuracy,LG-GNN,333,89.1,92.74039374256112,92.74033835481708,5.538774404101332e-05,5.538774404101332e-05
Top-1 accuracy,LG-GNN,334,89.1,88.00088512797544,88.00082028767767,6.484029776743228e-05,6.484029776743228e-05
Top-1 accuracy,LG-GNN,335,89.1,92.30709670318781,92.30703389088329,6.281230452032105e-05,6.281230452032105e-05
Top-1 accuracy,LG-GNN,336,89.1,94.4259864608232,94.42593255524301,5.390558018802949e-05,5.390558018802949e-05
Top-1 accuracy,LG-GNN,337,89.1,87.17604191776678,87.17599424665684,4.767110993952883e-05,4.767110993952883e-05
Top-1 accuracy,LG-GNN,338,89.1,99.8713258985843,99.87126813547393,5.7763110376640725e-05,5.7763110376640725e-05
Top-1 accuracy,LG-GNN,339,89.1,90.48048556222335,90.4804245551484,6.1007074947383444e-05,6.1007074947383444e-05
Top-1 accuracy,LG-GNN,340,89.1,92.08650297307821,92.08645853454836,4.443852985502872e-05,4.443852985502872e-05
Top-1 accuracy,LG-GNN,341,89.1,93.09560791845746,93.09554551232677,6.240613069508072e-05,6.240613069508072e-05
Top-1 accuracy,LG-GNN,342,89.1,91.62957473677615,91.62951966368672,5.5073089427537525e-05,5.5073089427537525e-05
Top-1 accuracy,LG-GNN,343,89.1,94.13369281954895,94.13364300281766,4.98167312912301e-05,4.98167312912301e-05
Top-1 accuracy,LG-GNN,344,89.1,85.39651037131938,85.39648088071846,2.9490600923054444e-05,2.9490600923054444e-05
Top-1 accuracy,LG-GNN,345,89.1,85.75023210328548,85.75018947632381,4.2626961672453945e-05,4.2626961672453945e-05
Top-1 accuracy,LG-GNN,346,89.1,82.49912329653004,82.49907460216983,4.8694360216927635e-05,4.8694360216927635e-05
Top-1 accuracy,LG-GNN,347,89.1,91.73706575716011,91.73700738372135,5.837343876180512e-05,5.837343876180512e-05
Top-1 accuracy,LG-GNN,348,89.1,93.77368829929267,93.77361902107268,6.927821999624939e-05,6.927821999624939e-05
Top-1 accuracy,LG-GNN,349,89.1,91.84669027121615,91.8466371969113,5.3074304844358267e-05,5.3074304844358267e-05
Top-1 accuracy,LG-GNN,350,89.1,99.14701982152098,99.14695460008522,6.522143576148665e-05,6.522143576148665e-05
Top-1 accuracy,LG-GNN,351,89.1,89.06647506955281,89.06642388702572,5.118252708768978e-05,5.118252708768978e-05
Top-1 accuracy,LG-GNN,352,89.1,93.11251059719743,93.11244993355507,6.0663642358349534e-05,6.0663642358349534e-05
Top-1 accuracy,LG-GNN,353,89.1,82.54984886145382,82.54979474316411,5.4118289710913814e-05,5.4118289710913814e-05
Top-1 accuracy,LG-GNN,354,89.1,86.77745421617342,86.77740178515359,5.243101983865017e-05,5.243101983865017e-05
Top-1 accuracy,LG-GNN,355,89.1,93.2732713486681,93.27322654539466,4.480327343969748e-05,4.480327343969748e-05
Top-1 accuracy,LG-GNN,356,89.1,94.19466015573887,94.19461266445886,4.749128001435565e-05,4.749128001435565e-05
Top-1 accuracy,LG-GNN,357,89.1,87.3362442548139,87.3361983140149,4.59407990121008e-05,4.59407990121008e-05
Top-1 accuracy,LG-GNN,358,89.1,88.67048161613346,88.67040448885159,7.712728186959339e-05,7.712728186959339e-05
Top-1 accuracy,LG-GNN,359,89.1,79.99282163807409,79.99275751991513,6.411815896001372e-05,6.411815896001372e-05
Top-1 accuracy,LG-GNN,360,89.1,86.95787466109408,86.95782479516033,4.986593374667336e-05,4.986593374667336e-05
Top-1 accuracy,LG-GNN,361,89.1,94.44236578254737,94.44229898111871,6.680142865889138e-05,6.680142865889138e-05
Top-1 accuracy,LG-GNN,362,89.1,92.55129158101951,92.55123009663939,6.148438012587576e-05,6.148438012587576e-05
Top-1 accuracy,LG-GNN,363,89.1,92.10404670156002,92.10399432828726,5.237327276574888e-05,5.237327276574888e-05
Top-1 accuracy,LG-GNN,364,89.1,89.39871412286557,89.39864212308575,7.199977981997563e-05,7.199977981997563e-05
Top-1 accuracy,LG-GNN,365,89.1,89.1424419680616,89.14237895176905,6.301629255744956e-05,6.301629255744956e-05
Top-1 accuracy,LG-GNN,366,89.1,85.13812225154722,85.1380731631593,4.9088387910956044e-05,4.9088387910956044e-05
Top-1 accuracy,LG-GNN,367,89.1,93.29304623074358,93.29297052121521,7.57095283745457e-05,7.57095283745457e-05
Top-1 accuracy,LG-GNN,368,89.1,91.62589871716278,91.62583766633634,6.105082644580762e-05,6.105082644580762e-05
Top-1 accuracy,LG-GNN,369,89.1,92.05220430778914,92.05211308795678,9.121983235615971e-05,9.121983235615971e-05
Top-1 accuracy,LG-GNN,370,89.1,85.94384665402555,85.94379094399451,5.571003103455041e-05,5.571003103455041e-05
Top-1 accuracy,LG-GNN,371,89.1,76.18001803603545,76.17994248077252,7.555526292435388e-05,7.555526292435388e-05
Top-1 accuracy,LG-GNN,372,89.1,95.68299485695472,95.68291627052217,7.858643255076458e-05,7.858643255076458e-05
Top-1 accuracy,LG-GNN,373,89.1,86.22703288158465,86.22697526394957,5.761763507905471e-05,5.761763507905471e-05
Top-1 accuracy,LG-GNN,374,89.1,83.92342313837725,83.92334541574127,7.772263597871643e-05,7.772263597871643e-05
Top-1 accuracy,LG-GNN,375,89.1,93.26096369444485,93.26087347148396,9.022296089256088e-05,9.022296089256088e-05
Top-1 accuracy,LG-GNN,376,89.1,86.74799597725536,86.74792416048521,7.181677014500565e-05,7.181677014500565e-05
Top-1 accuracy,LG-GNN,377,89.1,95.45970921874951,95.45961830427973,9.091446978004569e-05,9.091446978004569e-05
Top-1 accuracy,LG-GNN,378,89.1,92.80209728431393,92.80203569746018,6.15868537465758e-05,6.15868537465758e-05
Top-1 accuracy,LG-GNN,379,89.1,93.20147377758184,93.20141593920286,5.783837897865851e-05,5.783837897865851e-05
Top-1 accuracy,LG-GNN,380,89.1,80.90432926435851,80.90426573279679,6.353156172167473e-05,6.353156172167473e-05
Top-1 accuracy,LG-GNN,381,89.1,100.00007172447121,100.0,7.17244712120646e-05,7.17244712120646e-05
Top-1 accuracy,LG-GNN,382,89.1,100.00007172447121,100.0,7.17244712120646e-05,7.17244712120646e-05
Top-1 accuracy,LG-GNN,383,89.1,100.00007172447121,100.0,7.17244712120646e-05,7.17244712120646e-05
Top-1 accuracy,LG-GNN,384,89.1,99.14872260989775,99.14862708590954,9.552398820744656e-05,9.552398820744656e-05
Top-1 accuracy,LG-GNN,385,89.1,100.00007172447121,100.0,7.17244712120646e-05,7.17244712120646e-05
Top-1 accuracy,LG-GNN,386,89.1,99.30743250301464,99.30734319647891,8.93065357274736e-05,8.93065357274736e-05
Top-1 accuracy,LG-GNN,387,89.1,100.00010678187897,100.0,0.00010678187896928648,0.00010678187896928648
Top-1 accuracy,LG-GNN,388,89.1,100.00010678187897,100.0,0.00010678187896928648,0.00010678187896928648
Top-1 accuracy,LG-GNN,389,89.1,100.00010678187897,100.0,0.00010678187896928648,0.00010678187896928648
Top-1 accuracy,LG-GNN,390,89.1,100.00010678187897,100.0,0.00010678187896928648,0.00010678187896928648
Top-1 accuracy,LG-GNN,391,89.1,76.6149051792606,76.61483020380155,7.497545905721381e-05,7.497545905721381e-05
Top-1 accuracy,LG-GNN,392,89.1,77.76389669389181,77.76380013732492,9.655656688778436e-05,9.655656688778436e-05
Top-1 accuracy,LG-GNN,393,89.1,76.16930048566404,76.16920379763887,9.668802516671349e-05,9.668802516671349e-05
Top-1 accuracy,LG-GNN,394,89.1,77.48199006171583,77.48189045770451,9.960401132502739e-05,9.960401132502739e-05
Top-1 accuracy,LG-GNN,395,89.1,78.82666451414475,78.82658719876017,7.73153845869956e-05,7.73153845869956e-05
Top-1 accuracy,LG-GNN,396,89.1,75.96505101987086,75.96496063006356,9.038980729769719e-05,9.038980729769719e-05
Top-1 accuracy,LG-GNN,397,89.1,77.9570680188338,77.95696670162917,0.00010131720462425164,0.00010131720462425164
Top-1 accuracy,LG-GNN,398,89.1,77.36903509392289,77.36893248160294,0.00010261231994945774,0.00010261231994945774
Top-1 accuracy,LG-GNN,399,89.1,76.35830498728406,76.3582244671124,8.052017166448877e-05,8.052017166448877e-05
Top-1 accuracy,LG-GNN,400,89.1,77.7702646216008,77.77017537140514,8.92501956570868e-05,8.92501956570868e-05
Top-1 accuracy,BNT,1,85.3,84.832306467281,84.83230546619,1.001091007424293e-06,1.001091007424293e-06
Top-1 accuracy,BNT,2,85.3,83.65512128451152,83.6551381105282,-1.682601667596373e-05,1.682601667596373e-05
Top-1 accuracy,BNT,3,85.3,85.78005093268334,85.78005467755835,-3.744875016309379e-06,3.744875016309379e-06
Top-1 accuracy,BNT,4,85.3,86.8053198471391,86.80534820850264,-2.8361363533235817e-05,2.8361363533235817e-05
Top-1 accuracy,BNT,5,85.3,88.65218164928433,88.65219644770738,-1.4798423052297949e-05,1.4798423052297949e-05
Top-1 accuracy,BNT,6,85.3,89.64548321606685,89.64549768967878,-1.4473611926746344e-05,1.4473611926746344e-05
Top-1 accuracy,BNT,7,85.3,84.220672394648,84.22069406263275,-2.16679847397927e-05,2.16679847397927e-05
Top-1 accuracy,BNT,8,85.3,81.32183794973842,81.32185694175388,-1.8992015455410183e-05,1.8992015455410183e-05
Top-1 accuracy,BNT,9,85.3,84.05958360600474,84.05960451663017,-2.091062543740918e-05,2.091062543740918e-05
Top-1 accuracy,BNT,10,85.3,86.08082846663477,86.08084151974866,-1.3053113889327506e-05,1.3053113889327506e-05
Top-1 accuracy,BNT,11,85.3,82.40871525012594,82.40872322136816,-7.971242226290087e-06,7.971242226290087e-06
Top-1 accuracy,BNT,12,85.3,82.42855523881583,82.42854725531487,7.983500964314771e-06,7.983500964314771e-06
Top-1 accuracy,BNT,13,85.3,86.33135621476771,86.33136364464966,-7.429881947018657e-06,7.429881947018657e-06
Top-1 accuracy,BNT,14,85.3,85.15404081876943,85.15404294528864,-2.1265192060582194e-06,2.1265192060582194e-06
Top-1 accuracy,BNT,15,85.3,85.39839846313714,85.39839098623476,7.4769023825638214e-06,7.4769023825638214e-06
Top-1 accuracy,BNT,16,85.3,83.02451614608091,83.0245139958998,2.150181117599459e-06,2.150181117599459e-06
Top-1 accuracy,BNT,17,85.3,84.60880547642813,84.6087978573827,7.61904543367109e-06,7.61904543367109e-06
Top-1 accuracy,BNT,18,85.3,82.5273169646683,82.52730056719508,1.639747321746654e-05,1.639747321746654e-05
Top-1 accuracy,BNT,19,85.3,87.97060554407562,87.97059523337435,1.0310701270555e-05,1.0310701270555e-05
Top-1 accuracy,BNT,20,85.3,88.40574059325563,88.40574800417126,-7.410915628724979e-06,7.410915628724979e-06
Top-1 accuracy,BNT,21,85.3,79.7614277222748,79.76143641328572,-8.691010918937536e-06,8.691010918937536e-06
Top-1 accuracy,BNT,22,85.3,82.5114635040605,82.51146741942277,-3.915362270845435e-06,3.915362270845435e-06
Top-1 accuracy,BNT,23,85.3,80.81041046897761,80.81041223472977,-1.7657521595992876e-06,1.7657521595992876e-06
Top-1 accuracy,BNT,24,85.3,83.3499440458866,83.3499281967793,1.584910729945932e-05,1.584910729945932e-05
Top-1 accuracy,BNT,25,85.3,85.04968493227916,85.04968609062891,-1.1583497467881898e-06,1.1583497467881898e-06
Top-1 accuracy,BNT,26,85.3,80.95106830120021,80.95106434090441,3.960295799743108e-06,3.960295799743108e-06
Top-1 accuracy,BNT,27,85.3,82.53440607333687,82.53442056062406,-1.4487287188558184e-05,1.4487287188558184e-05
Top-1 accuracy,BNT,28,85.3,82.28814531254808,82.28812788375551,1.7428792574492036e-05,1.7428792574492036e-05
Top-1 accuracy,BNT,29,85.3,85.92180806504918,85.92180198819683,6.0768523439946875e-06,6.0768523439946875e-06
Top-1 accuracy,BNT,30,85.3,85.50804050589704,85.50803301110875,7.494788292206067e-06,7.494788292206067e-06
Top-1 accuracy,BNT,31,85.3,83.13478170987878,83.13478733998824,-5.630109455978527e-06,5.630109455978527e-06
Top-1 accuracy,BNT,32,85.3,85.83048101374173,85.83046261641819,1.8397323543695165e-05,1.8397323543695165e-05
Top-1 accuracy,BNT,33,85.3,83.65996171088254,83.6599597462382,1.9646443405463287e-06,1.9646443405463287e-06
Top-1 accuracy,BNT,34,85.3,84.48503529834215,84.48503466902184,6.293203114182688e-07,6.293203114182688e-07
Top-1 accuracy,BNT,35,85.3,90.32034833179063,90.32035627089562,-7.93910498941841e-06,7.93910498941841e-06
Top-1 accuracy,BNT,36,85.3,89.32140252235925,89.32138315537104,1.936698821225491e-05,1.936698821225491e-05
Top-1 accuracy,BNT,37,85.3,81.40126801931349,81.4012562892172,1.1730096289852554e-05,1.1730096289852554e-05
Top-1 accuracy,BNT,38,85.3,87.78918345893334,87.78919725363752,-1.3794704187830575e-05,1.3794704187830575e-05
Top-1 accuracy,BNT,39,85.3,87.73420843536931,87.73418966347478,1.8771894531255384e-05,1.8771894531255384e-05
Top-1 accuracy,BNT,40,85.3,81.85522639235842,81.85521013374215,1.625861627019276e-05,1.625861627019276e-05
Top-1 accuracy,BNT,41,85.3,87.75632965966395,87.75633293126458,-3.271600633070193e-06,3.271600633070193e-06
Top-1 accuracy,BNT,42,85.3,89.91381762323977,89.91379575523766,2.1868002107794382e-05,2.1868002107794382e-05
Top-1 accuracy,BNT,43,85.3,81.93237272222818,81.93236558126675,7.140961429286108e-06,7.140961429286108e-06
Top-1 accuracy,BNT,44,85.3,82.54748499053078,82.54749153695721,-6.546426433828856e-06,6.546426433828856e-06
Top-1 accuracy,BNT,45,85.3,88.35299672328529,88.3529844005305,1.2322754784577228e-05,1.2322754784577228e-05
Top-1 accuracy,BNT,46,85.3,86.11448608218201,86.11448593247694,1.49705073226869e-07,1.49705073226869e-07
Top-1 accuracy,BNT,47,85.3,86.95442901873169,86.95442882571857,1.930131219296527e-07,1.930131219296527e-07
Top-1 accuracy,BNT,48,85.3,86.32177302194728,86.32176764920149,5.372745789600231e-06,5.372745789600231e-06
Top-1 accuracy,BNT,49,85.3,86.4720966823086,86.47208776278443,8.919524177031235e-06,8.919524177031235e-06
Top-1 accuracy,BNT,50,85.3,81.32059090766249,81.32058361506675,7.292595739727403e-06,7.292595739727403e-06
Top-1 accuracy,BNT,51,85.3,88.44195990366968,88.44195311986434,6.783805346799454e-06,6.783805346799454e-06
Top-1 accuracy,BNT,52,85.3,88.80877557743302,88.80876997728332,5.600149705742297e-06,5.600149705742297e-06
Top-1 accuracy,BNT,53,85.3,84.61184295040022,84.61182776779592,1.518260430088958e-05,1.518260430088958e-05
Top-1 accuracy,BNT,54,85.3,85.16959879551186,85.16956915055842,2.96449534431531e-05,2.96449534431531e-05
Top-1 accuracy,BNT,55,85.3,80.70667810352529,80.70667749233283,6.111924619744968e-07,6.111924619744968e-07
Top-1 accuracy,BNT,56,85.3,86.84276867092521,86.8427642680535,4.402871709885403e-06,4.402871709885403e-06
Top-1 accuracy,BNT,57,85.3,87.01618264249558,87.01617232514243,1.0317353144273511e-05,1.0317353144273511e-05
Top-1 accuracy,BNT,58,85.3,85.11345686108965,85.11342694900206,2.9912087583738867e-05,2.9912087583738867e-05
Top-1 accuracy,BNT,59,85.3,88.67309088891079,88.6730600796115,3.080929928955811e-05,3.080929928955811e-05
Top-1 accuracy,BNT,60,85.3,84.29777114660723,84.29776830706018,2.839547050825786e-06,2.839547050825786e-06
Top-1 accuracy,BNT,61,85.3,86.99383104094997,86.9938177776808,1.3263269167396174e-05,1.3263269167396174e-05
Top-1 accuracy,BNT,62,85.3,82.24102815652272,82.24100698392365,2.1172599062424524e-05,2.1172599062424524e-05
Top-1 accuracy,BNT,63,85.3,85.22936666753638,85.22934354737728,2.3120159099221382e-05,2.3120159099221382e-05
Top-1 accuracy,BNT,64,85.3,84.77695082043275,84.7769372262915,1.3594141250905523e-05,1.3594141250905523e-05
Top-1 accuracy,BNT,65,85.3,85.97592919032428,85.97592376612282,5.424201461323719e-06,5.424201461323719e-06
Top-1 accuracy,BNT,66,85.3,84.19142700427703,84.19141921349993,7.790777104332847e-06,7.790777104332847e-06
Top-1 accuracy,BNT,67,85.3,84.90559648229748,84.905582212985,1.4269312487158459e-05,1.4269312487158459e-05
Top-1 accuracy,BNT,68,85.3,87.77815540009323,87.77814151432452,1.3885768709087642e-05,1.3885768709087642e-05
Top-1 accuracy,BNT,69,85.3,83.98972170464677,83.98970728828535,1.4416361423741364e-05,1.4416361423741364e-05
Top-1 accuracy,BNT,70,85.3,80.4802898847336,80.48026869778396,2.1186949638263286e-05,2.1186949638263286e-05
Top-1 accuracy,BNT,71,85.3,90.54878740893614,90.54875171261625,3.569631988398214e-05,3.569631988398214e-05
Top-1 accuracy,BNT,72,85.3,89.44438390877067,89.44436223607146,2.1672699219266178e-05,2.1672699219266178e-05
Top-1 accuracy,BNT,73,85.3,81.42322647707212,81.42321191468314,1.4562388983563324e-05,1.4562388983563324e-05
Top-1 accuracy,BNT,74,85.3,87.36914813609437,87.36912341573559,2.4720358780427887e-05,2.4720358780427887e-05
Top-1 accuracy,BNT,75,85.3,83.79110145689913,83.79107568834597,2.5768553157945462e-05,2.5768553157945462e-05
Top-1 accuracy,BNT,76,85.3,86.0904767660696,86.09046164599317,1.5120076426455853e-05,1.5120076426455853e-05
Top-1 accuracy,BNT,77,85.3,86.18270779767707,86.18267238704048,3.541063658474286e-05,3.541063658474286e-05
Top-1 accuracy,BNT,78,85.3,84.59679330607025,84.59677659905103,1.6707019227624187e-05,1.6707019227624187e-05
Top-1 accuracy,BNT,79,85.3,82.94873204691257,82.94870300324081,2.9043671759154677e-05,2.9043671759154677e-05
Top-1 accuracy,BNT,80,85.3,83.22840502139431,83.22837684305122,2.8178343086437962e-05,2.8178343086437962e-05
Top-1 accuracy,BNT,81,85.3,82.55142394070234,82.55142425355626,-3.128539276531228e-07,3.128539276531228e-07
Top-1 accuracy,BNT,82,85.3,82.8045609616126,82.80453337530867,2.7586303929183487e-05,2.7586303929183487e-05
Top-1 accuracy,BNT,83,85.3,85.0984723233741,85.09846512985193,7.19352216549396e-06,7.19352216549396e-06
Top-1 accuracy,BNT,84,85.3,83.15275113545478,83.15272003266774,3.110278703388758e-05,3.110278703388758e-05
Top-1 accuracy,BNT,85,85.3,87.34618803811411,87.34615619713786,3.184097624853166e-05,3.184097624853166e-05
Top-1 accuracy,BNT,86,85.3,89.76175361299337,89.76173846600778,1.514698558935379e-05,1.514698558935379e-05
Top-1 accuracy,BNT,87,85.3,83.55987281173641,83.55984027588987,3.25358465431691e-05,3.25358465431691e-05
Top-1 accuracy,BNT,88,85.3,86.01822094458194,86.01821350160613,7.44297581434239e-06,7.44297581434239e-06
Top-1 accuracy,BNT,89,85.3,86.7990671080556,86.7990553309088,1.1777146795566296e-05,1.1777146795566296e-05
Top-1 accuracy,BNT,90,85.3,86.71602862958211,86.71600681275783,2.1816824286702285e-05,2.1816824286702285e-05
Top-1 accuracy,BNT,91,85.3,85.52788049458694,85.52786580374826,1.4690838682440699e-05,1.4690838682440699e-05
Top-1 accuracy,BNT,92,85.3,87.52807087775835,87.52804725507916,2.362267919409078e-05,2.362267919409078e-05
Top-1 accuracy,BNT,93,85.3,86.74678148848663,86.74674685804197,3.463044465945586e-05,3.463044465945586e-05
Top-1 accuracy,BNT,94,85.3,81.5870397271182,81.5870127330181,2.699410009654457e-05,2.699410009654457e-05
Top-1 accuracy,BNT,95,85.3,87.90750721831421,87.90746819316782,3.902514639264609e-05,3.902514639264609e-05
Top-1 accuracy,BNT,96,85.3,87.96189127414746,87.96187251180022,1.8762347238521215e-05,1.8762347238521215e-05
Top-1 accuracy,BNT,97,85.3,83.0101726581072,83.01014168746426,3.0970642939109894e-05,3.0970642939109894e-05
Top-1 accuracy,BNT,98,85.3,85.4138237225502,85.4138135063428,1.0216207400048916e-05,1.0216207400048916e-05
Top-1 accuracy,BNT,99,85.3,87.34999677505685,87.34998697843321,9.796623643865132e-06,9.796623643865132e-06
Top-1 accuracy,BNT,100,85.3,84.67206907282612,84.67205854126192,1.0531564200277899e-05,1.0531564200277899e-05
Top-1 accuracy,BNT,101,85.3,88.51895849160675,88.51893414329803,2.434830872743987e-05,2.434830872743987e-05
Top-1 accuracy,BNT,102,85.3,92.39163012969206,92.39161748385808,1.2645833976421272e-05,1.2645833976421272e-05
Top-1 accuracy,BNT,103,85.3,82.94206863533819,82.94204190209506,2.673324313207104e-05,2.673324313207104e-05
Top-1 accuracy,BNT,104,85.3,81.1568928462419,81.15686619053868,2.6655703223354976e-05,2.6655703223354976e-05
Top-1 accuracy,BNT,105,85.3,86.2114749048422,86.21145578681462,1.9118027580589114e-05,1.9118027580589114e-05
Top-1 accuracy,BNT,106,85.3,87.4647071173382,87.46468751537843,1.960195976380419e-05,1.960195976380419e-05
Top-1 accuracy,BNT,107,85.3,84.60742822112339,84.6074008784657,2.734265768822297e-05,2.734265768822297e-05
Top-1 accuracy,BNT,108,85.3,89.65979415073335,89.65978198996311,1.2160770239688645e-05,1.2160770239688645e-05
Top-1 accuracy,BNT,109,85.3,81.28419130200855,81.28418260083025,8.701178302317203e-06,8.701178302317203e-06
Top-1 accuracy,BNT,110,85.3,87.37878141092588,87.37875586909483,2.5541831050190922e-05,2.5541831050190922e-05
Top-1 accuracy,BNT,111,85.3,83.4824460226046,83.48241753772332,2.8484881283930008e-05,2.8484881283930008e-05
Top-1 accuracy,BNT,112,85.3,90.45814898528104,90.4581337186219,1.5266659147528117e-05,1.5266659147528117e-05
Top-1 accuracy,BNT,113,85.3,91.27756080138792,91.27754605950435,1.474188357519779e-05,1.474188357519779e-05
Top-1 accuracy,BNT,114,85.3,83.0000485795671,83.00003023664995,1.8342917158520322e-05,1.8342917158520322e-05
Top-1 accuracy,BNT,115,85.3,83.65136262957988,83.65132859227425,3.403730562467899e-05,3.403730562467899e-05
Top-1 accuracy,BNT,116,85.3,87.87878768905958,87.8787636609394,2.40281201797643e-05,2.40281201797643e-05
Top-1 accuracy,BNT,117,85.3,84.13861802769227,84.13860805063145,9.977060827282003e-06,9.977060827282003e-06
Top-1 accuracy,BNT,118,85.3,85.16378928222642,85.16376634620329,2.2936023128750094e-05,2.2936023128750094e-05
Top-1 accuracy,BNT,119,85.3,85.37617707482033,85.37616526162722,1.1813193111720466e-05,1.1813193111720466e-05
Top-1 accuracy,BNT,120,85.3,79.54099675870123,79.54098053140703,1.6227294196369257e-05,1.6227294196369257e-05
Top-1 accuracy,BNT,121,85.3,85.25849686928186,85.25848676171728,1.0107564577310768e-05,1.0107564577310768e-05
Top-1 accuracy,BNT,122,85.3,83.23083399893176,83.23081667780748,1.7321124275326838e-05,1.7321124275326838e-05
Top-1 accuracy,BNT,123,85.3,83.82063982703494,83.82063153280068,8.294234262962163e-06,8.294234262962163e-06
Top-1 accuracy,BNT,124,85.3,89.63090935084216,89.63089601040645,1.3340435714326304e-05,1.3340435714326304e-05
Top-1 accuracy,BNT,125,85.3,81.53048712020511,81.53047931716223,7.803042876730615e-06,7.803042876730615e-06
Top-1 accuracy,BNT,126,85.3,87.7396223007672,87.73961556024393,6.740523261328235e-06,6.740523261328235e-06
Top-1 accuracy,BNT,127,85.3,84.46312692259461,84.46311120900457,1.571359004515216e-05,1.571359004515216e-05
Top-1 accuracy,BNT,128,85.3,84.46073049836437,84.46071949451249,1.1003851881241644e-05,1.1003851881241644e-05
Top-1 accuracy,BNT,129,85.3,87.67114015881452,87.67111568815513,2.447065939747972e-05,2.447065939747972e-05
Top-1 accuracy,BNT,130,85.3,86.32019794269877,86.32015388370667,4.4058992102691263e-05,4.4058992102691263e-05
Top-1 accuracy,BNT,131,85.3,87.01186557314037,87.01183899165859,2.658148177658859e-05,2.658148177658859e-05
Top-1 accuracy,BNT,132,85.3,88.20457617934505,88.20455398159858,2.219774647471695e-05,2.219774647471695e-05
Top-1 accuracy,BNT,133,85.3,84.30610729735173,84.30607485045003,3.24469016987905e-05,3.24469016987905e-05
Top-1 accuracy,BNT,134,85.3,83.4633096861704,83.46328979647674,1.9889693660957164e-05,1.9889693660957164e-05
Top-1 accuracy,BNT,135,85.3,82.04459148445822,82.0445484203266,4.3064131617143175e-05,4.3064131617143175e-05
Top-1 accuracy,BNT,136,85.3,82.82377742926452,82.82376841006314,9.019201385740416e-06,9.019201385740416e-06
Top-1 accuracy,BNT,137,85.3,94.14733015116641,94.14728327592617,4.6875240244048655e-05,4.6875240244048655e-05
Top-1 accuracy,BNT,138,85.3,89.0340644960815,89.03403874221036,2.5753871142342177e-05,2.5753871142342177e-05
Top-1 accuracy,BNT,139,85.3,81.24679256023353,81.24677690137594,1.5658857591915876e-05,1.5658857591915876e-05
Top-1 accuracy,BNT,140,85.3,81.33263813542811,81.33262612976928,1.2005658831526489e-05,1.2005658831526489e-05
Top-1 accuracy,BNT,141,85.3,86.745617081729,86.74559818515547,1.8896573521942628e-05,1.8896573521942628e-05
Top-1 accuracy,BNT,142,85.3,86.94182588064305,86.9417943921339,3.1488509151245125e-05,3.1488509151245125e-05
Top-1 accuracy,BNT,143,85.3,86.94666630701408,86.94665150595209,1.4801061993807707e-05,1.4801061993807707e-05
Top-1 accuracy,BNT,144,85.3,84.53516989553518,84.53513261933891,3.727619626658907e-05,3.727619626658907e-05
Top-1 accuracy,BNT,145,85.3,84.92368109649897,84.92363721999129,4.387650767512241e-05,4.387650767512241e-05
Top-1 accuracy,BNT,146,85.3,86.28365059511214,86.28363857247807,1.202263406696602e-05,1.202263406696602e-05
Top-1 accuracy,BNT,147,85.3,85.55769932398479,85.55767901888,2.030510479755776e-05,2.030510479755776e-05
Top-1 accuracy,BNT,148,85.3,78.64213984841597,78.64209888175739,4.0966658573893255e-05,4.0966658573893255e-05
Top-1 accuracy,BNT,149,85.3,84.6106434862348,84.61060110827441,4.2377960397743664e-05,4.2377960397743664e-05
Top-1 accuracy,BNT,150,85.3,82.74580975441305,82.74578069721906,2.905719398427209e-05,2.905719398427209e-05
Top-1 accuracy,BNT,151,85.3,85.82567314067792,85.82563425672554,3.888395238504927e-05,3.888395238504927e-05
Top-1 accuracy,BNT,152,85.3,94.255822811772,94.25577700781022,4.5803961782553415e-05,4.5803961782553415e-05
Top-1 accuracy,BNT,153,85.3,86.40246515820161,86.40244499642291,2.016177869279545e-05,2.016177869279545e-05
Top-1 accuracy,BNT,154,85.3,84.35944213505283,84.3594109414828,3.1193570023901884e-05,3.1193570023901884e-05
Top-1 accuracy,BNT,155,85.3,88.06542831975656,88.06540450593175,2.3813824810758888e-05,2.3813824810758888e-05
Top-1 accuracy,BNT,156,85.3,86.74809363717696,86.74806366162764,2.9975549324490203e-05,2.9975549324490203e-05
Top-1 accuracy,BNT,157,85.3,86.56032115302955,86.56028347135552,3.768167402995459e-05,3.768167402995459e-05
Top-1 accuracy,BNT,158,85.3,87.12058861099693,87.12055177964702,3.6831349916610634e-05,3.6831349916610634e-05
Top-1 accuracy,BNT,159,85.3,91.46965035489055,91.46963069448861,1.9660401932242166e-05,1.9660401932242166e-05
Top-1 accuracy,BNT,160,85.3,81.90736176589414,81.90733469402225,2.707187188377702e-05,2.707187188377702e-05
Top-1 accuracy,BNT,161,85.3,86.72093416256753,86.72089623043436,3.79321331678284e-05,3.79321331678284e-05
Top-1 accuracy,BNT,162,85.3,82.52088393034491,82.52085661005538,2.7320289532895004e-05,2.7320289532895004e-05
Top-1 accuracy,BNT,163,85.3,86.96657140231838,86.96653793902674,3.346329164344297e-05,3.346329164344297e-05
Top-1 accuracy,BNT,164,85.3,82.5439892661573,82.54394046554171,4.880061558765192e-05,4.880061558765192e-05
Top-1 accuracy,BNT,165,85.3,84.04794705072999,84.04789955918474,4.749154524574806e-05,4.749154524574806e-05
Top-1 accuracy,BNT,166,85.3,84.41476272449333,84.41473025728628,3.246720704908057e-05,3.246720704908057e-05
Top-1 accuracy,BNT,167,85.3,88.22750121991756,88.22745015803413,5.106188342551832e-05,5.106188342551832e-05
Top-1 accuracy,BNT,168,85.3,88.05540190113805,88.05536333182724,3.85693108171381e-05,3.85693108171381e-05
Top-1 accuracy,BNT,169,85.3,81.56288266907309,81.56284787066085,3.4798412244185783e-05,3.4798412244185783e-05
Top-1 accuracy,BNT,170,85.3,85.46486230004324,85.46480233299954,5.996704369692907e-05,5.996704369692907e-05
Top-1 accuracy,BNT,171,85.3,83.17131152876154,83.17126043575247,5.109300906269709e-05,5.109300906269709e-05
Top-1 accuracy,BNT,172,85.3,81.52452986498697,81.524485267974,4.459701297321317e-05,4.459701297321317e-05
Top-1 accuracy,BNT,173,85.3,84.64899629032094,84.64894884872689,4.744159404879156e-05,4.744159404879156e-05
Top-1 accuracy,BNT,174,85.3,84.37460696800828,84.37455163463254,5.5333375740929114e-05,5.5333375740929114e-05
Top-1 accuracy,BNT,175,85.3,92.58019140551401,92.58014945903656,4.1946477452370345e-05,4.1946477452370345e-05
Top-1 accuracy,BNT,176,85.3,86.59891935896997,86.59887947608209,3.9882887875819506e-05,3.9882887875819506e-05
Top-1 accuracy,BNT,177,85.3,81.16719972412244,81.16714749773729,5.22263851507887e-05,5.22263851507887e-05
Top-1 accuracy,BNT,178,85.3,83.60570786827809,83.60567798748717,2.9880790918923594e-05,2.9880790918923594e-05
Top-1 accuracy,BNT,179,85.3,88.36420507736528,88.36414988628819,5.519107709517357e-05,5.519107709517357e-05
Top-1 accuracy,BNT,180,85.3,91.56539213547481,91.56532831860977,6.381686503686979e-05,6.381686503686979e-05
Top-1 accuracy,BNT,181,85.3,80.54207606180468,80.54205006328613,2.5998518552228234e-05,2.5998518552228234e-05
Top-1 accuracy,BNT,182,85.3,79.66027207629264,79.66022684458287,4.523170977677182e-05,4.523170977677182e-05
Top-1 accuracy,BNT,183,85.3,90.91294372791106,90.91289552611535,4.820179570685923e-05,4.820179570685923e-05
Top-1 accuracy,BNT,184,85.3,86.4688964418005,86.4688425321127,5.3909687792952354e-05,5.3909687792952354e-05
Top-1 accuracy,BNT,185,85.3,82.69516682480754,82.6951218043709,4.5020436644449546e-05,4.5020436644449546e-05
Top-1 accuracy,BNT,186,85.3,86.90394885566221,86.9038872583673,6.159729490207155e-05,6.159729490207155e-05
Top-1 accuracy,BNT,187,85.3,77.39281403278433,77.39275678294936,5.7249834966910385e-05,5.7249834966910385e-05
Top-1 accuracy,BNT,188,85.3,85.31017399241618,85.31012651979148,4.7472624700617416e-05,4.7472624700617416e-05
Top-1 accuracy,BNT,189,85.3,86.28350285317944,86.28346351852926,3.933465018235438e-05,3.933465018235438e-05
Top-1 accuracy,BNT,190,85.3,88.07286299430159,88.07281041861349,5.2575688101796914e-05,5.2575688101796914e-05
Top-1 accuracy,BNT,191,85.3,82.25834150775356,82.25831214312238,2.9364631174644273e-05,2.9364631174644273e-05
Top-1 accuracy,BNT,192,85.3,85.55710835625402,85.55706148421008,4.687204393860611e-05,4.687204393860611e-05
Top-1 accuracy,BNT,193,85.3,82.52377115828375,82.52372612182124,4.5036462509528974e-05,4.5036462509528974e-05
Top-1 accuracy,BNT,194,85.3,86.06620702349957,86.06615126702295,5.575647662681149e-05,5.575647662681149e-05
Top-1 accuracy,BNT,195,85.3,82.61399890944796,82.61396103291092,3.787653703568594e-05,3.787653703568594e-05
Top-1 accuracy,BNT,196,85.3,84.07574757508127,84.07569748251933,5.009256193488909e-05,5.009256193488909e-05
Top-1 accuracy,BNT,197,85.3,82.31258032575468,82.31255381562931,2.651012536603048e-05,2.651012536603048e-05
Top-1 accuracy,BNT,198,85.3,87.25345117819472,87.25340872547096,4.245272376124376e-05,4.245272376124376e-05
Top-1 accuracy,BNT,199,85.3,87.87538962460772,87.87535334997,3.6274637722044645e-05,3.6274637722044645e-05
Top-1 accuracy,BNT,200,85.3,84.59618480963562,84.59613829012775,4.651950786183079e-05,4.651950786183079e-05
Top-1 accuracy,BNT,201,85.3,85.41476025615742,85.41471398488008,4.6271277341247696e-05,4.6271277341247696e-05
Top-1 accuracy,BNT,202,85.3,80.9542685417083,80.95422575609936,4.278560894022121e-05,4.278560894022121e-05
Top-1 accuracy,BNT,203,85.3,84.40101020425038,84.40097005597964,4.0148270741724446e-05,4.0148270741724446e-05
Top-1 accuracy,BNT,204,85.3,85.14944579425271,85.14938614887477,5.9645377945116707e-05,5.9645377945116707e-05
Top-1 accuracy,BNT,205,85.3,93.16243234584334,93.16237927308993,5.30727534169273e-05,5.30727534169273e-05
Top-1 accuracy,BNT,206,85.3,81.96414475005821,81.96409892267751,4.582738070268988e-05,4.582738070268988e-05
Top-1 accuracy,BNT,207,85.3,89.69258284338832,89.6925317162573,5.1127131015960003e-05,5.1127131015960003e-05
Top-1 accuracy,BNT,208,85.3,88.29063460308674,88.29057632039742,5.82826893236188e-05,5.82826893236188e-05
Top-1 accuracy,BNT,209,85.3,86.14197609806459,86.14190921347041,6.688459417603099e-05,6.688459417603099e-05
Top-1 accuracy,BNT,210,85.3,90.57591433023836,90.5758614525854,5.287765296202451e-05,5.287765296202451e-05
Top-1 accuracy,BNT,211,85.3,86.41636542037725,86.41631641782058,4.900255666484554e-05,4.900255666484554e-05
Top-1 accuracy,BNT,212,85.3,86.46753421109908,86.46747758700378,5.662409529350043e-05,5.662409529350043e-05
Top-1 accuracy,BNT,213,85.3,85.14068144231348,85.14063804094737,4.340136611347134e-05,4.340136611347134e-05
Top-1 accuracy,BNT,214,85.3,88.97075081767241,88.97070664725588,4.4170416529709655e-05,4.4170416529709655e-05
Top-1 accuracy,BNT,215,85.3,88.58944391400269,88.58940770143265,3.621257003771916e-05,3.621257003771916e-05
Top-1 accuracy,BNT,216,85.3,83.42300618775266,83.42296813751136,3.805024130087986e-05,3.805024130087986e-05
Top-1 accuracy,BNT,217,85.3,81.34230396356682,81.34225841620369,4.5547363129117e-05,4.5547363129117e-05
Top-1 accuracy,BNT,218,85.3,84.69110524523816,84.69105808781302,4.715742514349586e-05,4.715742514349586e-05
Top-1 accuracy,BNT,219,85.3,82.89994215171708,82.89988430680705,5.784491003169023e-05,5.784491003169023e-05
Top-1 accuracy,BNT,220,85.3,85.10948535761088,85.10942627615393,5.908145695343592e-05,5.908145695343592e-05
Top-1 accuracy,BNT,221,85.3,89.01236896888105,89.01231440405242,5.456482863053225e-05,5.456482863053225e-05
Top-1 accuracy,BNT,222,85.3,83.9281308474189,83.92809503473963,3.581267927188492e-05,3.581267927188492e-05
Top-1 accuracy,BNT,223,85.3,85.17156701854736,85.17152985606528,3.716248208718298e-05,3.716248208718298e-05
Top-1 accuracy,BNT,224,85.3,85.47411745569107,85.47406820442518,4.925126589228057e-05,4.925126589228057e-05
Top-1 accuracy,BNT,225,85.3,87.84534292205944,87.84529264661585,5.0275443598479796e-05,5.0275443598479796e-05
Top-1 accuracy,BNT,226,85.3,78.55936430050066,78.55933199804618,3.230245448548885e-05,3.230245448548885e-05
Top-1 accuracy,BNT,227,85.3,83.47995193845274,83.4798991157041,5.2822748642711304e-05,5.2822748642711304e-05
Top-1 accuracy,BNT,228,85.3,85.93388534202145,85.93385107683841,3.426518304650017e-05,3.426518304650017e-05
Top-1 accuracy,BNT,229,85.3,88.9002979485837,88.90023686928058,6.107930312282406e-05,6.107930312282406e-05
Top-1 accuracy,BNT,230,85.3,83.82433337535218,83.82429265748138,4.0717870803064216e-05,4.0717870803064216e-05
Top-1 accuracy,BNT,231,85.3,79.67038113022942,79.67034188187438,3.9248355037102556e-05,3.9248355037102556e-05
Top-1 accuracy,BNT,232,85.3,87.15918681693735,87.15913433789841,5.247903894201045e-05,5.247903894201045e-05
Top-1 accuracy,BNT,233,85.3,83.39395862132547,83.3939128335231,4.5787802363861374e-05,4.5787802363861374e-05
Top-1 accuracy,BNT,234,85.3,81.73104303768105,81.7310000227289,4.3014952140651985e-05,4.3014952140651985e-05
Top-1 accuracy,BNT,235,85.3,83.42702526914195,83.42696383086033,6.143828161953024e-05,6.143828161953024e-05
Top-1 accuracy,BNT,236,85.3,84.74647591668973,84.74642392703245,5.198965727970517e-05,5.198965727970517e-05
Top-1 accuracy,BNT,237,85.3,83.48579400504539,83.48576600638536,2.7998660030448264e-05,2.7998660030448264e-05
Top-1 accuracy,BNT,238,85.3,78.6833323025304,78.6833018287028,3.0473827607124804e-05,3.0473827607124804e-05
Top-1 accuracy,BNT,239,85.3,87.99123432444006,87.9911985906614,3.573377865961902e-05,3.573377865961902e-05
Top-1 accuracy,BNT,240,85.3,89.1246853910327,89.12462512383617,6.026719653107193e-05,6.026719653107193e-05
Top-1 accuracy,BNT,241,85.3,87.25460056034905,87.25456597401852,3.458633052844107e-05,3.458633052844107e-05
Top-1 accuracy,BNT,242,85.3,81.88698089148457,81.88694298872555,3.790275901849327e-05,3.790275901849327e-05
Top-1 accuracy,BNT,243,85.3,84.69558758522994,84.69552539815744,6.218707250127409e-05,6.218707250127409e-05
Top-1 accuracy,BNT,244,85.3,85.28047035164381,85.28043605431162,3.42973321920681e-05,3.42973321920681e-05
Top-1 accuracy,BNT,245,85.3,87.09641402424795,87.09638316868573,3.085556221549268e-05,3.085556221549268e-05
Top-1 accuracy,BNT,246,85.3,87.30506319471463,87.30502146615424,4.1728560390197345e-05,4.1728560390197345e-05
Top-1 accuracy,BNT,247,85.3,83.09751318133257,83.09747860366451,3.4577668060364886e-05,3.4577668060364886e-05
Top-1 accuracy,BNT,248,85.3,85.54603021540282,85.54598666924068,4.3546162146412826e-05,4.3546162146412826e-05
Top-1 accuracy,BNT,249,85.3,86.67186631221055,86.67184121384572,2.509836483000072e-05,2.509836483000072e-05
Top-1 accuracy,BNT,250,85.3,89.66750678043988,89.6674669664403,3.981399957808662e-05,3.981399957808662e-05
Top-1 accuracy,BNT,251,85.3,87.41355585532023,87.41351961947417,3.623584605350061e-05,3.623584605350061e-05
Top-1 accuracy,BNT,252,85.3,87.66721873734686,87.66717006212656,4.8675220298832755e-05,4.8675220298832755e-05
Top-1 accuracy,BNT,253,85.3,85.55152922021956,85.55147988378808,4.933643148774536e-05,4.933643148774536e-05
Top-1 accuracy,BNT,254,85.3,89.53141141942679,89.53137743561051,3.3983816280169776e-05,3.3983816280169776e-05
Top-1 accuracy,BNT,255,85.3,86.52932038817018,86.5292883878785,3.2000291682265924e-05,3.2000291682265924e-05
Top-1 accuracy,BNT,256,85.3,82.7167972453936,82.71673626947928,6.0975914308869505e-05,6.0975914308869505e-05
Top-1 accuracy,BNT,257,85.3,89.51014158932053,89.51010991037558,3.1678944949931065e-05,3.1678944949931065e-05
Top-1 accuracy,BNT,258,85.3,87.39374841993754,87.39370981761708,3.8602320458380746e-05,3.8602320458380746e-05
Top-1 accuracy,BNT,259,85.3,83.97091590948571,83.97086793661455,4.797287115820836e-05,4.797287115820836e-05
Top-1 accuracy,BNT,260,85.3,83.86158687929506,83.86152109780227,6.578149279334866e-05,6.578149279334866e-05
Top-1 accuracy,BNT,261,85.3,86.18977937764176,86.18972663542229,5.2742219466495044e-05,5.2742219466495044e-05
Top-1 accuracy,BNT,262,85.3,86.68959033593225,86.68955438580275,3.5950129500861294e-05,3.5950129500861294e-05
Top-1 accuracy,BNT,263,85.3,85.89192162493637,85.89187679689361,4.482804276051411e-05,4.482804276051411e-05
Top-1 accuracy,BNT,264,85.3,86.2339917770244,86.23392602032865,6.575669574715448e-05,6.575669574715448e-05
Top-1 accuracy,BNT,265,85.3,90.39992363919784,90.39987212372914,5.15154686979713e-05,5.15154686979713e-05
Top-1 accuracy,BNT,266,85.3,88.51469150426261,88.51462945670465,6.204755796090922e-05,6.204755796090922e-05
Top-1 accuracy,BNT,267,85.3,85.87195142301766,85.87190677379508,4.464922258762272e-05,4.464922258762272e-05
Top-1 accuracy,BNT,268,85.3,88.12398170301235,88.12393174230245,4.996070990159751e-05,4.996070990159751e-05
Top-1 accuracy,BNT,269,85.3,82.20248003259337,82.20242828941738,5.174317598743983e-05,5.174317598743983e-05
Top-1 accuracy,BNT,270,85.3,86.49382476281625,86.49378114984043,4.361297581567669e-05,4.361297581567669e-05
Top-1 accuracy,BNT,271,85.3,90.72796081178086,90.72791904919933,4.1762581531656906e-05,4.1762581531656906e-05
Top-1 accuracy,BNT,272,85.3,84.64591123843832,84.64586231382287,4.892461544159232e-05,4.892461544159232e-05
Top-1 accuracy,BNT,273,85.3,82.75713329711854,82.75709821414274,3.508297579912778e-05,3.508297579912778e-05
Top-1 accuracy,BNT,274,85.3,83.34377394212137,83.34373333422081,4.0607900558597976e-05,4.0607900558597976e-05
Top-1 accuracy,BNT,275,85.3,82.03114947268398,82.03110088797283,4.858471115198881e-05,4.858471115198881e-05
Top-1 accuracy,BNT,276,85.3,82.94574465495157,82.9457142756169,3.037933467453513e-05,3.037933467453513e-05
Top-1 accuracy,BNT,277,85.3,84.18850722303098,84.18847570422992,3.151880106599947e-05,3.151880106599947e-05
Top-1 accuracy,BNT,278,85.3,81.08335742937112,81.08329894246407,5.848690705079207e-05,5.848690705079207e-05
Top-1 accuracy,BNT,279,85.3,85.34688410653884,85.34685500184881,2.9104690028702862e-05,2.9104690028702862e-05
Top-1 accuracy,BNT,280,85.3,88.0068899611041,88.00683152135994,5.8439744151428386e-05,5.8439744151428386e-05
Top-1 accuracy,BNT,281,85.3,82.57677795881227,82.57673145955924,4.649925303112923e-05,4.649925303112923e-05
Top-1 accuracy,BNT,282,85.3,89.85790606606851,89.85785177092531,5.4295143200988605e-05,5.4295143200988605e-05
Top-1 accuracy,BNT,283,85.3,86.83241421513412,86.83237626558278,3.7949551341398546e-05,3.7949551341398546e-05
Top-1 accuracy,BNT,284,85.3,88.39177522446559,88.39174175687216,3.3467593425484665e-05,3.3467593425484665e-05
Top-1 accuracy,BNT,285,85.3,83.32654322620883,83.32649633844359,4.688776523664728e-05,4.688776523664728e-05
Top-1 accuracy,BNT,286,85.3,87.86364038480802,87.86357568119985,6.470360817445453e-05,6.470360817445453e-05
Top-1 accuracy,BNT,287,85.3,82.02425818795919,82.02419829881406,5.98891451346617e-05,5.98891451346617e-05
Top-1 accuracy,BNT,288,85.3,87.97078583931552,87.97074250250952,4.333680600154821e-05,4.333680600154821e-05
Top-1 accuracy,BNT,289,85.3,85.81556408674115,85.81551801938059,4.606736055734473e-05,4.606736055734473e-05
Top-1 accuracy,BNT,290,85.3,86.95979530621906,86.95975365995434,4.164626471947486e-05,4.164626471947486e-05
Top-1 accuracy,BNT,291,85.3,81.77325215662043,81.77321618312544,3.597349498818403e-05,3.597349498818403e-05
Top-1 accuracy,BNT,292,85.3,82.61483527903302,82.61479047317019,4.4805862827956844e-05,4.4805862827956844e-05
Top-1 accuracy,BNT,293,85.3,87.0917388685135,87.09168465476016,5.421375334435652e-05,5.421375334435652e-05
Top-1 accuracy,BNT,294,85.3,82.45499353246569,82.4549559873274,3.754513829790085e-05,3.754513829790085e-05
Top-1 accuracy,BNT,295,85.3,86.68965544254667,86.68961887629736,3.656624930670205e-05,3.656624930670205e-05
Top-1 accuracy,BNT,296,85.3,81.19862618607601,81.19858658061926,3.960545674885907e-05,3.960545674885907e-05
Top-1 accuracy,BNT,297,85.3,87.84457165908879,87.844522638,4.902108878468425e-05,4.902108878468425e-05
Top-1 accuracy,BNT,298,85.3,81.60249753983847,81.60243005569447,6.748414399737612e-05,6.748414399737612e-05
Top-1 accuracy,BNT,299,85.3,86.95695565619074,86.95689981303856,5.584315218243319e-05,5.584315218243319e-05
Top-1 accuracy,BNT,300,85.3,87.17694339396625,87.176892800938,5.0593028248613336e-05,5.0593028248613336e-05
Top-1 accuracy,BNT,301,85.3,81.11942649375192,81.11936908942255,5.7404329368182516e-05,5.7404329368182516e-05
Top-1 accuracy,BNT,302,85.3,88.79221596046897,88.79215940250836,5.6557960604664004e-05,5.6557960604664004e-05
Top-1 accuracy,BNT,303,85.3,86.86270882363726,86.86265358000134,5.524363592712689e-05,5.524363592712689e-05
Top-1 accuracy,BNT,304,85.3,82.06700819261825,82.06694886284356,5.93297746860344e-05,5.93297746860344e-05
Top-1 accuracy,BNT,305,85.3,79.2487181420303,79.24867189554274,4.6246487556800275e-05,4.6246487556800275e-05
Top-1 accuracy,BNT,306,85.3,73.52429419341766,73.52424584996453,4.8343453130428315e-05,4.8343453130428315e-05
Top-1 accuracy,BNT,307,85.3,87.39796532527059,87.39790028379817,6.50414724248094e-05,6.50414724248094e-05
Top-1 accuracy,BNT,308,85.3,75.91122287436059,75.91118337182766,3.950253292828165e-05,3.950253292828165e-05
Top-1 accuracy,BNT,309,85.3,85.87211418955368,85.87206519664785,4.899290583182392e-05,4.899290583182392e-05
Top-1 accuracy,BNT,310,85.3,83.71936899242728,83.71931070350651,5.828892076920056e-05,5.828892076920056e-05
Top-1 accuracy,BNT,311,85.3,89.37491765530025,89.37485665262918,6.1002671074561476e-05,6.1002671074561476e-05
Top-1 accuracy,BNT,312,85.3,83.48779478138809,83.48772700306081,6.777832727777877e-05,6.777832727777877e-05
Top-1 accuracy,BNT,313,85.3,83.32337553900793,83.32331328191745,6.22570904766917e-05,6.22570904766917e-05
Top-1 accuracy,BNT,314,85.3,89.6913032480052,89.69122422572977,7.902227542899709e-05,7.902227542899709e-05
Top-1 accuracy,BNT,315,85.3,87.3103969288948,87.3103481745047,4.875439010731952e-05,4.875439010731952e-05
Top-1 accuracy,BNT,316,85.3,87.19701375990712,87.19693574309667,7.801681044838915e-05,7.801681044838915e-05
Top-1 accuracy,BNT,317,85.3,88.11567810557506,88.11560553885116,7.256672390099084e-05,7.256672390099084e-05
Top-1 accuracy,BNT,318,85.3,76.08664012637422,76.08656726075736,7.286561685759807e-05,7.286561685759807e-05
Top-1 accuracy,BNT,319,85.3,89.8407880346809,89.84073207992189,5.595475900577185e-05,5.595475900577185e-05
Top-1 accuracy,BNT,320,85.3,88.97487006308387,88.9748127640816,5.7299002264699084e-05,5.7299002264699084e-05
Top-1 accuracy,BNT,321,85.3,79.19996330424257,79.19990122854101,6.207570156391284e-05,6.207570156391284e-05
Top-1 accuracy,BNT,322,85.3,83.8355742827394,83.83551715795478,5.712478461816772e-05,5.712478461816772e-05
Top-1 accuracy,BNT,323,85.3,85.06420871549277,85.06415627423421,5.244125856052051e-05,5.244125856052051e-05
Top-1 accuracy,BNT,324,85.3,84.49307596522128,84.4930192935896,5.667163168254774e-05,5.667163168254774e-05
Top-1 accuracy,BNT,325,85.3,87.30322518490794,87.3031597994112,6.53854967396228e-05,6.53854967396228e-05
Top-1 accuracy,BNT,326,85.3,93.88828595704909,93.8882006909871,8.526606198699938e-05,8.526606198699938e-05
Top-1 accuracy,BNT,327,85.3,91.7906635254194,91.79060036603697,6.315938243517394e-05,6.315938243517394e-05
Top-1 accuracy,BNT,328,85.3,77.42673457888975,77.42668483941156,4.97394781859839e-05,4.97394781859839e-05
Top-1 accuracy,BNT,329,85.3,89.03247188812911,89.0324199418363,5.194629281390917e-05,5.194629281390917e-05
Top-1 accuracy,BNT,330,85.3,93.27366449245508,93.27359991721245,6.457524263225878e-05,6.457524263225878e-05
Top-1 accuracy,BNT,331,85.3,87.62092292630322,87.62085112413521,7.180216800861672e-05,7.180216800861672e-05
Top-1 accuracy,BNT,332,85.3,91.8459515615527,91.84588255111579,6.90104369027722e-05,6.90104369027722e-05
Top-1 accuracy,BNT,333,85.3,97.37370595674932,97.37362267420458,8.328254473610741e-05,8.328254473610741e-05
Top-1 accuracy,BNT,334,85.3,91.44232560964454,91.44225727664188,6.833300265896014e-05,6.833300265896014e-05
Top-1 accuracy,BNT,335,85.3,86.7959319741619,86.79585157385037,8.040031153200289e-05,8.040031153200289e-05
Top-1 accuracy,BNT,336,85.3,91.57061068102949,91.57053084450851,7.983652098175753e-05,7.983652098175753e-05
Top-1 accuracy,BNT,337,85.3,86.16938097452831,86.16932699858134,5.397594696887609e-05,5.397594696887609e-05
Top-1 accuracy,BNT,338,85.3,85.44347978541204,85.44341825970973,6.152570230710808e-05,6.152570230710808e-05
Top-1 accuracy,BNT,339,85.3,83.19157971864617,83.1915145857176,6.513292856880071e-05,6.513292856880071e-05
Top-1 accuracy,BNT,340,85.3,94.68056834775317,94.68048015299264,8.819476052224218e-05,8.819476052224218e-05
Top-1 accuracy,BNT,341,85.3,80.3894886945425,80.38942800434799,6.069019450194446e-05,6.069019450194446e-05
Top-1 accuracy,BNT,342,85.3,94.49427328293265,94.4942063480687,6.693486395192849e-05,6.693486395192849e-05
Top-1 accuracy,BNT,343,85.3,88.2992512130933,88.29918474244222,6.647065107756589e-05,6.647065107756589e-05
Top-1 accuracy,BNT,344,85.3,76.90422895727772,76.90416295118834,6.600608938356345e-05,6.600608938356345e-05
Top-1 accuracy,BNT,345,85.3,87.50596467806703,87.50589575794852,6.89201185082311e-05,6.89201185082311e-05
Top-1 accuracy,BNT,346,85.3,72.69989420900708,72.69984095409025,5.325491683549899e-05,5.325491683549899e-05
Top-1 accuracy,BNT,347,85.3,89.05313322180073,89.05304810098622,8.512081451783615e-05,8.512081451783615e-05
Top-1 accuracy,BNT,348,85.3,90.61146003760336,90.61138889793395,7.11396694157429e-05,7.11396694157429e-05
Top-1 accuracy,BNT,349,85.3,81.74592991547497,81.74586426608768,6.564938729525238e-05,6.564938729525238e-05
Top-1 accuracy,BNT,350,85.3,86.04134380909821,86.04128617573349,5.76333647188676e-05,5.76333647188676e-05
Top-1 accuracy,BNT,351,85.3,97.02502497919855,97.02494460250172,8.037669682892101e-05,8.037669682892101e-05
Top-1 accuracy,BNT,352,85.3,82.26557835835482,82.26551977442838,5.8583926431765576e-05,5.8583926431765576e-05
Top-1 accuracy,BNT,353,85.3,78.94662845938853,78.9465544776604,7.398172813566362e-05,7.398172813566362e-05
Top-1 accuracy,BNT,354,85.3,94.19006513122216,94.18998041477559,8.471644656538047e-05,8.471644656538047e-05
Top-1 accuracy,BNT,355,85.3,97.07560280218962,97.07552314318477,7.965900485373822e-05,7.965900485373822e-05
Top-1 accuracy,BNT,356,85.3,85.32223624478513,85.32217403108709,6.221369804393362e-05,6.221369804393362e-05
Top-1 accuracy,BNT,357,85.3,91.36885529938816,91.36877821245014,7.708693802044309e-05,7.708693802044309e-05
Top-1 accuracy,BNT,358,85.3,93.34892523460763,93.34885549318528,6.974142235094405e-05,6.974142235094405e-05
Top-1 accuracy,BNT,359,85.3,80.84515236006476,80.8450946047697,5.775529506024668e-05,5.775529506024668e-05
Top-1 accuracy,BNT,360,85.3,82.38823421169421,82.38816498779279,6.922390141994583e-05,6.922390141994583e-05
Top-1 accuracy,BNT,361,85.3,92.6853360836788,92.68524707892841,8.900475039297362e-05,8.900475039297362e-05
Top-1 accuracy,BNT,362,85.3,95.4101630851867,95.41008567225106,7.741293563867657e-05,7.741293563867657e-05
Top-1 accuracy,BNT,363,85.3,88.67737290085826,88.67728516104613,8.773981213039406e-05,8.773981213039406e-05
Top-1 accuracy,BNT,364,85.3,80.02117807274837,80.02111387898768,6.419376069288774e-05,6.419376069288774e-05
Top-1 accuracy,BNT,365,85.3,97.22243324227802,97.22236667019665,6.657208136573445e-05,6.657208136573445e-05
Top-1 accuracy,BNT,366,85.3,82.11425556187243,82.11417461312821,8.094874421260556e-05,8.094874421260556e-05
Top-1 accuracy,BNT,367,85.3,83.28923964025486,83.28917331297129,6.63272835765838e-05,6.63272835765838e-05
Top-1 accuracy,BNT,368,85.3,87.3541160204683,87.35402700693773,8.901353056955941e-05,8.901353056955941e-05
Top-1 accuracy,BNT,369,85.3,94.62503490976559,94.62496252428863,7.238547695465058e-05,7.238547695465058e-05
Top-1 accuracy,BNT,370,85.3,90.42393295531025,90.42385585931333,7.70959969145224e-05,7.70959969145224e-05
Top-1 accuracy,BNT,371,85.3,87.78926609425162,87.78919300217146,7.309208015726654e-05,7.309208015726654e-05
Top-1 accuracy,BNT,372,85.3,88.07980436103747,88.07973118070863,7.318032884029435e-05,7.318032884029435e-05
Top-1 accuracy,BNT,373,85.3,85.56116249505106,85.56108801186079,7.448319027503203e-05,7.448319027503203e-05
Top-1 accuracy,BNT,374,85.3,88.64891630216181,88.64883708711103,7.921505077490565e-05,7.921505077490565e-05
Top-1 accuracy,BNT,375,85.3,70.12271398436822,70.12263953383417,7.44505340435353e-05,7.44505340435353e-05
Top-1 accuracy,BNT,376,85.3,83.52042070750706,83.5203552455812,6.546192585688004e-05,6.546192585688004e-05
Top-1 accuracy,BNT,377,85.3,86.74799597725536,86.74793160950068,6.436775467477673e-05,6.436775467477673e-05
Top-1 accuracy,BNT,378,85.3,78.39400852451328,78.39391549828295,9.302623033136115e-05,9.302623033136115e-05
Top-1 accuracy,BNT,379,85.3,87.6180181696605,87.61793990686935,7.82627911490863e-05,7.82627911490863e-05
Top-1 accuracy,BNT,380,85.3,84.0732534909294,84.07317267408327,8.08168461361447e-05,8.08168461361447e-05
Top-1 accuracy,BNT,381,85.3,97.6328503148888,97.63276321710839,8.7097780408385e-05,8.7097780408385e-05
Top-1 accuracy,BNT,382,85.3,97.67144852082922,97.67136072203243,8.779879678399993e-05,8.779879678399993e-05
Top-1 accuracy,BNT,383,85.3,96.71978513805976,96.71969864350804,8.649455172360376e-05,8.649455172360376e-05
Top-1 accuracy,BNT,384,85.3,95.50803835944303,95.50795740791082,8.095153221177043e-05,8.095153221177043e-05
Top-1 accuracy,BNT,385,85.3,95.42705073932333,95.42697506149196,7.567783137574224e-05,7.567783137574224e-05
Top-1 accuracy,BNT,386,85.3,96.99343324660842,96.99334057661278,9.266999563806166e-05,9.266999563806166e-05
Top-1 accuracy,BNT,387,85.3,95.63835676047789,95.63826151238895,9.524808893957015e-05,9.524808893957015e-05
Top-1 accuracy,BNT,388,85.3,97.72747526662596,97.72738782216055,8.744446540731587e-05,8.744446540731587e-05
Top-1 accuracy,BNT,389,85.3,98.82397081724166,98.82389202255862,7.879468303428894e-05,7.879468303428894e-05
Top-1 accuracy,BNT,390,85.3,98.83176357816592,98.8316592660749,0.00010431209102534922,0.00010431209102534922
Top-1 accuracy,BNT,391,85.3,72.663905275844,72.66381835947107,8.691637293622989e-05,8.691637293622989e-05
Top-1 accuracy,BNT,392,85.3,74.45513598008003,74.45507267410827,6.330597176429364e-05,6.330597176429364e-05
Top-1 accuracy,BNT,393,85.3,71.84807181942891,71.8480126745645,5.914486440872224e-05,5.914486440872224e-05
Top-1 accuracy,BNT,394,85.3,71.75569429793903,71.75562625874716,6.803919187348129e-05,6.803919187348129e-05
Top-1 accuracy,BNT,395,85.3,74.51346023813514,74.51338566018816,7.457794697529607e-05,7.457794697529607e-05
Top-1 accuracy,BNT,396,85.3,72.35035933316738,72.35029565691728,6.36762500931809e-05,6.36762500931809e-05
Top-1 accuracy,BNT,397,85.3,74.15399660359854,74.1539218042915,7.479930704334947e-05,7.479930704334947e-05
Top-1 accuracy,BNT,398,85.3,72.0895247071539,72.08943875058827,8.595656562704335e-05,8.595656562704335e-05
Top-1 accuracy,BNT,399,85.3,71.3111400745249,71.31104840038559,9.167413931265855e-05,9.167413931265855e-05
Top-1 accuracy,BNT,400,85.3,75.17997167441055,75.17989597868242,7.569572812826664e-05,7.569572812826664e-05
Top-1 accuracy,BrainGNN,1,87.5,88.25950362499856,88.25949571411394,7.910884619377612e-06,7.910884619377612e-06
Top-1 accuracy,BrainGNN,2,87.5,89.96101491048285,89.96103203783737,-1.7127354524859584e-05,1.7127354524859584e-05
Top-1 accuracy,BrainGNN,3,87.5,87.39914726073212,87.39916230588886,-1.5045156743553889e-05,1.5045156743553889e-05
Top-1 accuracy,BrainGNN,4,87.5,88.86421135549901,88.8642227364234,-1.1380924391346525e-05,1.1380924391346525e-05
Top-1 accuracy,BrainGNN,5,87.5,85.95069036083981,85.95071106833728,-2.0707497469629743e-05,2.0707497469629743e-05
Top-1 accuracy,BrainGNN,6,87.5,86.91059473853272,86.91060024971571,-5.511182990858288e-06,5.511182990858288e-06
Top-1 accuracy,BrainGNN,7,87.5,86.88240107039445,86.88242170735897,-2.063696452125896e-05,2.063696452125896e-05
Top-1 accuracy,BrainGNN,8,87.5,85.26025224377027,85.26026496037929,-1.2716609020912983e-05,1.2716609020912983e-05
Top-1 accuracy,BrainGNN,9,87.5,86.96969151160874,86.96967751065266,1.4000956085169491e-05,1.4000956085169491e-05
Top-1 accuracy,BrainGNN,10,87.5,82.85413964848262,82.85414510340875,-5.454926139236704e-06,5.454926139236704e-06
Top-1 accuracy,BrainGNN,11,87.5,86.02654207072311,86.02653875857368,3.3121494311671995e-06,3.3121494311671995e-06
Top-1 accuracy,BrainGNN,12,87.5,86.64536291194628,86.64537351989098,-1.0607944702201166e-05,1.0607944702201166e-05
Top-1 accuracy,BrainGNN,13,87.5,86.73145388899518,86.73146074251386,-6.853518684124538e-06,6.853518684124538e-06
Top-1 accuracy,BrainGNN,14,87.5,86.77550101774125,86.77550766238767,-6.644646418862976e-06,6.644646418862976e-06
Top-1 accuracy,BrainGNN,15,87.5,87.31469646954613,87.3147074004196,-1.093087347214805e-05,1.093087347214805e-05
Top-1 accuracy,BrainGNN,16,87.5,88.93832271549724,88.93832455425819,-1.8387609515002623e-06,1.8387609515002623e-06
Top-1 accuracy,BrainGNN,17,87.5,90.1235485651458,90.12355122239757,-2.6572517697331932e-06,2.6572517697331932e-06
Top-1 accuracy,BrainGNN,18,87.5,85.55070787523783,85.55070431945519,3.5557826407739412e-06,3.5557826407739412e-06
Top-1 accuracy,BrainGNN,19,87.5,83.8904040684713,83.89039743383256,6.634638737068599e-06,6.634638737068599e-06
Top-1 accuracy,BrainGNN,20,87.5,84.37386825834483,84.3738667632707,1.4950741302754977e-06,1.4950741302754977e-06
Top-1 accuracy,BrainGNN,21,87.5,86.0384064991483,86.03839123641522,1.5262733072063384e-05,1.5262733072063384e-05
Top-1 accuracy,BrainGNN,22,87.5,86.44423105134291,86.44423604655047,-4.995207561364623e-06,4.995207561364623e-06
Top-1 accuracy,BrainGNN,23,87.5,85.19001222322863,85.19001180140762,4.218210136741618e-07,4.218210136741618e-07
Top-1 accuracy,BrainGNN,24,87.5,83.61164759479234,83.61165000725032,-2.4124579738327157e-06,2.4124579738327157e-06
Top-1 accuracy,BrainGNN,25,87.5,86.13163666687683,86.13163751757743,-8.507006015179286e-07,8.507006015179286e-07
Top-1 accuracy,BrainGNN,26,87.5,88.04429120697966,88.04427986034192,1.134663774848832e-05,1.134663774848832e-05
Top-1 accuracy,BrainGNN,27,87.5,89.28511810533078,89.2850883975067,2.9707824083402556e-05,2.9707824083402556e-05
Top-1 accuracy,BrainGNN,28,87.5,85.8277239990317,85.82773084067503,-6.84164332653836e-06,6.84164332653836e-06
Top-1 accuracy,BrainGNN,29,87.5,86.26100350970114,86.2610065335697,-3.023868558216236e-06,3.023868558216236e-06
Top-1 accuracy,BrainGNN,30,87.5,84.71990740981106,84.71990507345807,2.3363529919606663e-06,2.3363529919606663e-06
Top-1 accuracy,BrainGNN,31,87.5,87.40571050828433,87.40568248887567,2.8019408659929468e-05,2.8019408659929468e-05
Top-1 accuracy,BrainGNN,32,87.5,84.95471441466555,84.95471409742755,3.1723799054361734e-07,3.1723799054361734e-07
Top-1 accuracy,BrainGNN,33,87.5,89.21939047398759,89.2193834397236,7.034263987293343e-06,7.034263987293343e-06
Top-1 accuracy,BrainGNN,34,87.5,82.14241667670348,82.14240052419767,1.6152505807554007e-05,1.6152505807554007e-05
Top-1 accuracy,BrainGNN,35,87.5,86.42110818682664,86.42111098264262,-2.79581597339984e-06,2.79581597339984e-06
Top-1 accuracy,BrainGNN,36,87.5,88.40334416902539,88.40332201757522,2.2151450167484654e-05,2.2151450167484654e-05
Top-1 accuracy,BrainGNN,37,87.5,88.05152805758092,88.05150354896752,2.450861340719257e-05,2.450861340719257e-05
Top-1 accuracy,BrainGNN,38,87.5,95.57912977417305,95.57910099194149,2.8782231566992778e-05,2.8782231566992778e-05
Top-1 accuracy,BrainGNN,39,87.5,88.54943339534977,88.54940007370372,3.332164604330501e-05,3.332164604330501e-05
Top-1 accuracy,BrainGNN,40,87.5,84.4878574196666,84.48783620947397,2.1210192628018376e-05,2.1210192628018376e-05
Top-1 accuracy,BrainGNN,41,87.5,87.2136209547817,87.21360725873278,1.3696048924316528e-05,1.3696048924316528e-05
Top-1 accuracy,BrainGNN,42,87.5,82.1712664191869,82.17126099960065,5.4195862588812815e-06,5.4195862588812815e-06
Top-1 accuracy,BrainGNN,43,87.5,87.25820896924745,87.25820075210972,8.217137732913216e-06,8.217137732913216e-06
Top-1 accuracy,BrainGNN,44,87.5,85.00086248377647,85.00083182899772,3.065477875452416e-05,3.065477875452416e-05
Top-1 accuracy,BrainGNN,45,87.5,90.24618688978133,90.24617082668048,1.6063100844121436e-05,1.6063100844121436e-05
Top-1 accuracy,BrainGNN,46,87.5,85.85140527797154,85.8513791762134,2.6101758137997422e-05,2.6101758137997422e-05
Top-1 accuracy,BrainGNN,47,87.5,87.1497188127424,87.14970225261426,1.6560128145215458e-05,1.6560128145215458e-05
Top-1 accuracy,BrainGNN,48,87.5,85.5933426912714,85.5933264757868,1.6215484606618702e-05,1.6215484606618702e-05
Top-1 accuracy,BrainGNN,49,87.5,92.71658225039249,92.71655405556,2.8194832495387345e-05,2.8194832495387345e-05
Top-1 accuracy,BrainGNN,50,87.5,86.53629681231382,86.53627170164627,2.5110667550620747e-05,2.5110667550620747e-05
Top-1 accuracy,BrainGNN,51,87.5,92.99768256219005,92.99767113043761,1.1431752440671517e-05,1.1431752440671517e-05
Top-1 accuracy,BrainGNN,52,87.5,89.94247204587998,89.9424552863548,1.675952518098711e-05,1.675952518098711e-05
Top-1 accuracy,BrainGNN,53,87.5,88.94623316914753,88.94620018200615,3.298714138111336e-05,3.298714138111336e-05
Top-1 accuracy,BrainGNN,54,87.5,88.60623140411715,88.60619944195255,3.19621645985535e-05,3.19621645985535e-05
Top-1 accuracy,BrainGNN,55,87.5,88.68140951095143,88.68139189464875,1.761630267083092e-05,1.761630267083092e-05
Top-1 accuracy,BrainGNN,56,87.5,81.71699753767327,81.71698226196317,1.5275710097739648e-05,1.5275710097739648e-05
Top-1 accuracy,BrainGNN,57,87.5,86.66336489082948,86.66334981754773,1.5073281758759549e-05,1.5073281758759549e-05
Top-1 accuracy,BrainGNN,58,87.5,90.03548686096087,90.03547391355296,1.2947407910246511e-05,1.2947407910246511e-05
Top-1 accuracy,BrainGNN,59,87.5,87.35334475749764,87.35330844957768,3.6307919955902435e-05,3.6307919955902435e-05
Top-1 accuracy,BrainGNN,60,87.5,83.28444929589492,83.28443045958927,1.8836305642366824e-05,1.8836305642366824e-05
Top-1 accuracy,BrainGNN,61,87.5,87.34280750236613,87.34278664826759,2.0854098536915444e-05,2.0854098536915444e-05
Top-1 accuracy,BrainGNN,62,87.5,92.61235657713104,92.61231654876647,4.0028364566069286e-05,4.0028364566069286e-05
Top-1 accuracy,BrainGNN,63,87.5,91.24070294533257,91.24067514660416,2.7798728410743934e-05,2.7798728410743934e-05
Top-1 accuracy,BrainGNN,64,87.5,87.31400784189377,87.31398797190191,1.98699918598777e-05,1.98699918598777e-05
Top-1 accuracy,BrainGNN,65,87.5,90.35438406652153,90.35434783117427,3.623534726671096e-05,3.623534726671096e-05
Top-1 accuracy,BrainGNN,66,87.5,86.40049443106555,86.40047893889584,1.5492169708863912e-05,1.5492169708863912e-05
Top-1 accuracy,BrainGNN,67,87.5,82.38841450693411,82.38838523951985,2.9267414262790226e-05,2.9267414262790226e-05
Top-1 accuracy,BrainGNN,68,87.5,84.72661839929596,84.72660203561134,1.636368462243354e-05,1.636368462243354e-05
Top-1 accuracy,BrainGNN,69,87.5,92.18869281258921,92.18866630552459,2.6507064617931064e-05,2.6507064617931064e-05
Top-1 accuracy,BrainGNN,70,87.5,86.67805394467965,86.67802075451209,3.319016755654047e-05,3.319016755654047e-05
Top-1 accuracy,BrainGNN,71,87.5,86.7698717996957,86.76984806187495,2.373782074016617e-05,2.373782074016617e-05
Top-1 accuracy,BrainGNN,72,87.5,86.60051196692237,86.60048541117536,2.655574701293517e-05,2.655574701293517e-05
Top-1 accuracy,BrainGNN,73,87.5,93.21243672980755,93.21240976871903,2.6961088522625687e-05,2.6961088522625687e-05
Top-1 accuracy,BrainGNN,74,87.5,92.37789263405244,92.37787674608619,1.5887966256400432e-05,1.5887966256400432e-05
Top-1 accuracy,BrainGNN,75,87.5,94.15635743366383,94.1563407003444,1.6733319426975868e-05,1.6733319426975868e-05
Top-1 accuracy,BrainGNN,76,87.5,87.02289363198048,87.02286436879984,2.9263180636007746e-05,2.9263180636007746e-05
Top-1 accuracy,BrainGNN,77,87.5,88.3868847160835,88.38687346624128,1.1249842216898287e-05,1.1249842216898287e-05
Top-1 accuracy,BrainGNN,78,87.5,82.9501093022173,82.95007235173763,3.6950479668007574e-05,3.6950479668007574e-05
Top-1 accuracy,BrainGNN,79,87.5,91.93081302522953,91.93080327835483,9.74687469579294e-06,9.74687469579294e-06
Top-1 accuracy,BrainGNN,80,87.5,83.99668060008653,83.99666134619619,1.9253890343406965e-05,1.9253890343406965e-05
Top-1 accuracy,BrainGNN,81,87.5,88.15035489004781,88.15032669128789,2.8198759920883276e-05,2.8198759920883276e-05
Top-1 accuracy,BrainGNN,82,87.5,84.20813436317377,84.20809241710147,4.1946072300902415e-05,4.1946072300902415e-05
Top-1 accuracy,BrainGNN,83,87.5,85.73342708446712,85.73339951978392,2.756468320797012e-05,2.756468320797012e-05
Top-1 accuracy,BrainGNN,84,87.5,84.98824181698397,84.9882127068509,2.911013307027588e-05,2.911013307027588e-05
Top-1 accuracy,BrainGNN,85,87.5,85.67639869844876,85.67637421797255,2.448047621328442e-05,2.448047621328442e-05
Top-1 accuracy,BrainGNN,86,87.5,85.88266646928852,85.88263189055306,3.4578735466084254e-05,3.4578735466084254e-05
Top-1 accuracy,BrainGNN,87,87.5,85.85521151081372,85.85519361522476,1.7895588953820152e-05,1.7895588953820152e-05
Top-1 accuracy,BrainGNN,88,87.5,90.00002378891415,90.00000173534092,2.205357323248336e-05,2.205357323248336e-05
Top-1 accuracy,BrainGNN,89,87.5,84.18543719575169,84.18541162081245,2.5574939243711015e-05,2.5574939243711015e-05
Top-1 accuracy,BrainGNN,90,87.5,88.1616458794461,88.1616242810416,2.159840450133288e-05,2.159840450133288e-05
Top-1 accuracy,BrainGNN,91,87.5,91.15390581192744,91.15387745691667,2.8355010769587352e-05,2.8355010769587352e-05
Top-1 accuracy,BrainGNN,92,87.5,85.96045384890013,85.96041090645981,4.2942440316551256e-05,4.2942440316551256e-05
Top-1 accuracy,BrainGNN,93,87.5,85.34627811420475,85.3462433277572,3.4786447557166866e-05,3.4786447557166866e-05
Top-1 accuracy,BrainGNN,94,87.5,86.80845247693225,86.80842612445925,2.6352473000201826e-05,2.6352473000201826e-05
Top-1 accuracy,BrainGNN,95,87.5,91.03922551885273,91.03917562508212,4.989377060837796e-05,4.989377060837796e-05
Top-1 accuracy,BrainGNN,96,87.5,88.08236355180372,88.08232289286008,4.065894364657652e-05,4.065894364657652e-05
Top-1 accuracy,BrainGNN,97,87.5,85.90638030153556,85.9063571161772,2.3185358358546182e-05,2.3185358358546182e-05
Top-1 accuracy,BrainGNN,98,87.5,88.9516645632493,88.95162995356412,3.4609685172881655e-05,3.4609685172881655e-05
Top-1 accuracy,BrainGNN,99,87.5,84.19315232955879,84.19312355049072,2.8779068060202917e-05,2.8779068060202917e-05
Top-1 accuracy,BrainGNN,100,87.5,89.54411221743703,89.54407853132885,3.368610818199613e-05,3.368610818199613e-05
Top-1 accuracy,BrainGNN,101,87.5,88.72586731218836,88.7258219231053,4.5389083055624724e-05,4.5389083055624724e-05
Top-1 accuracy,BrainGNN,102,87.5,86.57661783943544,86.57657458658335,4.3252852094610716e-05,4.3252852094610716e-05
Top-1 accuracy,BrainGNN,103,87.5,84.98427031350522,84.9842426046583,2.7708846914720198e-05,2.7708846914720198e-05
Top-1 accuracy,BrainGNN,104,87.5,84.83998654368033,84.83995723314963,2.931053069232803e-05,2.931053069232803e-05
Top-1 accuracy,BrainGNN,105,87.5,89.10448230776247,89.10445200903773,3.0298724738031524e-05,3.0298724738031524e-05
Top-1 accuracy,BrainGNN,106,87.5,91.18697245974391,91.18694150746718,3.0952276730999984e-05,3.0952276730999984e-05
Top-1 accuracy,BrainGNN,107,87.5,85.58812414571673,85.58807675891362,4.738680311788812e-05,4.738680311788812e-05
Top-1 accuracy,BrainGNN,108,87.5,88.87520686103193,88.87516011065445,4.6750377478588234e-05,4.6750377478588234e-05
Top-1 accuracy,BrainGNN,109,87.5,81.23894721319763,81.2389189441938,2.8269003834680007e-05,2.8269003834680007e-05
Top-1 accuracy,BrainGNN,110,87.5,85.74617796448845,85.7461468080284,3.115646005369399e-05,3.115646005369399e-05
Top-1 accuracy,BrainGNN,111,87.5,87.40684236173476,87.4068232013873,1.916034746329842e-05,1.916034746329842e-05
Top-1 accuracy,BrainGNN,112,87.5,84.7709785406113,84.7709497490545,2.8791556800911167e-05,2.8791556800911167e-05
Top-1 accuracy,BrainGNN,113,87.5,84.69049925290408,84.69048087563121,1.8377272866132444e-05,1.8377272866132444e-05
Top-1 accuracy,BrainGNN,114,87.5,85.49669943448767,85.49666133059334,3.810389432601369e-05,3.810389432601369e-05
Top-1 accuracy,BrainGNN,115,87.5,88.37661039151016,88.37657818497912,3.220653103142013e-05,3.220653103142013e-05
Top-1 accuracy,BrainGNN,116,87.5,86.93804969700753,86.93801294478088,3.675222664867306e-05,3.675222664867306e-05
Top-1 accuracy,BrainGNN,117,87.5,80.78533440602915,80.78530630002508,2.810600406633057e-05,2.810600406633057e-05
Top-1 accuracy,BrainGNN,118,87.5,81.13792178044427,81.1378995420948,2.223834947301384e-05,2.223834947301384e-05
Top-1 accuracy,BrainGNN,119,87.5,85.6794336683203,85.67940446642848,2.9201891820207493e-05,2.9201891820207493e-05
Top-1 accuracy,BrainGNN,120,87.5,88.87308839196318,88.87305975816065,2.863380252904335e-05,2.863380252904335e-05
Top-1 accuracy,BrainGNN,121,87.5,79.25753257598062,79.2574854718243,4.710415632303011e-05,4.710415632303011e-05
Top-1 accuracy,BrainGNN,122,87.5,86.0008424867367,86.00080947154511,3.30151915903798e-05,3.30151915903798e-05
Top-1 accuracy,BrainGNN,123,87.5,85.92128220393283,85.92125643044774,2.577348509191779e-05,2.577348509191779e-05
Top-1 accuracy,BrainGNN,124,87.5,91.66505533752675,91.66501333462534,4.2002901409432525e-05,4.2002901409432525e-05
Top-1 accuracy,BrainGNN,125,87.5,86.34497852178184,86.3449345648614,4.3956920436016844e-05,4.3956920436016844e-05
Top-1 accuracy,BrainGNN,126,87.5,88.64898140877622,88.64896695422279,1.4454553436848983e-05,1.4454553436848983e-05
Top-1 accuracy,BrainGNN,127,87.5,87.92378637601621,87.92377142026238,1.4955753826484397e-05,1.4955753826484397e-05
Top-1 accuracy,BrainGNN,128,87.5,81.10833332829739,81.1083005605784,3.276771899152209e-05,3.276771899152209e-05
Top-1 accuracy,BrainGNN,129,87.5,89.80463633498181,89.80462164989521,1.468508659741019e-05,1.468508659741019e-05
Top-1 accuracy,BrainGNN,130,87.5,88.14621811593248,88.14618951636886,2.8599563620446133e-05,2.8599563620446133e-05
Top-1 accuracy,BrainGNN,131,87.5,89.02482436503698,89.02480591902376,1.8446013214656887e-05,1.8446013214656887e-05
Top-1 accuracy,BrainGNN,132,87.5,99.27875053526833,99.27871311930897,3.741595935480291e-05,3.741595935480291e-05
Top-1 accuracy,BrainGNN,133,87.5,81.24767901182966,81.24766118150424,1.7830325418799475e-05,1.7830325418799475e-05
Top-1 accuracy,BrainGNN,134,87.5,92.67411020089492,92.67408994928333,2.025161158769606e-05,2.025161158769606e-05
Top-1 accuracy,BrainGNN,135,87.5,86.63769786015028,86.63765744179894,4.041835134671601e-05,4.041835134671601e-05
Top-1 accuracy,BrainGNN,136,87.5,88.36202150168214,88.36198671320903,3.47884731013437e-05,3.47884731013437e-05
Top-1 accuracy,BrainGNN,137,87.5,87.36348636474162,87.36346326409627,2.3100645350382365e-05,2.3100645350382365e-05
Top-1 accuracy,BrainGNN,138,87.5,86.22731083674614,86.22729099980587,1.9836940268191938e-05,1.9836940268191938e-05
Top-1 accuracy,BrainGNN,139,87.5,85.7905205770999,85.79050121528373,1.9361816171681312e-05,1.9361816171681312e-05
Top-1 accuracy,BrainGNN,140,87.5,88.48854869447814,88.48852620671903,2.2487759110845218e-05,2.2487759110845218e-05
Top-1 accuracy,BrainGNN,141,87.5,82.9485016696616,82.94847890998496,2.2759676639338977e-05,2.2759676639338977e-05
Top-1 accuracy,BrainGNN,142,87.5,89.75177727638597,89.75173750256529,3.9773820674327e-05,3.9773820674327e-05
Top-1 accuracy,BrainGNN,143,87.5,86.25143534148404,86.25141678534423,1.8556139806946703e-05,1.8556139806946703e-05
Top-1 accuracy,BrainGNN,144,87.5,84.10980083851604,84.10979198287893,8.855637105398273e-06,8.855637105398273e-06
Top-1 accuracy,BrainGNN,145,87.5,86.1499842116365,86.14996142601255,2.2785623940535515e-05,2.2785623940535515e-05
Top-1 accuracy,BrainGNN,146,87.5,91.27147333294097,91.27144765058772,2.568235325384194e-05,2.568235325384194e-05
Top-1 accuracy,BrainGNN,147,87.5,85.89400754069791,85.89399473895133,1.2801746578361417e-05,1.2801746578361417e-05
Top-1 accuracy,BrainGNN,148,87.5,88.57539590989435,88.57536085462885,3.5055265499295274e-05,3.5055265499295274e-05
Top-1 accuracy,BrainGNN,149,87.5,85.30715404714798,85.30713117285359,2.2874294387520422e-05,2.2874294387520422e-05
Top-1 accuracy,BrainGNN,150,87.5,89.77380084075901,89.77376554977086,3.529098815135967e-05,3.529098815135967e-05
Top-1 accuracy,BrainGNN,151,87.5,89.55655258898963,89.5565232163706,2.9372619025025415e-05,2.9372619025025415e-05
Top-1 accuracy,BrainGNN,152,87.5,93.04586646505143,93.04582649988923,3.996516220183821e-05,3.996516220183821e-05
Top-1 accuracy,BrainGNN,153,87.5,86.97333247381437,86.97330816350235,2.4310312014108604e-05,2.4310312014108604e-05
Top-1 accuracy,BrainGNN,154,87.5,89.50598979060189,89.50596441427372,2.5376328167681095e-05,2.5376328167681095e-05
Top-1 accuracy,BrainGNN,155,87.5,87.794239237952,87.79420261861684,3.6619335162413336e-05,3.6619335162413336e-05
Top-1 accuracy,BrainGNN,156,87.5,91.38766109454922,91.38761534558904,4.5748960175728826e-05,4.5748960175728826e-05
Top-1 accuracy,BrainGNN,157,87.5,85.34355365280192,85.34350283717382,5.08156281000538e-05,5.08156281000538e-05
Top-1 accuracy,BrainGNN,158,87.5,89.7350548928859,89.73501593863185,3.895425405175956e-05,3.895425405175956e-05
Top-1 accuracy,BrainGNN,159,87.5,86.91592847271288,86.91590811164996,2.0361062922802375e-05,2.0361062922802375e-05
Top-1 accuracy,BrainGNN,160,87.5,87.30745961894488,87.30743546867451,2.415027036306583e-05,2.415027036306583e-05
Top-1 accuracy,BrainGNN,161,87.5,87.77530072546158,87.77525745334512,4.327211645716034e-05,4.327211645716034e-05
Top-1 accuracy,BrainGNN,162,87.5,88.25674661028853,88.25672118928003,2.5421008501780307e-05,2.5421008501780307e-05
Top-1 accuracy,BrainGNN,163,87.5,87.15135899860533,87.15131287063413,4.612797120273626e-05,4.612797120273626e-05
Top-1 accuracy,BrainGNN,164,87.5,88.14418478628258,88.14413954951158,4.523677100110035e-05,4.523677100110035e-05
Top-1 accuracy,BrainGNN,165,87.5,92.23439765590209,92.23435417268655,4.348321553493406e-05,4.348321553493406e-05
Top-1 accuracy,BrainGNN,166,87.5,90.45637858618932,90.45634905684565,2.9529343663625696e-05,2.9529343663625696e-05
Top-1 accuracy,BrainGNN,167,87.5,90.10749978469477,90.1074637774907,3.60072040734849e-05,3.60072040734849e-05
Top-1 accuracy,BrainGNN,168,87.5,86.13340957006912,86.13338142192839,2.8148140728490034e-05,2.8148140728490034e-05
Top-1 accuracy,BrainGNN,169,87.5,84.83232149188431,84.83227751531503,4.397656928745164e-05,4.397656928745164e-05
Top-1 accuracy,BrainGNN,170,87.5,90.36593798647802,90.36590167471326,3.631176475948905e-05,3.631176475948905e-05
Top-1 accuracy,BrainGNN,171,87.5,90.1281936716736,90.12814037758939,5.3294084210619985e-05,5.3294084210619985e-05
Top-1 accuracy,BrainGNN,172,87.5,91.91804461650435,91.91801202725294,3.2589251404147035e-05,3.2589251404147035e-05
Top-1 accuracy,BrainGNN,173,87.5,85.68808283163405,85.68805812209231,2.470954173361406e-05,2.470954173361406e-05
Top-1 accuracy,BrainGNN,174,87.5,86.81139229098272,86.81135403391896,3.825706376403559e-05,3.825706376403559e-05
Top-1 accuracy,BrainGNN,175,87.5,82.58157080727277,82.5815475124237,2.3294849071930912e-05,2.3294849071930912e-05
Top-1 accuracy,BrainGNN,176,87.5,86.32262692023622,86.32258668181738,4.023841883338264e-05,4.023841883338264e-05
Top-1 accuracy,BrainGNN,177,87.5,90.48974071787117,90.48971153173834,2.9186132834979617e-05,2.9186132834979617e-05
Top-1 accuracy,BrainGNN,178,87.5,86.10053824209585,86.10051386231541,2.4379780441563526e-05,2.4379780441563526e-05
Top-1 accuracy,BrainGNN,179,87.5,89.42145886819819,89.42143938560247,1.948259571804556e-05,1.948259571804556e-05
Top-1 accuracy,BrainGNN,180,87.5,86.92851658619819,86.92849068200657,2.5904191616632488e-05,2.5904191616632488e-05
Top-1 accuracy,BrainGNN,181,87.5,88.47220443016172,88.47217108466468,3.334549704447909e-05,3.334549704447909e-05
Top-1 accuracy,BrainGNN,182,87.5,84.05695680452352,84.056925830553,3.0973970524428296e-05,3.0973970524428296e-05
Top-1 accuracy,BrainGNN,183,87.5,87.75567358531879,87.75562834890171,4.523641707976367e-05,4.523641707976367e-05
Top-1 accuracy,BrainGNN,184,87.5,78.5266081611529,78.52659208729783,1.6073855064746567e-05,1.6073855064746567e-05
Top-1 accuracy,BrainGNN,185,87.5,86.93934682109453,86.93931152551404,3.529558048853687e-05,3.529558048853687e-05
Top-1 accuracy,BrainGNN,186,87.5,82.6086150932567,82.60858026885458,3.482440212110305e-05,3.482440212110305e-05
Top-1 accuracy,BrainGNN,187,87.5,91.11801453868597,91.11798354964044,3.0989045527007875e-05,3.0989045527007875e-05
Top-1 accuracy,BrainGNN,188,87.5,89.8322390353893,89.83222205829354,1.69770957683113e-05,1.69770957683113e-05
Top-1 accuracy,BrainGNN,189,87.5,88.9000525467294,88.90001294589824,3.9600831158281835e-05,3.9600831158281835e-05
Top-1 accuracy,BrainGNN,190,87.5,92.0630670959927,92.06301868147814,4.841451455206425e-05,4.841451455206425e-05
Top-1 accuracy,BrainGNN,191,87.5,84.65327830226839,84.65325043752549,2.786474290417118e-05,2.786474290417118e-05
Top-1 accuracy,BrainGNN,192,87.5,92.74213409244621,92.74208959374667,4.449869953759844e-05,4.449869953759844e-05
Top-1 accuracy,BrainGNN,193,87.5,90.2966019462364,90.29657469278115,2.7253455243680946e-05,2.7253455243680946e-05
Top-1 accuracy,BrainGNN,194,87.5,86.79035283812743,86.79033413834316,1.8699784277487197e-05,1.8699784277487197e-05
Top-1 accuracy,BrainGNN,195,87.5,90.90688881277131,90.90686044154883,2.8371222484224745e-05,2.8371222484224745e-05
Top-1 accuracy,BrainGNN,196,87.5,84.18115518380424,84.1811194627651,3.572103913995761e-05,3.572103913995761e-05
Top-1 accuracy,BrainGNN,197,87.5,85.02649445704793,85.02645751541698,3.6941630952469495e-05,3.6941630952469495e-05
Top-1 accuracy,BrainGNN,198,87.5,85.6742652047767,85.6742308302809,3.43744957973513e-05,3.43744957973513e-05
Top-1 accuracy,BrainGNN,199,87.5,85.91309379512103,85.91306687580796,2.6919313071971374e-05,2.6919313071971374e-05
Top-1 accuracy,BrainGNN,200,87.5,84.3303795440223,84.33032707171924,5.2472303067929715e-05,5.2472303067929715e-05
Top-1 accuracy,BrainGNN,201,87.5,91.1692985180333,91.16924920128598,4.9316747322336596e-05,4.9316747322336596e-05
Top-1 accuracy,BrainGNN,202,87.5,86.72347832873047,86.7234367988905,4.152983996164039e-05,4.152983996164039e-05
Top-1 accuracy,BrainGNN,203,87.5,88.55755669754717,88.55751490507063,4.1792476537239054e-05,4.1792476537239054e-05
Top-1 accuracy,BrainGNN,204,87.5,85.78899307576192,85.78894590075896,4.717500296180788e-05,4.717500296180788e-05
Top-1 accuracy,BrainGNN,205,87.5,82.03822355674923,82.03819009835445,3.345839478186008e-05,3.345839478186008e-05
Top-1 accuracy,BrainGNN,206,87.5,88.31021166121846,88.31017207517426,3.958604419551648e-05,3.958604419551648e-05
Top-1 accuracy,BrainGNN,207,87.5,81.763275820013,81.76323507374067,4.0746272333080924e-05,4.0746272333080924e-05
Top-1 accuracy,BrainGNN,208,87.5,87.29413279579612,87.2940978617436,3.493405252186221e-05,3.493405252186221e-05
Top-1 accuracy,BrainGNN,209,87.5,83.39509047477591,83.39505488350157,3.559127434016318e-05,3.559127434016318e-05
Top-1 accuracy,BrainGNN,210,87.5,93.46186517779725,93.46182799769242,3.7180104826006755e-05,3.7180104826006755e-05
Top-1 accuracy,BrainGNN,211,87.5,90.23414216611626,90.23408816652416,5.399959209739791e-05,5.399959209739791e-05
Top-1 accuracy,BrainGNN,212,87.5,87.81729449175332,87.81726137381445,3.311793886950909e-05,3.311793886950909e-05
Top-1 accuracy,BrainGNN,213,87.5,91.2911480509943,91.291120032964,2.801803029228722e-05,2.801803029228722e-05
Top-1 accuracy,BrainGNN,214,87.5,84.96109736697787,84.9610520676028,4.529937507413706e-05,4.529937507413706e-05
Top-1 accuracy,BrainGNN,215,87.5,89.13047737561426,89.13043813601028,3.923960397855808e-05,3.923960397855808e-05
Top-1 accuracy,BrainGNN,216,87.5,88.09948158319133,88.09943130115614,5.0282035189752605e-05,5.0282035189752605e-05
Top-1 accuracy,BrainGNN,217,87.5,88.29211202241365,88.29206024400101,5.17784126401466e-05,5.17784126401466e-05
Top-1 accuracy,BrainGNN,218,87.5,91.31709554093555,91.31706050032031,3.504061524495228e-05,3.504061524495228e-05
Top-1 accuracy,BrainGNN,219,87.5,89.69750590507763,89.6974763083394,2.9596738229997754e-05,2.9596738229997754e-05
Top-1 accuracy,BrainGNN,220,87.5,88.36622338241187,88.36617098847508,5.2393936798011964e-05,5.2393936798011964e-05
Top-1 accuracy,BrainGNN,221,87.5,82.53535763154743,82.5353376913151,1.9940232320436735e-05,1.9940232320436735e-05
Top-1 accuracy,BrainGNN,222,87.5,84.61988361727933,84.61986111416161,2.2503117719452348e-05,2.2503117719452348e-05
Top-1 accuracy,BrainGNN,223,87.5,87.13191215370243,87.13187319921283,3.895448959667647e-05,3.895448959667647e-05
Top-1 accuracy,BrainGNN,224,87.5,87.78015868053647,87.78011712282995,4.1557706524031346e-05,4.1557706524031346e-05
Top-1 accuracy,BrainGNN,225,87.5,84.10942271933237,84.10938882597823,3.389335414283323e-05,3.389335414283323e-05
Top-1 accuracy,BrainGNN,226,87.5,94.73507009631248,94.73503002673526,4.006957722424431e-05,4.006957722424431e-05
Top-1 accuracy,BrainGNN,227,87.5,92.04921691582814,92.04918216576073,3.475006741382458e-05,3.475006741382458e-05
Top-1 accuracy,BrainGNN,228,87.5,89.30640296004037,89.30635496117745,4.7998862925169306e-05,4.7998862925169306e-05
Top-1 accuracy,BrainGNN,229,87.5,87.71613884577116,87.71611058385123,2.8261919922556444e-05,2.8261919922556444e-05
Top-1 accuracy,BrainGNN,230,87.5,86.86339745128961,86.86337309029655,2.436099306635242e-05,2.436099306635242e-05
Top-1 accuracy,BrainGNN,231,87.5,84.64426854847486,84.64424461993329,2.3928541565965133e-05,2.3928541565965133e-05
Top-1 accuracy,BrainGNN,232,87.5,87.73246808548423,87.73244155555659,2.652992763785278e-05,2.652992763785278e-05
Top-1 accuracy,BrainGNN,233,87.5,88.27328869854871,88.27325762042825,3.107812045755054e-05,3.107812045755054e-05
Top-1 accuracy,BrainGNN,234,87.5,83.77473966387885,83.77471827355512,2.1390323723835536e-05,2.1390323723835536e-05
Top-1 accuracy,BrainGNN,235,87.5,88.50258167398314,88.50252925173469,5.2422248458583454e-05,5.2422248458583454e-05
Top-1 accuracy,BrainGNN,236,87.5,87.03426725669706,87.03422285352575,4.4403171315821055e-05,4.4403171315821055e-05
Top-1 accuracy,BrainGNN,237,87.5,81.7766176677651,81.77657732636783,4.0341397266274726e-05,4.0341397266274726e-05
Top-1 accuracy,BrainGNN,238,87.5,84.91887322343516,84.9188449676615,2.8255773656837846e-05,2.8255773656837846e-05
Top-1 accuracy,BrainGNN,239,87.5,86.25919805320166,86.25918339973506,1.4653466593017583e-05,1.4653466593017583e-05
Top-1 accuracy,BrainGNN,240,87.5,93.16308842018852,93.16306297202057,2.5448167946251488e-05,2.5448167946251488e-05
Top-1 accuracy,BrainGNN,241,87.5,89.16969910259263,89.16965937360128,3.972899135362695e-05,3.972899135362695e-05
Top-1 accuracy,BrainGNN,242,87.5,83.4935892700702,83.49355529270032,3.397736988119959e-05,3.397736988119959e-05
Top-1 accuracy,BrainGNN,243,87.5,88.95814767958379,88.9581088682529,3.881133088157185e-05,3.881133088157185e-05
Top-1 accuracy,BrainGNN,244,87.5,82.85811115196137,82.8580880331849,2.311877646832272e-05,2.311877646832272e-05
Top-1 accuracy,BrainGNN,245,87.5,90.74811381304002,90.74807316166122,4.065137879649683e-05,4.065137879649683e-05
Top-1 accuracy,BrainGNN,246,87.5,86.08667053322742,86.08662604454636,4.448868105555448e-05,4.448868105555448e-05
Top-1 accuracy,BrainGNN,247,87.5,87.21913498420176,87.21909143378248,4.3550419277949004e-05,4.3550419277949004e-05
Top-1 accuracy,BrainGNN,248,87.5,91.47741306660816,91.47738994262657,2.3123981591766096e-05,2.3123981591766096e-05
Top-1 accuracy,BrainGNN,249,87.5,83.63854664294415,83.63850929424726,3.734869689253628e-05,3.734869689253628e-05
Top-1 accuracy,BrainGNN,250,87.5,83.30868648515775,83.30864544466102,4.1040496725486264e-05,4.1040496725486264e-05
Top-1 accuracy,BrainGNN,251,87.5,85.74923046306385,85.74920202096199,2.8442101864811775e-05,2.8442101864811775e-05
Top-1 accuracy,BrainGNN,252,87.5,90.61518613922782,90.61513655305795,4.958616986527886e-05,4.958616986527886e-05
Top-1 accuracy,BrainGNN,253,87.5,82.94198600001991,82.94196177356947,2.4226450435094193e-05,2.4226450435094193e-05
Top-1 accuracy,BrainGNN,254,87.5,79.00355668138474,79.00353320566829,2.347571644634172e-05,2.347571644634172e-05
Top-1 accuracy,BrainGNN,255,87.5,86.14655359387743,86.14652342477301,3.0169104419996984e-05,3.0169104419996984e-05
Top-1 accuracy,BrainGNN,256,87.5,89.15525795469733,89.15522239973276,3.5554964568973446e-05,3.5554964568973446e-05
Top-1 accuracy,BrainGNN,257,87.5,91.10081637608062,91.10078524921649,3.112686412976018e-05,3.112686412976018e-05
Top-1 accuracy,BrainGNN,258,87.5,86.11053210740714,86.1105159137438,1.6193663341823594e-05,1.6193663341823594e-05
Top-1 accuracy,BrainGNN,259,87.5,86.26574627615055,86.26572017865199,2.6097498562194232e-05,2.6097498562194232e-05
Top-1 accuracy,BrainGNN,260,87.5,90.96173362310653,90.96170220276724,3.142033928327237e-05,3.142033928327237e-05
Top-1 accuracy,BrainGNN,261,87.5,81.89080465303064,81.89077490091374,2.975211690170454e-05,2.975211690170454e-05
Top-1 accuracy,BrainGNN,262,87.5,86.3344587953542,86.33443767445097,2.112090322725635e-05,2.112090322725635e-05
Top-1 accuracy,BrainGNN,263,87.5,88.07132046836028,88.07127166977517,4.87985851123085e-05,4.87985851123085e-05
Top-1 accuracy,BrainGNN,264,87.5,88.84770182054604,88.8476561638551,4.565669092926328e-05,4.565669092926328e-05
Top-1 accuracy,BrainGNN,265,87.5,85.97061298484797,85.97057992042735,3.306442062012138e-05,3.306442062012138e-05
Top-1 accuracy,BrainGNN,266,87.5,87.6033641732181,87.60332303511753,4.11381005704925e-05,4.11381005704925e-05
Top-1 accuracy,BrainGNN,267,87.5,80.0350457816168,80.03501793976103,2.7841855768429014e-05,2.7841855768429014e-05
Top-1 accuracy,BrainGNN,268,87.5,85.52528624641292,85.52525476299846,3.148341446035374e-05,3.148341446035374e-05
Top-1 accuracy,BrainGNN,269,87.5,88.86056788919282,88.8605261376634,4.1751529423095235e-05,4.1751529423095235e-05
Top-1 accuracy,BrainGNN,270,87.5,84.55315684981505,84.55311789723596,3.8952579089368555e-05,3.8952579089368555e-05
Top-1 accuracy,BrainGNN,271,87.5,87.67699975411105,87.67695266476879,4.708934226016481e-05,4.708934226016481e-05
Top-1 accuracy,BrainGNN,272,87.5,88.84066028978799,88.8406175024081,4.278737989693582e-05,4.278737989693582e-05
Top-1 accuracy,BrainGNN,273,87.5,86.47239216617398,86.4723523974267,3.976874727129598e-05,3.976874727129598e-05
Top-1 accuracy,BrainGNN,274,87.5,88.01143740771028,88.01139131298972,4.6094720559608504e-05,4.6094720559608504e-05
Top-1 accuracy,BrainGNN,275,87.5,84.61184295040022,84.61180230414617,4.064625404964772e-05,4.064625404964772e-05
Top-1 accuracy,BrainGNN,276,87.5,86.88020247010797,86.88016616091186,3.630919611907757e-05,3.630919611907757e-05
Top-1 accuracy,BrainGNN,277,87.5,89.33069023131429,89.33064850876767,4.172254662648811e-05,4.172254662648811e-05
Top-1 accuracy,BrainGNN,278,87.5,87.9709511099521,87.97091888290531,3.222704678762511e-05,3.222704678762511e-05
Top-1 accuracy,BrainGNN,279,87.5,85.74043355781741,85.7404061913082,2.7366509215198676e-05,2.7366509215198676e-05
Top-1 accuracy,BrainGNN,280,87.5,88.17267393828622,88.17264921287237,2.4725413851456324e-05,2.4725413851456324e-05
Top-1 accuracy,BrainGNN,281,87.5,89.64387558351113,89.64382937190986,4.621160127271651e-05,4.621160127271651e-05
Top-1 accuracy,BrainGNN,282,87.5,81.35021441721713,81.35017616426757,3.825294956527614e-05,3.825294956527614e-05
Top-1 accuracy,BrainGNN,283,87.5,90.97725904654175,90.9772221948677,3.685167405365064e-05,3.685167405365064e-05
Top-1 accuracy,BrainGNN,284,87.5,86.49126306794943,86.49123578395678,2.7283992650950495e-05,2.7283992650950495e-05
Top-1 accuracy,BrainGNN,285,87.5,88.77649521719053,88.77646979972069,2.541746984263682e-05,2.541746984263682e-05
Top-1 accuracy,BrainGNN,286,87.5,91.09177406897987,91.09174077093569,3.3298044186835796e-05,3.3298044186835796e-05
Top-1 accuracy,BrainGNN,287,87.5,83.38503150285021,83.3849789083086,5.259454161432586e-05,5.259454161432586e-05
Top-1 accuracy,BrainGNN,288,87.5,85.37171476763298,85.37167699271735,3.777491562573232e-05,3.777491562573232e-05
Top-1 accuracy,BrainGNN,289,87.5,86.63439995972058,86.63435391237289,4.60473476948664e-05,4.60473476948664e-05
Top-1 accuracy,BrainGNN,290,87.5,85.14878971990754,85.14873943662671,5.028328082801181e-05,5.028328082801181e-05
Top-1 accuracy,BrainGNN,291,87.5,92.70484803519612,92.70480972751042,3.8307685699123795e-05,3.8307685699123795e-05
Top-1 accuracy,BrainGNN,292,87.5,84.92972098703538,84.92968371851963,3.726851575436285e-05,3.726851575436285e-05
Top-1 accuracy,BrainGNN,293,87.5,85.83340079498778,85.8333596615394,4.1133448377195236e-05,4.1133448377195236e-05
Top-1 accuracy,BrainGNN,294,87.5,88.11319904602652,88.11316709480893,3.19512175934733e-05,3.19512175934733e-05
Top-1 accuracy,BrainGNN,295,87.5,83.89360430897939,83.89355142177173,5.288720765861399e-05,5.288720765861399e-05
Top-1 accuracy,BrainGNN,296,87.5,86.31299364540472,86.3129578647312,3.5780673513841066e-05,3.5780673513841066e-05
Top-1 accuracy,BrainGNN,297,87.5,88.45239699477904,88.45235978375052,3.721102851272917e-05,3.721102851272917e-05
Top-1 accuracy,BrainGNN,298,87.5,86.5014547572045,86.50141878685247,3.597035203029009e-05,3.597035203029009e-05
Top-1 accuracy,BrainGNN,299,87.5,87.21989122256909,87.21983942330016,5.1799268931063125e-05,5.1799268931063125e-05
Top-1 accuracy,BrainGNN,300,87.5,85.91205960159219,85.91200366265488,5.5938937308042114e-05,5.5938937308042114e-05
Top-1 accuracy,BrainGNN,301,87.5,78.413192438858,78.4131781449154,1.42939425984423e-05,1.42939425984423e-05
Top-1 accuracy,BrainGNN,302,87.5,89.42961472370277,89.42955926803543,5.545566733644591e-05,5.545566733644591e-05
Top-1 accuracy,BrainGNN,303,87.5,98.02963506408324,98.02959842988345,3.663419978749971e-05,3.663419978749971e-05
Top-1 accuracy,BrainGNN,304,87.5,87.61043575318278,87.61040978470064,2.596848214864167e-05,2.596848214864167e-05
Top-1 accuracy,BrainGNN,305,87.5,88.8516232420137,88.8515847034853,3.853852840052241e-05,3.853852840052241e-05
Top-1 accuracy,BrainGNN,306,87.5,91.6563736209058,91.65633653070115,3.709020464270907e-05,3.709020464270907e-05
Top-1 accuracy,BrainGNN,307,87.5,79.88404851820644,79.88401702071981,3.149748663133778e-05,3.149748663133778e-05
Top-1 accuracy,BrainGNN,308,87.5,97.7151350590955,97.71508794877764,4.711031786541753e-05,4.711031786541753e-05
Top-1 accuracy,BrainGNN,309,87.5,88.7140179083665,88.71397277853681,4.512982968662982e-05,4.512982968662982e-05
Top-1 accuracy,BrainGNN,310,87.5,97.29117581068832,97.29114139453465,3.44161536673937e-05,3.44161536673937e-05
Top-1 accuracy,BrainGNN,311,87.5,83.10182774658723,83.10180202685606,2.5719731169715487e-05,2.5719731169715487e-05
Top-1 accuracy,BrainGNN,312,87.5,98.40841533029392,98.40837153534694,4.379494697559494e-05,4.379494697559494e-05
Top-1 accuracy,BrainGNN,313,87.5,92.15098105824494,92.15093296420869,4.8094036245061034e-05,4.8094036245061034e-05
Top-1 accuracy,BrainGNN,314,87.5,90.81827119826336,90.81824051511416,3.0683149205401605e-05,3.0683149205401605e-05
Top-1 accuracy,BrainGNN,315,87.5,88.90420434544804,88.90414672611888,5.761932915504531e-05,5.761932915504531e-05
Top-1 accuracy,BrainGNN,316,87.5,86.00888315361581,86.0088282915533,5.4862062512484044e-05,5.4862062512484044e-05
Top-1 accuracy,BrainGNN,317,87.5,94.70323296186805,94.70318995084324,4.301102481463204e-05,4.301102481463204e-05
Top-1 accuracy,BrainGNN,318,87.5,88.34221406629945,88.34215921908829,5.4847211160335974e-05,5.4847211160335974e-05
Top-1 accuracy,BrainGNN,319,87.5,75.69762059299796,75.69758177847709,3.88145208773949e-05,3.88145208773949e-05
Top-1 accuracy,BrainGNN,320,87.5,80.7969384079967,80.79688122975799,5.7178238719757246e-05,5.7178238719757246e-05
Top-1 accuracy,BrainGNN,321,87.5,86.38497151173087,86.38492548684351,4.60248873537239e-05,4.60248873537239e-05
Top-1 accuracy,BrainGNN,322,87.5,89.36003328160686,89.35999389899332,3.938261353653161e-05,3.938261353653161e-05
Top-1 accuracy,BrainGNN,323,87.5,87.16051649433156,87.16046906660063,4.742773093369124e-05,4.742773093369124e-05
Top-1 accuracy,BrainGNN,324,87.5,94.81389166945291,94.81382473876198,6.693069093444137e-05,6.693069093444137e-05
Top-1 accuracy,BrainGNN,325,87.5,75.79342497609608,75.79338881576825,3.6160327823608895e-05,3.6160327823608895e-05
Top-1 accuracy,BrainGNN,326,87.5,88.36159580458795,88.36152761903097,6.81855569837353e-05,6.81855569837353e-05
Top-1 accuracy,BrainGNN,327,87.5,76.592160433928,76.59212464767707,3.578625093325627e-05,3.578625093325627e-05
Top-1 accuracy,BrainGNN,328,87.5,92.05832432954328,92.05827377290501,5.055663827135959e-05,5.055663827135959e-05
Top-1 accuracy,BrainGNN,329,87.5,86.93330693055812,86.93324771334798,5.921721013635306e-05,5.921721013635306e-05
Top-1 accuracy,BrainGNN,330,87.5,90.01769773062476,90.01765983214472,3.7898480044873395e-05,3.7898480044873395e-05
Top-1 accuracy,BrainGNN,331,87.5,82.31673212447333,82.31670223646141,2.9888011923162594e-05,2.9888011923162594e-05
Top-1 accuracy,BrainGNN,332,87.5,95.17685102836299,95.17678958994651,6.143841648054149e-05,6.143841648054149e-05
Top-1 accuracy,BrainGNN,333,87.5,93.75040016413985,93.75034798435311,5.2179786734996014e-05,5.2179786734996014e-05
Top-1 accuracy,BrainGNN,334,87.5,91.00130091596137,91.00126581807133,3.5097890034307966e-05,3.5097890034307966e-05
Top-1 accuracy,BrainGNN,335,87.5,86.7229524676141,86.72289651881935,5.594879475268044e-05,5.594879475268044e-05
Top-1 accuracy,BrainGNN,336,87.5,90.97921224497392,90.97914371177079,6.853320313382483e-05,6.853320313382483e-05
Top-1 accuracy,BrainGNN,337,87.5,83.25869962989744,83.25864459207591,5.5037821525161235e-05,5.5037821525161235e-05
Top-1 accuracy,BrainGNN,338,87.5,92.63337850128244,92.63333395412427,4.45471581684842e-05,4.45471581684842e-05
Top-1 accuracy,BrainGNN,339,87.5,97.39694400989107,97.39688536594352,5.8643947554060105e-05,5.8643947554060105e-05
Top-1 accuracy,BrainGNN,340,87.5,93.92371647578861,93.92366335987512,5.311591348799993e-05,5.311591348799993e-05
Top-1 accuracy,BrainGNN,341,87.5,83.12242397364444,83.12238518115555,3.879248889404607e-05,3.879248889404607e-05
Top-1 accuracy,BrainGNN,342,87.5,89.6685409739687,89.66850390363862,3.707033008026883e-05,3.707033008026883e-05
Top-1 accuracy,BrainGNN,343,87.5,79.74120961440124,79.74115073744811,5.887695313333552e-05,5.887695313333552e-05
Top-1 accuracy,BrainGNN,344,87.5,90.9343938532572,90.93434186705406,5.198620314672553e-05,5.198620314672553e-05
Top-1 accuracy,BrainGNN,345,87.5,90.20368228697657,90.20362047717524,6.180980133763114e-05,6.180980133763114e-05
Top-1 accuracy,BrainGNN,346,87.5,76.28114112871042,76.28110196280701,3.916590340224957e-05,3.916590340224957e-05
Top-1 accuracy,BrainGNN,347,87.5,80.52934271048724,80.52929693652581,4.5773961431905263e-05,4.5773961431905263e-05
Top-1 accuracy,BrainGNN,348,87.5,85.80120307006356,85.8011666195374,3.645052616718658e-05,3.645052616718658e-05
Top-1 accuracy,BrainGNN,349,87.5,85.69489398514112,85.69484151715504,5.2467986080273477e-05,5.2467986080273477e-05
Top-1 accuracy,BrainGNN,350,87.5,80.24316909096714,80.24313838748716,3.0703479978910764e-05,3.0703479978910764e-05
Top-1 accuracy,BrainGNN,351,87.5,89.83391177455943,89.8338723761131,3.939844631872802e-05,3.939844631872802e-05
Top-1 accuracy,BrainGNN,352,87.5,89.00890579781478,89.00884165364307,6.414417170219622e-05,6.414417170219622e-05
Top-1 accuracy,BrainGNN,353,87.5,86.33444126665032,86.33438520812888,5.605852143730772e-05,5.605852143730772e-05
Top-1 accuracy,BrainGNN,354,87.5,82.96528915977606,82.96525099904983,3.8160726234082176e-05,3.8160726234082176e-05
Top-1 accuracy,BrainGNN,355,87.5,93.79229877461052,93.79224275849938,5.601611113092986e-05,5.601611113092986e-05
Top-1 accuracy,BrainGNN,356,87.5,97.43249222135664,97.43244267852977,4.9542826872084333e-05,4.9542826872084333e-05
Top-1 accuracy,BrainGNN,357,87.5,84.59868139788803,84.59863109692078,5.0300967245675565e-05,5.0300967245675565e-05
Top-1 accuracy,BrainGNN,358,87.5,83.82704030805112,83.82699849707107,4.181098005062722e-05,4.181098005062722e-05
Top-1 accuracy,BrainGNN,359,87.5,90.44728619707749,90.44724599247198,4.020460551146243e-05,4.020460551146243e-05
Top-1 accuracy,BrainGNN,360,87.5,85.35187477894308,85.35182372151809,5.10574249972251e-05,5.10574249972251e-05
Top-1 accuracy,BrainGNN,361,87.5,86.66366037469487,86.66361679602059,4.3578674279842744e-05,4.3578674279842744e-05
Top-1 accuracy,BrainGNN,362,87.5,91.9379672405125,91.93791891034803,4.8330164474919e-05,4.8330164474919e-05
Top-1 accuracy,BrainGNN,363,87.5,76.04390514631848,76.04386347495624,4.1671362239981136e-05,4.1671362239981136e-05
Top-1 accuracy,BrainGNN,364,87.5,95.40986760132131,95.40981394911601,5.365220529540693e-05,5.365220529540693e-05
Top-1 accuracy,BrainGNN,365,87.5,87.93614411225053,87.93608314597604,6.0966274489260286e-05,6.0966274489260286e-05
Top-1 accuracy,BrainGNN,366,87.5,85.03107445696132,85.03104113262692,3.332433439595661e-05,3.332433439595661e-05
Top-1 accuracy,BrainGNN,367,87.5,86.96465326129396,86.96459507467131,5.818662265255625e-05,5.818662265255625e-05
Top-1 accuracy,BrainGNN,368,87.5,87.27462084427881,87.27457613012311,4.471415570606041e-05,4.471415570606041e-05
Top-1 accuracy,BrainGNN,369,87.5,77.11282804573334,77.11279217933046,3.5866402882334114e-05,3.5866402882334114e-05
Top-1 accuracy,BrainGNN,370,87.5,96.46968308702102,96.46962936471941,5.372230161526659e-05,5.372230161526659e-05
Top-1 accuracy,BrainGNN,371,87.5,87.74799350891945,87.74795379362371,3.971529574187116e-05,3.971529574187116e-05
Top-1 accuracy,BrainGNN,372,87.5,90.15807760768587,90.15801278268425,6.482500161553162e-05,6.482500161553162e-05
Top-1 accuracy,BrainGNN,373,87.5,93.20933414922106,93.20929862344425,3.5525776809208764e-05,3.5525776809208764e-05
Top-1 accuracy,BrainGNN,374,87.5,81.37305682247134,81.3730252546382,3.156783314750555e-05,3.156783314750555e-05
Top-1 accuracy,BrainGNN,375,87.5,90.34086192352956,90.34083139421136,3.052931819524929e-05,3.052931819524929e-05
Top-1 accuracy,BrainGNN,376,87.5,85.8941878359378,85.89415345460723,3.4381330564769996e-05,3.4381330564769996e-05
Top-1 accuracy,BrainGNN,377,87.5,92.58066718461929,92.58062465129896,4.253332032533308e-05,4.253332032533308e-05
Top-1 accuracy,BrainGNN,378,87.5,74.73666449307234,74.73663547789103,2.9015181311820015e-05,2.9015181311820015e-05
Top-1 accuracy,BrainGNN,379,87.5,86.90549138160353,86.90543419855238,5.718305114044142e-05,5.718305114044142e-05
Top-1 accuracy,BrainGNN,380,87.5,83.88311713585895,83.88307606529624,4.1070562716072345e-05,4.1070562716072345e-05
Top-1 accuracy,BrainGNN,381,87.5,100.00005669986788,100.0,5.669986788348069e-05,5.669986788348069e-05
Top-1 accuracy,BrainGNN,382,87.5,100.00005669986788,100.0,5.669986788348069e-05,5.669986788348069e-05
Top-1 accuracy,BrainGNN,383,87.5,98.3973221648394,98.3972742354141,4.792942529263655e-05,4.792942529263655e-05
Top-1 accuracy,BrainGNN,384,87.5,98.40437872020075,98.40431628404225,6.243615850110018e-05,6.243615850110018e-05
Top-1 accuracy,BrainGNN,385,87.5,100.00005669986788,100.0,5.669986788348069e-05,5.669986788348069e-05
Top-1 accuracy,BrainGNN,386,87.5,100.00005669986788,100.0,5.669986788348069e-05,5.669986788348069e-05
Top-1 accuracy,BrainGNN,387,87.5,97.88150749990784,97.88144368509201,6.381481583161985e-05,6.381481583161985e-05
Top-1 accuracy,BrainGNN,388,87.5,99.30029581643554,99.3002345577049,6.125873063922427e-05,6.125873063922427e-05
Top-1 accuracy,BrainGNN,389,87.5,98.84988324977516,98.84981711585692,6.613391823862003e-05,6.613391823862003e-05
Top-1 accuracy,BrainGNN,390,87.5,100.00005669986788,100.0,5.669986788348069e-05,5.669986788348069e-05
Top-1 accuracy,BrainGNN,391,87.5,77.16595003488735,77.16590034127992,4.969360742279605e-05,4.969360742279605e-05
Top-1 accuracy,BrainGNN,392,87.5,76.65553921895147,76.65549622976785,4.298918362621862e-05,4.298918362621862e-05
Top-1 accuracy,BrainGNN,393,87.5,74.49017335503257,74.49012664965403,4.670537853712631e-05,4.670537853712631e-05
Top-1 accuracy,BrainGNN,394,87.5,77.29487365191359,77.29482460407513,4.904783845915972e-05,4.904783845915972e-05
Top-1 accuracy,BrainGNN,395,87.5,75.52989969403725,75.52985847714284,4.121689441660692e-05,4.121689441660692e-05
Top-1 accuracy,BrainGNN,396,87.5,75.73163879902498,75.73157186128113,6.69377438526908e-05,6.69377438526908e-05
Top-1 accuracy,BrainGNN,397,87.5,76.16244175424644,76.162395284045,4.647020143977443e-05,4.647020143977443e-05
Top-1 accuracy,BrainGNN,398,87.5,75.92177515409543,75.9217107387243,6.441537112777951e-05,6.441537112777951e-05
Top-1 accuracy,BrainGNN,399,87.5,75.38029846668579,75.38023765227906,6.081440672289773e-05,6.081440672289773e-05
Top-1 accuracy,BrainGNN,400,87.5,76.85457013918999,76.85453056644647,3.9572743517624076e-05,3.9572743517624076e-05
mAP,NeuroSTORM,1,92.5,96.48597960928075,96.48592248474469,5.71245360561079e-05,5.71245360561079e-05
mAP,NeuroSTORM,2,92.5,93.43960212678284,93.43955342159494,4.870518790767164e-05,4.870518790767164e-05
mAP,NeuroSTORM,3,92.5,90.68052112631653,90.68048983535279,3.12909637472103e-05,3.12909637472103e-05
mAP,NeuroSTORM,4,92.5,93.86776295779622,93.86771258551211,5.0372284107425e-05,5.0372284107425e-05
mAP,NeuroSTORM,5,92.5,91.12278073895095,91.12272906934302,5.1669607927351535e-05,5.1669607927351535e-05
mAP,NeuroSTORM,6,92.5,90.41625422210379,90.41619889251056,5.5329593223518714e-05,5.5329593223518714e-05
mAP,NeuroSTORM,7,92.5,89.03693713876036,89.03691199530104,2.514345932524975e-05,2.514345932524975e-05
mAP,NeuroSTORM,8,92.5,87.2445222262856,87.24451357974485,8.646540749168707e-06,8.646540749168707e-06
mAP,NeuroSTORM,9,92.5,91.33025271803477,91.33022888032167,2.383771310121574e-05,2.383771310121574e-05
mAP,NeuroSTORM,10,92.5,92.97420710727656,92.97416046976039,4.663751616362788e-05,4.663751616362788e-05
mAP,NeuroSTORM,11,92.5,92.21015074132104,92.21012898995534,2.1751365707700643e-05,2.1751365707700643e-05
mAP,NeuroSTORM,12,92.5,91.25215087689473,91.25209921615793,5.166073680129557e-05,5.166073680129557e-05
mAP,NeuroSTORM,13,92.5,89.66277488205996,89.66276181790965,1.3064150309105571e-05,1.3064150309105571e-05
mAP,NeuroSTORM,14,92.5,94.32477984393722,94.32473857505491,4.12688823132612e-05,4.12688823132612e-05
mAP,NeuroSTORM,15,92.5,88.54863012927194,88.54860424016024,2.5889111697097178e-05,2.5889111697097178e-05
mAP,NeuroSTORM,16,92.5,94.82814985530767,94.82808374153042,6.611377725107559e-05,6.611377725107559e-05
mAP,NeuroSTORM,17,92.5,89.49337196510967,89.49334894321983,2.3021889845153964e-05,2.3021889845153964e-05
mAP,NeuroSTORM,18,92.5,90.24272985147694,90.24269428794089,3.5563536044946886e-05,3.5563536044946886e-05
mAP,NeuroSTORM,19,92.5,88.09967976872896,88.09964442815297,3.5340575990971956e-05,3.5340575990971956e-05
mAP,NeuroSTORM,20,92.5,90.99586230740248,90.99579355934308,6.8748059391055e-05,6.8748059391055e-05
mAP,NeuroSTORM,21,92.5,95.42599581407944,95.42593737543393,5.843864551025035e-05,5.843864551025035e-05
mAP,NeuroSTORM,22,92.5,94.04693154458494,94.04688426533187,4.727925306724501e-05,4.727925306724501e-05
mAP,NeuroSTORM,23,92.5,95.43532052953022,95.43526633608411,5.419344610402277e-05,5.419344610402277e-05
mAP,NeuroSTORM,24,92.5,94.06648640182912,94.06642763780181,5.876402731530561e-05,5.876402731530561e-05
mAP,NeuroSTORM,25,92.5,89.1890370055394,89.18899051440889,4.6491130518688806e-05,4.6491130518688806e-05
mAP,NeuroSTORM,26,92.5,91.50772803997492,91.50763232701733,9.571295758803444e-05,9.571295758803444e-05
mAP,NeuroSTORM,27,92.5,90.15946590430552,90.15940261264761,6.329165790930347e-05,6.329165790930347e-05
mAP,NeuroSTORM,28,92.5,96.4918354835487,96.49172471211712,0.00011077143157933733,0.00011077143157933733
mAP,NeuroSTORM,29,92.5,88.90970709944463,88.90963406072106,7.303872357056207e-05,7.303872357056207e-05
mAP,NeuroSTORM,30,92.5,95.1811896968415,95.18109306816733,9.662867417148391e-05,9.662867417148391e-05
mAP,NeuroSTORM,31,92.5,95.17900256307878,95.17886161032631,0.00014095275247427708,0.00014095275247427708
mAP,NeuroSTORM,32,92.5,97.98897557927138,97.98886060514826,0.00011497412312166944,0.00011497412312166944
mAP,NeuroSTORM,33,92.5,91.27104724225336,91.2709402221115,0.00010702014185426378,0.00010702014185426378
mAP,NeuroSTORM,34,92.5,94.63709313822798,94.63696647874049,0.00012665948749202016,0.00012665948749202016
mAP,NeuroSTORM,35,92.5,99.34508082364906,99.34495550961653,0.00012531403253035478,0.00012531403253035478
mAP,NeuroSTORM,36,92.5,90.64720849217777,90.64707496919891,0.0001335229788566039,0.0001335229788566039
mAP,NeuroSTORM,37,92.5,87.8949828625914,87.89487925740292,0.00010360518848528955,0.00010360518848528955
mAP,NeuroSTORM,38,92.5,86.86009819113497,86.85996989827672,0.00012829285824977887,0.00012829285824977887
mAP,NeuroSTORM,39,92.5,94.63826901659505,94.638136086584,0.0001329300110484155,0.0001329300110484155
mAP,NeuroSTORM,40,92.5,86.85067352602299,86.85054937582424,0.00012415019874367772,0.00012415019874367772
mAP,NeuroSTORM,41,92.5,91.38315548576873,91.38304284118624,0.00011264458248660958,0.00011264458248660958
mAP,NeuroSTORM,42,92.5,93.812085117116,93.81193956111689,0.00014555599911147965,0.00014555599911147965
mAP,NeuroSTORM,43,92.5,93.05567783993821,93.05552661048974,0.00015122944847689723,0.00015122944847689723
mAP,NeuroSTORM,44,92.5,93.77647952016146,93.77633459255252,0.00014492760894313506,0.00014492760894313506
mAP,NeuroSTORM,45,92.5,93.16703352129866,93.16686956740256,0.00016395389610579514,0.00016395389610579514
mAP,NeuroSTORM,46,92.5,96.33676064450101,96.33659743994018,0.00016320456083462886,0.00016320456083462886
mAP,NeuroSTORM,47,92.5,89.64318474846478,89.6430508577836,0.00013389068116964609,0.00013389068116964609
mAP,NeuroSTORM,48,92.5,90.46915698983774,90.4690145846244,0.00014240521333874767,0.00014240521333874767
mAP,NeuroSTORM,49,92.5,90.18219563314076,90.18202166418753,0.00017396895323429362,0.00017396895323429362
mAP,NeuroSTORM,50,92.5,94.99075619529637,94.99057543558783,0.0001807597085417001,0.0001807597085417001
mAP,NeuroSTORM,51,92.5,95.2013795284039,95.20119576518519,0.00018376321871471646,0.00018376321871471646
mAP,NeuroSTORM,52,92.5,93.85385231671391,93.85367595795553,0.00017635875838095671,0.00017635875838095671
mAP,NeuroSTORM,53,92.5,96.0506459202283,96.05048100066978,0.00016491955852870888,0.00016491955852870888
mAP,NeuroSTORM,54,92.5,88.96605519079408,88.96587739787086,0.00017779292322472884,0.00017779292322472884
mAP,NeuroSTORM,55,92.5,97.50184444815001,97.5016723346534,0.00017211349660328779,0.00017211349660328779
mAP,NeuroSTORM,56,92.5,97.06992080636205,97.06971586513677,0.00020494122527736636,0.00020494122527736636
mAP,NeuroSTORM,57,92.5,94.7070461422843,94.70686599173725,0.00018015054705244893,0.00018015054705244893
mAP,NeuroSTORM,58,92.5,97.84560072997593,97.84539672631318,0.00020400366274486714,0.00020400366274486714
mAP,NeuroSTORM,59,92.5,87.53030770461552,87.53013037696668,0.00017732764884215158,0.00017732764884215158
mAP,NeuroSTORM,60,92.5,90.9268323678643,90.92665559121204,0.00017677665225335204,0.00017677665225335204
mAP,NeuroSTORM,61,92.5,90.29424508273777,90.29408961795414,0.00015546478363148708,0.00015546478363148708
mAP,NeuroSTORM,62,92.5,94.66460869201715,94.66443797127204,0.00017072074511759183,0.00017072074511759183
mAP,NeuroSTORM,63,92.5,89.34973254318163,89.34957778119356,0.00015476198807107266,0.00015476198807107266
mAP,NeuroSTORM,64,92.5,94.7726483963825,94.77248544801246,0.00016294837003272278,0.00016294837003272278
mAP,NeuroSTORM,65,92.5,96.61182211212336,96.61160843199013,0.00021368013322842216,0.00021368013322842216
mAP,NeuroSTORM,66,92.5,94.58578956507321,94.585608700252,0.00018086482121759673,0.00018086482121759673
mAP,NeuroSTORM,67,92.5,93.35142300803712,93.3512530709845,0.00016993705261825198,0.00016993705261825198
mAP,NeuroSTORM,68,92.5,89.53656785692357,89.53637997729776,0.00018787962581257034,0.00018787962581257034
mAP,NeuroSTORM,69,92.5,89.95964301399943,89.95944710162391,0.00019591237551708218,0.00019591237551708218
mAP,NeuroSTORM,70,92.5,96.2490518771021,96.24885671589,0.00019516121210472193,0.00019516121210472193
mAP,NeuroSTORM,71,92.5,94.83822713291336,94.838047011716,0.00018012119735999477,0.00018012119735999477
mAP,NeuroSTORM,72,92.5,92.38313420789903,92.38294144186737,0.00019276603165963024,0.00019276603165963024
mAP,NeuroSTORM,73,92.5,91.24644786681449,91.24627136270233,0.00017650411216152406,0.00017650411216152406
mAP,NeuroSTORM,74,92.5,86.42274787068303,86.42257638066587,0.00017149001715210943,0.00017149001715210943
mAP,NeuroSTORM,75,92.5,89.2876402860091,89.28744274394668,0.00019754206240918393,0.00019754206240918393
mAP,NeuroSTORM,76,92.5,98.23448722352956,98.23425726141917,0.00022996211038162073,0.00022996211038162073
mAP,NeuroSTORM,77,92.5,88.65884520861634,88.6586332869926,0.00021192162374461532,0.00021192162374461532
mAP,NeuroSTORM,78,92.5,93.06864189893503,93.06843946366324,0.00020243527178820386,0.00020243527178820386
mAP,NeuroSTORM,79,92.5,95.52254718679862,95.5223319195856,0.00021526721302222995,0.00021526721302222995
mAP,NeuroSTORM,80,92.5,88.73543016666287,88.73523199599312,0.00019817066974781028,0.00019817066974781028
mAP,NeuroSTORM,81,92.5,93.05434909738344,93.05413142434325,0.00021767304018283085,0.00021767304018283085
mAP,NeuroSTORM,82,92.5,95.31395812326609,95.31374661253197,0.00021151073411829202,0.00021151073411829202
mAP,NeuroSTORM,83,92.5,92.5377034192489,92.53749796572176,0.00020545352714407272,0.00020545352714407272
mAP,NeuroSTORM,84,92.5,100.00024497342311,100.0,0.00024497342310780823,0.00024497342310780823
mAP,NeuroSTORM,85,92.5,87.4944551732039,87.49420222336542,0.0002529498384831186,0.0002529498384831186
mAP,NeuroSTORM,86,92.5,95.67645790626293,95.67618558965164,0.0002723166112872377,0.0002723166112872377
mAP,NeuroSTORM,87,92.5,91.98185395635662,91.98159478781061,0.0002591685460089366,0.0002591685460089366
mAP,NeuroSTORM,88,92.5,94.81601479055962,94.81576046451002,0.00025432604959974014,0.00025432604959974014
mAP,NeuroSTORM,89,92.5,93.8241613879457,93.82392145509773,0.0002399328479611995,0.0002399328479611995
mAP,NeuroSTORM,90,92.5,90.3007947252423,90.30053140867001,0.0002633165722869535,0.0002633165722869535
mAP,NeuroSTORM,91,92.5,93.18724099103656,93.18698917737802,0.00025181365853654825,0.00025181365853654825
mAP,NeuroSTORM,92,92.5,86.92654119826561,86.92629564580514,0.0002455524604698667,0.0002455524604698667
mAP,NeuroSTORM,93,92.5,94.31002257043063,94.30974250171418,0.0002800687164494775,0.0002800687164494775
mAP,NeuroSTORM,94,92.5,93.39475412586323,93.39447539797158,0.0002787278916542846,0.0002787278916542846
mAP,NeuroSTORM,95,92.5,94.4162514221107,94.41598050592931,0.00027091618139252205,0.00027091618139252205
mAP,NeuroSTORM,96,92.5,95.67464705357764,95.67435497526145,0.00029207831619260105,0.00029207831619260105
mAP,NeuroSTORM,97,92.5,93.60316680764069,93.60285952062914,0.00030728701155169347,0.00030728701155169347
mAP,NeuroSTORM,98,92.5,92.94455733425117,92.94426825939483,0.00028907485634022123,0.00028907485634022123
mAP,NeuroSTORM,99,92.5,89.85708878221641,89.85679499001613,0.000293792200281473,0.000293792200281473
mAP,NeuroSTORM,100,92.5,90.36365718274526,90.36333770905284,0.00031947369241436263,0.00031947369241436263
mAP,NeuroSTORM,101,92.5,96.06051153972793,96.060203860532,0.00030767919592733506,0.00030767919592733506
mAP,NeuroSTORM,102,92.5,96.80933440143819,96.80900621711794,0.0003281843202529444,0.0003281843202529444
mAP,NeuroSTORM,103,92.5,91.78599965553934,91.78566869106383,0.00033096447550917674,0.00033096447550917674
mAP,NeuroSTORM,104,92.5,92.63834684868544,92.63800824175982,0.00033860692562370787,0.00033860692562370787
mAP,NeuroSTORM,105,92.5,89.78645964809903,89.7861568750187,0.00030277308032111705,0.00030277308032111705
mAP,NeuroSTORM,106,92.5,96.01861499350963,96.01827053580233,0.000344457707299739,0.000344457707299739
mAP,NeuroSTORM,107,92.5,94.49659331153998,94.49625047107534,0.00034284046463994855,0.00034284046463994855
mAP,NeuroSTORM,108,92.5,98.32399508483005,98.32365230939125,0.00034277543879568384,0.00034277543879568384
mAP,NeuroSTORM,109,92.5,89.86535520713683,89.86503076846078,0.00032443867604570187,0.00032443867604570187
mAP,NeuroSTORM,110,92.5,91.36631690755245,91.36597630294534,0.0003406046071035007,0.0003406046071035007
mAP,NeuroSTORM,111,92.5,93.1946784217082,93.19433776757671,0.0003406541314916467,0.0003406541314916467
mAP,NeuroSTORM,112,92.5,94.43981602458656,94.43946861317731,0.00034741140925120817,0.00034741140925120817
mAP,NeuroSTORM,113,92.5,91.85333045083712,91.8529970873571,0.000333363480024218,0.000333363480024218
mAP,NeuroSTORM,114,92.5,89.88144122319818,89.8811167286389,0.00032449455927974213,0.00032449455927974213
mAP,NeuroSTORM,115,92.5,95.14459342236273,95.14422258677071,0.00037083559202244487,0.00037083559202244487
mAP,NeuroSTORM,116,92.5,94.66375618020103,94.66340608763674,0.0003500925642896391,0.0003500925642896391
mAP,NeuroSTORM,117,92.5,89.75153606059739,89.75117769830882,0.0003583622885656723,0.0003583622885656723
mAP,NeuroSTORM,118,92.5,96.56670365917932,96.56632840331649,0.0003752558628349334,0.0003752558628349334
mAP,NeuroSTORM,119,92.5,96.01100706047477,96.0105961275898,0.00041093288496085734,0.00041093288496085734
mAP,NeuroSTORM,120,92.5,92.90324872721641,92.90288949174338,0.0003592354730272973,0.0003592354730272973
mAP,NeuroSTORM,121,92.5,92.7391431423097,92.73879358712811,0.0003495551815859699,0.0003495551815859699
mAP,NeuroSTORM,122,92.5,94.16254390563414,94.16217331334772,0.0003705922864156719,0.0003705922864156719
mAP,NeuroSTORM,123,92.5,89.91527124381847,89.91489078923122,0.00038045458724411674,0.00038045458724411674
mAP,NeuroSTORM,124,92.5,92.59045332279514,92.59009443749224,0.00035888530290151266,0.00035888530290151266
mAP,NeuroSTORM,125,92.5,86.04323312771486,86.04284936617246,0.0003837615423947227,0.0003837615423947227
mAP,NeuroSTORM,126,92.5,95.12977735493779,95.1293669365088,0.00041041842898437153,0.00041041842898437153
mAP,NeuroSTORM,127,92.5,87.81588152483937,87.81552033267442,0.0003611921649451233,0.0003611921649451233
mAP,NeuroSTORM,128,92.5,97.01066829544597,97.010259485287,0.0004088101589729831,0.0004088101589729831
mAP,NeuroSTORM,129,92.5,91.51002100279068,91.50963971810064,0.00038128469003595455,0.00038128469003595455
mAP,NeuroSTORM,130,92.5,91.86537144531579,91.86499905420646,0.0003723911093231891,0.0003723911093231891
mAP,NeuroSTORM,131,92.5,90.6172118350341,90.61679828174648,0.0004135532876148318,0.0004135532876148318
mAP,NeuroSTORM,132,92.5,91.63628682184543,91.63588337823377,0.0004034436116597817,0.0004034436116597817
mAP,NeuroSTORM,133,92.5,96.75599655870842,96.7555940354441,0.0004025232643130039,0.0004025232643130039
mAP,NeuroSTORM,134,92.5,85.0369516975371,85.03657403039476,0.00037766714234521714,0.00037766714234521714
mAP,NeuroSTORM,135,92.5,96.33131632766153,96.33089615826457,0.0004201693969605458,0.0004201693969605458
mAP,NeuroSTORM,136,92.5,93.51447030241346,93.51407044330513,0.000399859108327405,0.000399859108327405
mAP,NeuroSTORM,137,92.5,88.87932240243983,88.87893505642835,0.00038734601147893954,0.00038734601147893954
mAP,NeuroSTORM,138,92.5,89.27447632768988,89.2740628208523,0.00041350683758878404,0.00041350683758878404
mAP,NeuroSTORM,139,92.5,97.52960693639626,97.5291790816246,0.00042785477165807606,0.00042785477165807606
mAP,NeuroSTORM,140,92.5,89.66389196650867,89.6634793601718,0.0004126063368659061,0.0004126063368659061
mAP,NeuroSTORM,141,92.5,89.04038246237585,89.03994846821212,0.0004339941637283573,0.0004339941637283573
mAP,NeuroSTORM,142,92.5,95.91238614182956,95.91194362709419,0.0004425147353686043,0.0004425147353686043
mAP,NeuroSTORM,143,92.5,93.51610477334367,93.51565862885774,0.0004461444859344965,0.0004461444859344965
mAP,NeuroSTORM,144,92.5,89.68664521291126,89.6862232703908,0.0004219425204610161,0.0004219425204610161
mAP,NeuroSTORM,145,92.5,93.1503478072701,93.14987492621385,0.00047288105623977117,0.00047288105623977117
mAP,NeuroSTORM,146,92.5,89.42318966477178,89.42274194907917,0.0004477156926157022,0.0004477156926157022
mAP,NeuroSTORM,147,92.5,95.80294714220742,95.80246419526782,0.00048294693959860524,0.00048294693959860524
mAP,NeuroSTORM,148,92.5,95.68455970821195,95.6841128946194,0.0004468135925463912,0.0004468135925463912
mAP,NeuroSTORM,149,92.5,94.0964830589728,94.09601859646583,0.0004644625069687436,0.0004644625069687436
mAP,NeuroSTORM,150,92.5,93.58542280308178,93.58498318374104,0.00043961934073877273,0.00043961934073877273
mAP,NeuroSTORM,151,92.5,97.78405525624409,97.78356437460212,0.0004908816419657569,0.0004908816419657569
mAP,NeuroSTORM,152,92.5,92.4995579250215,92.49905898216467,0.0004989428568364929,0.0004989428568364929
mAP,NeuroSTORM,153,92.5,88.95486082873968,88.9543776237376,0.00048320500208376416,0.00048320500208376416
mAP,NeuroSTORM,154,92.5,93.8489018687886,93.84842173849692,0.000480130291677483,0.000480130291677483
mAP,NeuroSTORM,155,92.5,98.75863500564593,98.75814114861134,0.0004938570345842663,0.0004938570345842663
mAP,NeuroSTORM,156,92.5,89.45623184688613,89.45572152044244,0.0005103264436883137,0.0005103264436883137
mAP,NeuroSTORM,157,92.5,91.41609771822188,91.41561169991805,0.00048601830383177,0.00048601830383177
mAP,NeuroSTORM,158,92.5,93.74985763393126,93.74933811430435,0.0005195196269056623,0.0005195196269056623
mAP,NeuroSTORM,159,92.5,92.33876831710992,92.33828545298279,0.0004828641271359402,0.0004828641271359402
mAP,NeuroSTORM,160,92.5,89.55357693750307,89.55308925886806,0.00048767863501097963,0.00048767863501097963
mAP,NeuroSTORM,161,92.5,95.86608005173478,95.86557356869142,0.0005064830433667566,0.0005064830433667566
mAP,NeuroSTORM,162,92.5,99.46063439077992,99.46012216605178,0.0005122247281406089,0.0005122247281406089
mAP,NeuroSTORM,163,92.5,93.08893168015862,93.08839437707172,0.0005373030869009199,0.0005373030869009199
mAP,NeuroSTORM,164,92.5,89.78831165652714,89.787795130792,0.0005165257351364971,0.0005165257351364971
mAP,NeuroSTORM,165,92.5,87.85360370285461,87.85311842483958,0.00048527801503439605,0.00048527801503439605
mAP,NeuroSTORM,166,92.5,93.27443825134579,93.27392794366354,0.0005103076822479125,0.0005103076822479125
mAP,NeuroSTORM,167,92.5,95.81216602860515,95.81163202994877,0.0005339986563797083,0.0005339986563797083
mAP,NeuroSTORM,168,92.5,93.92603948966764,93.92550323948615,0.0005362501814971665,0.0005362501814971665
mAP,NeuroSTORM,169,92.5,92.49331401089243,92.49278847724344,0.0005255336489966567,0.0005255336489966567
mAP,NeuroSTORM,170,92.5,90.73268897007108,90.73218504463208,0.0005039254390055703,0.0005039254390055703
mAP,NeuroSTORM,171,92.5,89.22404290452673,89.22350910184574,0.0005338026809909024,0.0005338026809909024
mAP,NeuroSTORM,172,92.5,95.00477854482354,95.00425397897465,0.0005245658488917115,0.0005245658488917115
mAP,NeuroSTORM,173,92.5,95.24186502058173,95.24131486415676,0.0005501564249641433,0.0005501564249641433
mAP,NeuroSTORM,174,92.5,87.86335173451752,87.8628106399278,0.0005410945897210695,0.0005410945897210695
mAP,NeuroSTORM,175,92.5,97.27004354565176,97.26951693454205,0.0005266111097057546,0.0005266111097057546
mAP,NeuroSTORM,176,92.5,94.22274887802755,94.22221366268201,0.0005352153455362441,0.0005352153455362441
mAP,NeuroSTORM,177,92.5,96.69930746263252,96.69878393543738,0.0005235271951420373,0.0005235271951420373
mAP,NeuroSTORM,178,92.5,88.47412647593511,88.47361675454465,0.0005097213904576847,0.0005097213904576847
mAP,NeuroSTORM,179,92.5,88.40305638743008,88.40252753375368,0.0005288536763998763,0.0005288536763998763
mAP,NeuroSTORM,180,92.5,92.0536178130982,92.05309207069811,0.0005257424000859601,0.0005257424000859601
mAP,NeuroSTORM,181,92.5,94.00893891454528,94.00835328068558,0.0005856338596998967,0.0005856338596998967
mAP,NeuroSTORM,182,92.5,97.88966089238961,97.88908246878088,0.0005784236087293948,0.0005784236087293948
mAP,NeuroSTORM,183,92.5,94.61877295326921,94.6182367414454,0.0005362118238139146,0.0005362118238139146
mAP,NeuroSTORM,184,92.5,91.77251233066917,91.7719561695639,0.0005561611052797844,0.0005561611052797844
mAP,NeuroSTORM,185,92.5,89.42143760600486,89.42089237700232,0.0005452290025402817,0.0005452290025402817
mAP,NeuroSTORM,186,92.5,96.19059896347562,96.19000171815745,0.00059724531817551,0.00059724531817551
mAP,NeuroSTORM,187,92.5,89.60646206706153,89.60588372274786,0.0005783443136664346,0.0005783443136664346
mAP,NeuroSTORM,188,92.5,97.38600867021107,97.38540566431696,0.0006030058941064453,0.0006030058941064453
mAP,NeuroSTORM,189,92.5,91.64742238998149,91.64684605118048,0.0005763388010109338,0.0005763388010109338
mAP,NeuroSTORM,190,92.5,97.27232474968385,97.27174621785355,0.0005785318302997666,0.0005785318302997666
mAP,NeuroSTORM,191,92.5,94.53735513513408,94.53679387017783,0.0005612649562465322,0.0005612649562465322
mAP,NeuroSTORM,192,92.5,92.08958793234653,92.08901353167262,0.0005744006739121232,0.0005744006739121232
mAP,NeuroSTORM,193,92.5,90.94237747987681,90.94181088452162,0.0005665953551954317,0.0005665953551954317
mAP,NeuroSTORM,194,92.5,91.47784897066796,91.47727636796176,0.0005726027061996319,0.0005726027061996319
mAP,NeuroSTORM,195,92.5,93.78553378358781,93.78495007712571,0.000583706462094824,0.000583706462094824
mAP,NeuroSTORM,196,92.5,92.73205259575634,92.73146948865315,0.000583107103196312,0.000583107103196312
mAP,NeuroSTORM,197,92.5,90.7191487306744,90.71856577579389,0.0005829548805138529,0.0005829548805138529
mAP,NeuroSTORM,198,92.5,92.00370177641656,92.00310576904711,0.0005960073694524226,0.0005960073694524226
mAP,NeuroSTORM,199,92.5,92.73633279301244,92.73573108915745,0.0006017038549828158,0.0006017038549828158
mAP,NeuroSTORM,200,92.5,86.11436201013822,86.11379771675556,0.0005642933826663921,0.0005642933826663921
mAP,NeuroSTORM,201,92.5,93.87510043880667,93.8745043443661,0.0005960944405671853,0.0005960944405671853
mAP,NeuroSTORM,202,92.5,89.56140240803585,89.56083632584958,0.0005660821862676357,0.0005660821862676357
mAP,NeuroSTORM,203,92.5,89.04059412048191,89.04000279038277,0.0005913300991409187,0.0005913300991409187
mAP,NeuroSTORM,204,92.5,87.4385480362421,87.43796695866787,0.0005810775742247642,0.0005810775742247642
mAP,NeuroSTORM,205,92.5,87.11889138154905,87.11832250639632,0.0005688751527230806,0.0005688751527230806
mAP,NeuroSTORM,206,92.5,88.4342289229408,88.43365749066314,0.0005714322776668723,0.0005714322776668723
mAP,NeuroSTORM,207,92.5,90.37352280224488,90.37293712710853,0.0005856751363495505,0.0005856751363495505
mAP,NeuroSTORM,208,92.5,98.36037676150684,98.3597774125797,0.0005993489271389763,0.0005993489271389763
mAP,NeuroSTORM,209,92.5,90.92297548682035,90.9223609723144,0.000614514505954844,0.000614514505954844
mAP,NeuroSTORM,210,92.5,93.03388881379661,93.0332503188041,0.0006384949925148931,0.0006384949925148931
mAP,NeuroSTORM,211,92.5,93.70205817831032,93.70144415951899,0.0006140187913388218,0.0006140187913388218
mAP,NeuroSTORM,212,92.5,92.89382994149626,92.89319555864755,0.0006343828487160863,0.0006343828487160863
mAP,NeuroSTORM,213,92.5,92.26827440900476,92.26766961782202,0.0006047911827380403,0.0006047911827380403
mAP,NeuroSTORM,214,92.5,88.91475161763931,88.91411870920227,0.000632908437040669,0.000632908437040669
mAP,NeuroSTORM,215,92.5,96.85340632263555,96.85278264483763,0.0006236777979182762,0.0006236777979182762
mAP,NeuroSTORM,216,92.5,97.92222096437347,97.92158993091365,0.0006310334598111922,0.0006310334598111922
mAP,NeuroSTORM,217,92.5,87.45262917968763,87.45202391763195,0.0006052620556857846,0.0006052620556857846
mAP,NeuroSTORM,218,92.5,89.42852815255823,89.42791422734086,0.0006139252173653631,0.0006139252173653631
mAP,NeuroSTORM,219,92.5,91.66121544322708,91.66056897286899,0.000646470358091733,0.000646470358091733
mAP,NeuroSTORM,220,92.5,89.60700297111038,89.60638661526943,0.0006163558409468806,0.0006163558409468806
mAP,NeuroSTORM,221,92.5,94.01853408202048,94.0178966603676,0.0006374216528826082,0.0006374216528826082
mAP,NeuroSTORM,222,92.5,90.31582245077331,90.31518339278016,0.0006390579931547791,0.0006390579931547791
mAP,NeuroSTORM,223,92.5,98.99583318984898,98.99516820341981,0.0006649864291716767,0.0006649864291716767
mAP,NeuroSTORM,224,92.5,96.07232911731687,96.07164578303079,0.0006833342860801395,0.0006833342860801395
mAP,NeuroSTORM,225,92.5,93.13838324488528,93.13772209189665,0.0006611529886271228,0.0006611529886271228
mAP,NeuroSTORM,226,92.5,95.58162331595965,95.5809587899592,0.0006645260004489728,0.0006645260004489728
mAP,NeuroSTORM,227,92.5,95.81839818395056,95.81770127307193,0.0006969108786307743,0.0006969108786307743
mAP,NeuroSTORM,228,92.5,90.80880945616262,90.80815753582527,0.0006519203373471782,0.0006519203373471782
mAP,NeuroSTORM,229,92.5,90.05203765669106,90.0513482663741,0.0006893903169498117,0.0006893903169498117
mAP,NeuroSTORM,230,92.5,92.73509812072702,92.73442918890895,0.0006689318180690407,0.0006689318180690407
mAP,NeuroSTORM,231,92.5,95.08559960468739,95.08490837349383,0.0006912311935565185,0.0006912311935565185
mAP,NeuroSTORM,232,92.5,92.91788841288628,92.91718119596025,0.0007072169260311512,0.0007072169260311512
mAP,NeuroSTORM,233,92.5,87.76969890197314,87.76901055342701,0.0006883485461344208,0.0006883485461344208
mAP,NeuroSTORM,234,92.5,90.09222917927711,90.09152666814748,0.000702511129631489,0.000702511129631489
mAP,NeuroSTORM,235,92.5,92.27877500282258,92.27808140921687,0.000693593605717524,0.000693593605717524
mAP,NeuroSTORM,236,92.5,92.27370696706056,92.27300318702251,0.0007037800380516046,0.0007037800380516046
mAP,NeuroSTORM,237,92.5,98.41834756500283,98.41762653036942,0.0007210346334147744,0.0007210346334147744
mAP,NeuroSTORM,238,92.5,88.34275734476732,88.342036172803,0.0007211719643152037,0.0007211719643152037
mAP,NeuroSTORM,239,92.5,94.01747579149013,94.01676772550762,0.0007080659825078328,0.0007080659825078328
mAP,NeuroSTORM,240,92.5,96.96810149855844,96.96733932498486,0.0007621735735767743,0.0007621735735767743
mAP,NeuroSTORM,241,92.5,99.3150841665054,99.31434923626838,0.0007349302370158739,0.0007349302370158739
mAP,NeuroSTORM,242,92.5,91.28752129817586,91.28680773044812,0.0007135677277432251,0.0007135677277432251
mAP,NeuroSTORM,243,92.5,93.97501482365564,93.9742883581606,0.0007264654950347449,0.0007264654950347449
mAP,NeuroSTORM,244,92.5,94.2100141153123,94.20928107159594,0.0007330437163659553,0.0007330437163659553
mAP,NeuroSTORM,245,92.5,93.08717962139171,93.08644519465987,0.0007344267318387665,0.0007344267318387665
mAP,NeuroSTORM,246,92.5,92.2041949173919,92.20346439628209,0.0007305211098156406,0.0007305211098156406
mAP,NeuroSTORM,247,92.5,93.80867506985153,93.80792616850013,0.0007489013514003773,0.0007489013514003773
mAP,NeuroSTORM,248,92.5,84.90398337179012,84.90326174434094,0.0007216274491810282,0.0007216274491810282
mAP,NeuroSTORM,249,92.5,94.54695030260928,94.54620847018789,0.0007418324213830374,0.0007418324213830374
mAP,NeuroSTORM,250,92.5,92.87928432609574,92.8785337109859,0.0007506151098368719,0.0007506151098368719
mAP,NeuroSTORM,251,92.5,91.83331700102978,91.8325753096652,0.0007416913645812429,0.0007416913645812429
mAP,NeuroSTORM,252,92.5,98.64137641488284,98.64058658715868,0.0007898277241622509,0.0007898277241622509
mAP,NeuroSTORM,253,92.5,90.47594180801568,90.47519794362834,0.0007438643873314277,0.0007438643873314277
mAP,NeuroSTORM,254,92.5,91.29150752584019,91.29077203280491,0.0007354930352789779,0.0007354930352789779
mAP,NeuroSTORM,255,92.5,98.47545997729087,98.4746599066142,0.00080007067666088,0.00080007067666088
mAP,NeuroSTORM,256,92.5,90.00456744701289,90.00381608545042,0.0007513615624645809,0.0007513615624645809
mAP,NeuroSTORM,257,92.5,90.85042379157284,90.84965415119038,0.0007696403824581921,0.0007696403824581921
mAP,NeuroSTORM,258,92.5,92.05968534547223,92.05892372970744,0.0007616157647873933,0.0007616157647873933
mAP,NeuroSTORM,259,92.5,95.02300465951295,95.02220344638864,0.0008012131243049225,0.0008012131243049225
mAP,NeuroSTORM,260,92.5,93.12418451360304,93.12340752205994,0.0007769915431055097,0.0007769915431055097
mAP,NeuroSTORM,261,92.5,88.62289860693537,88.62212395854321,0.000774648392152244,0.000774648392152244
mAP,NeuroSTORM,262,92.5,90.90429077956779,90.90349431061843,0.0007964689493604737,0.0007964689493604737
mAP,NeuroSTORM,263,92.5,90.67871027363127,90.67793670036336,0.0007735732679066132,0.0007735732679066132
mAP,NeuroSTORM,264,92.5,92.26912104142903,92.26833686433086,0.0007841770981684704,0.0007841770981684704
mAP,NeuroSTORM,265,92.5,93.77831389041407,93.77753097588949,0.0007829145245779046,0.0007829145245779046
mAP,NeuroSTORM,266,92.5,93.75538426225643,93.75461726766392,0.0007669945925101729,0.0007669945925101729
mAP,NeuroSTORM,267,92.5,87.17275836954401,87.1719647378548,0.0007936316892198647,0.0007936316892198647
mAP,NeuroSTORM,268,92.5,95.6926144750263,95.69182296268256,0.0007915123437385319,0.0007915123437385319
mAP,NeuroSTORM,269,92.5,93.25850509947215,93.25770653798988,0.0007985614822700882,0.0007985614822700882
mAP,NeuroSTORM,270,92.5,96.65440066779455,96.65359614278172,0.0008045250128247972,0.0008045250128247972
mAP,NeuroSTORM,271,92.5,93.8333920331271,93.83259498187202,0.0007970512550770081,0.0007970512550770081
mAP,NeuroSTORM,272,92.5,95.80480503002737,95.80396887320728,0.0008361568200854208,0.0008361568200854208
mAP,NeuroSTORM,273,92.5,93.9004758939678,93.89963593435039,0.000839959617408681,0.000839959617408681
mAP,NeuroSTORM,274,92.5,96.53951735133292,96.53867726860824,0.0008400827246788367,0.0008400827246788367
mAP,NeuroSTORM,275,92.5,94.06760348627783,94.06675190805333,0.0008515782244984393,0.0008515782244984393
mAP,NeuroSTORM,276,92.5,92.20710521635037,92.20625426067129,0.0008509556790841089,0.0008509556790841089
mAP,NeuroSTORM,277,92.5,99.31817672661076,99.31730416134064,0.0008725652701144782,0.0008725652701144782
mAP,NeuroSTORM,278,92.5,95.16801985913045,95.16711136683968,0.0009084922907760529,0.0009084922907760529
mAP,NeuroSTORM,279,92.5,94.22211390370933,94.22123326301323,0.0008806406960957247,0.0008806406960957247
mAP,NeuroSTORM,280,92.5,88.67196801119272,88.67108675038499,0.000881260807730655,0.000881260807730655
mAP,NeuroSTORM,281,92.5,88.63593909802604,88.6350771476094,0.0008619504166489378,0.0008619504166489378
mAP,NeuroSTORM,282,92.5,93.37903263209566,93.37814644642556,0.0008861856700974613,0.0008861856700974613
mAP,NeuroSTORM,283,92.5,92.93744327013046,92.93656359330473,0.0008796768257326448,0.0008796768257326448
mAP,NeuroSTORM,284,92.5,90.65852044206886,90.65763230497505,0.0008881370938098598,0.0008881370938098598
mAP,NeuroSTORM,285,92.5,92.92386187499093,92.92294809883617,0.000913776154760626,0.000913776154760626
mAP,NeuroSTORM,286,92.5,97.266786362575,97.26588078413079,0.0009055784442182357,0.0009055784442182357
mAP,NeuroSTORM,287,92.5,94.58711830762799,94.58620742365089,0.0009108839770988197,0.0009108839770988197
mAP,NeuroSTORM,288,92.5,89.07789298228502,89.07697447074179,0.0009185115432330804,0.0009185115432330804
mAP,NeuroSTORM,289,92.5,92.1663963072828,92.16547351857118,0.0009227887116196598,0.0009227887116196598
mAP,NeuroSTORM,290,92.5,90.08602054149904,90.08510055744232,0.0009199840567220008,0.0009199840567220008
mAP,NeuroSTORM,291,92.5,91.33780185715128,91.33690025077432,0.0009016063769564653,0.0009016063769564653
mAP,NeuroSTORM,292,92.5,91.26008805587237,91.25915300311107,0.0009350527613065651,0.0009350527613065651
mAP,NeuroSTORM,293,92.5,91.06797304826235,91.06706325218798,0.0009097960743673639,0.0009097960743673639
mAP,NeuroSTORM,294,92.5,88.73548308118939,88.73459388407981,0.0008891971095721374,0.0008891971095721374
mAP,NeuroSTORM,295,92.5,92.11796187734365,92.11703595544543,0.0009259218982151651,0.0009259218982151651
mAP,NeuroSTORM,296,92.5,90.81909839187439,90.81817708945808,0.0009213024163159389,0.0009213024163159389
mAP,NeuroSTORM,297,92.5,83.712559892719,83.71165392999319,0.0009059627258096725,0.0009059627258096725
mAP,NeuroSTORM,298,92.5,98.659861222813,98.65891607350498,0.0009451493080234741,0.0009451493080234741
mAP,NeuroSTORM,299,92.5,95.76724747498352,95.76630896265002,0.0009385123335050594,0.0009385123335050594
mAP,NeuroSTORM,300,92.5,91.37201991763268,91.37109782522501,0.0009220924076771553,0.0009220924076771553
mAP,NeuroSTORM,301,92.5,92.61384154351593,92.61291429844358,0.0009272450723472048,0.0009272450723472048
mAP,NeuroSTORM,302,92.5,85.47099192038579,85.47007391609463,0.0009180042911509645,0.0009180042911509645
mAP,NeuroSTORM,303,92.5,100.00098577679435,100.0,0.0009857767943515228,0.0009857767943515228
mAP,NeuroSTORM,304,92.5,100.00098577679435,100.0,0.0009857767943515228,0.0009857767943515228
mAP,NeuroSTORM,305,92.5,93.44114252744369,93.44016236947915,0.0009801579645341008,0.0009801579645341008
mAP,NeuroSTORM,306,92.5,98.64217601217244,98.64118386511207,0.0009921470603728721,0.0009921470603728721
mAP,NeuroSTORM,307,92.5,93.5527098669102,93.55172067360354,0.0009891933066654701,0.0009891933066654701
mAP,NeuroSTORM,308,92.5,84.48062012451435,84.47964736674442,0.0009727577699294443,0.0009727577699294443
mAP,NeuroSTORM,309,92.5,90.03003697244338,90.02905978621806,0.0009771862253273866,0.0009771862253273866
mAP,NeuroSTORM,310,92.5,93.2925467781985,93.29156780063174,0.0009789775667599088,0.0009789775667599088
mAP,NeuroSTORM,311,92.5,89.77370724720828,89.77271368753934,0.000993559668941657,0.000993559668941657
mAP,NeuroSTORM,312,92.5,91.1890767612857,91.18808033538978,0.0009964258959200833,0.0009964258959200833
mAP,NeuroSTORM,313,92.5,91.95260986136788,91.95160265494532,0.0010072064225568056,0.0010072064225568056
mAP,NeuroSTORM,314,92.5,92.01574277089524,92.01472901280724,0.0010137580880069663,0.0010137580880069663
mAP,NeuroSTORM,315,92.5,92.81458749834019,92.8135509429849,0.001036555355284463,0.001036555355284463
mAP,NeuroSTORM,316,92.5,86.13738570856523,86.1363696016204,0.001016106944831563,0.001016106944831563
mAP,NeuroSTORM,317,92.5,88.19890038534137,88.19790310523238,0.0009972801089901395,0.0009972801089901395
mAP,NeuroSTORM,318,92.5,84.79347432285395,84.79249440580018,0.000979917053768986,0.000979917053768986
mAP,NeuroSTORM,319,92.5,98.36793765940703,98.3668932981172,0.0010443612898285437,0.0010443612898285437
mAP,NeuroSTORM,320,92.5,79.86710838649459,79.86611834895805,0.0009900375365390346,0.0009900375365390346
mAP,NeuroSTORM,321,92.5,99.42259472560556,99.42154205990155,0.0010526657040088594,0.0010526657040088594
mAP,NeuroSTORM,322,92.5,100.00105632949638,100.0,0.001056329496378794,0.001056329496378794
mAP,NeuroSTORM,323,92.5,90.68797619516369,90.68691647810427,0.0010597170594195404,0.0010597170594195404
mAP,NeuroSTORM,324,92.5,76.88217642806734,76.8811774730362,0.0009989550311360063,0.0009989550311360063
mAP,NeuroSTORM,325,92.5,90.3331784154711,90.33213662819625,0.0010417872748433865,0.0010417872748433865
mAP,NeuroSTORM,326,92.5,92.11593936655231,92.11489503226709,0.0010443342852255455,0.0010443342852255455
mAP,NeuroSTORM,327,92.5,86.43744635027124,86.43641068042652,0.001035669844725362,0.001035669844725362
mAP,NeuroSTORM,328,92.5,89.40976113381997,89.40868963715054,0.001071496669425187,0.001071496669425187
mAP,NeuroSTORM,329,92.5,100.00110336463106,100.0,0.0011033646310636414,0.0011033646310636414
mAP,NeuroSTORM,330,92.5,96.4906713639653,96.48956297381045,0.0011083901548545327,0.0011083901548545327
mAP,NeuroSTORM,331,92.5,86.95366871219365,86.9526153137314,0.0010533984622469461,0.0010533984622469461
mAP,NeuroSTORM,332,92.5,82.915467224041,82.91440498242741,0.0010622416135817048,0.0010622416135817048
mAP,NeuroSTORM,333,92.5,90.53895712970635,90.53789609434138,0.001061035364969598,0.001061035364969598
mAP,NeuroSTORM,334,92.5,91.2203433670658,91.21925932389738,0.0010840431684187024,0.0010840431684187024
mAP,NeuroSTORM,335,92.5,95.47831064262988,95.4771951241799,0.001115518449978481,0.001115518449978481
mAP,NeuroSTORM,336,92.5,89.28919832484544,89.28809972459405,0.0010986002513959647,0.0010986002513959647
mAP,NeuroSTORM,337,92.5,95.57011146674614,95.56899745217117,0.0011140145749664043,0.0011140145749664043
mAP,NeuroSTORM,338,92.5,100.00115039976573,100.0,0.001150399765734278,0.001150399765734278
mAP,NeuroSTORM,339,92.5,97.39412223094378,97.39300613466557,0.001116096278209966,0.001116096278209966
mAP,NeuroSTORM,340,92.5,92.21259656832453,92.21146895601537,0.0011276123091619183,0.0011276123091619183
mAP,NeuroSTORM,341,92.5,91.40222823288242,91.40109717368023,0.0011310592021942512,0.0011310592021942512
mAP,NeuroSTORM,342,92.5,90.36105849155405,90.35996119492077,0.001097296633275846,0.001097296633275846
mAP,NeuroSTORM,343,92.5,99.58498352809636,99.58384547471287,0.0011380533834852713,0.0011380533834852713
mAP,NeuroSTORM,344,92.5,88.73724101934815,88.73611932429219,0.0011216950559571615,0.0011216950559571615
mAP,NeuroSTORM,345,92.5,92.77245577644847,92.77133625399989,0.001119522448576049,0.001119522448576049
mAP,NeuroSTORM,346,92.5,92.80830830786009,92.8071874112865,0.001120896573581831,0.001120896573581831
mAP,NeuroSTORM,347,92.5,89.49042638980019,89.4892948431308,0.00113154666938442,0.00113154666938442
mAP,NeuroSTORM,348,92.5,84.26632805090158,84.2652067126954,0.0011213382061754373,0.0011213382061754373
mAP,NeuroSTORM,349,92.5,94.43900466851329,94.437847021706,0.001157646807286028,0.001157646807286028
mAP,NeuroSTORM,350,92.5,92.1351297015027,92.1339761688677,0.0011535326350013975,0.0011535326350013975
mAP,NeuroSTORM,351,92.5,95.50260428969331,95.50144281661942,0.0011614730738926937,0.0011614730738926937
mAP,NeuroSTORM,352,92.5,89.29952253690823,89.298398161365,0.0011243755432275293,0.0011243755432275293
mAP,NeuroSTORM,353,92.5,99.82608562847805,99.82492779287828,0.0011578355997698964,0.0011578355997698964
mAP,NeuroSTORM,354,92.5,87.24051248105393,87.23935731272893,0.0011551683249990674,0.0011551683249990674
mAP,NeuroSTORM,355,92.5,100.00119743490042,100.0,0.0011974349004191254,0.0011974349004191254
mAP,NeuroSTORM,356,92.5,82.01532057527396,82.01418094103043,0.0011396342435290308,0.0011396342435290308
mAP,NeuroSTORM,357,92.5,95.10979918148146,95.10862038734135,0.001178794140116679,0.001178794140116679
mAP,NeuroSTORM,358,92.5,95.35374984720735,95.35258409515974,0.0011657520476120453,0.0011657520476120453
mAP,NeuroSTORM,359,92.5,87.72781999393035,87.72665759235471,0.00116240157564107,0.00116240157564107
mAP,NeuroSTORM,360,92.5,95.0475511204253,95.04636362716607,0.0011874932592235155,0.0011874932592235155
mAP,NeuroSTORM,361,92.5,100.00119743490042,100.0,0.0011974349004191254,0.0011974349004191254
mAP,NeuroSTORM,362,92.5,79.20023248818464,79.19908696387562,0.0011455243090239264,0.0011455243090239264
mAP,NeuroSTORM,363,92.5,95.51769080914266,95.51646884494488,0.0012219641977821993,0.0012219641977821993
mAP,NeuroSTORM,364,92.5,77.54150318726076,77.54037507801954,0.001128109241221864,0.001128109241221864
mAP,NeuroSTORM,365,92.5,86.70720460645816,86.70601117886075,0.0011934275974141428,0.0011934275974141428
mAP,NeuroSTORM,366,92.5,100.00125622881878,100.0,0.0012562288187751847,0.0012562288187751847
mAP,NeuroSTORM,367,92.5,89.01050339306889,89.00930779964767,0.0011955934212153352,0.0011955934212153352
mAP,NeuroSTORM,368,92.5,85.45792791172777,85.45672021354616,0.001207698181602268,0.001207698181602268
mAP,NeuroSTORM,369,92.5,91.3135670040062,91.31237362609191,0.0011933779142907497,0.0011933779142907497
mAP,NeuroSTORM,370,92.5,100.00125622881878,100.0,0.0012562288187751847,0.0012562288187751847
mAP,NeuroSTORM,371,92.5,81.51108041391188,81.50990651676385,0.0011738971480355076,0.0011738971480355076
mAP,NeuroSTORM,372,92.5,86.1933692776209,86.19214053016393,0.0012287474569774304,0.0012287474569774304
mAP,NeuroSTORM,373,92.5,100.00125622881878,100.0,0.0012562288187751847,0.0012562288187751847
mAP,NeuroSTORM,374,92.5,100.00125622881878,100.0,0.0012562288187751847,0.0012562288187751847
mAP,NeuroSTORM,375,92.5,91.88066962287122,91.8794126542583,0.0012569686129211277,0.0012569686129211277
mAP,NeuroSTORM,376,92.5,85.06691307832976,85.06568378484015,0.001229293489615202,0.001229293489615202
mAP,NeuroSTORM,377,92.5,100.00131502273713,100.0,0.001315022737131244,0.001315022737131244
mAP,NeuroSTORM,378,92.5,100.00131502273713,100.0,0.001315022737131244,0.001315022737131244
mAP,NeuroSTORM,379,92.5,96.57500536045076,96.5736819265734,0.001323433877360003,0.001323433877360003
mAP,NeuroSTORM,380,92.5,87.62684731855103,87.62558590637548,0.0012614121755518681,0.0012614121755518681
mAP,NeuroSTORM,381,92.5,100.00131502273713,100.0,0.001315022737131244,0.001315022737131244
mAP,NeuroSTORM,382,92.5,100.00131502273713,100.0,0.001315022737131244,0.001315022737131244
mAP,NeuroSTORM,383,92.5,100.00136205787182,100.0,0.0013620578718160914,0.0013620578718160914
mAP,NeuroSTORM,384,92.5,100.00136205787182,100.0,0.0013620578718160914,0.0013620578718160914
mAP,NeuroSTORM,385,92.5,100.00136205787182,100.0,0.0013620578718160914,0.0013620578718160914
mAP,NeuroSTORM,386,92.5,100.00136205787182,100.0,0.0013620578718160914,0.0013620578718160914
mAP,NeuroSTORM,387,92.5,100.00140909300649,100.0,0.001409093006486728,0.001409093006486728
mAP,NeuroSTORM,388,92.5,100.00142085179016,100.0,0.0014208517901579398,0.0014208517901579398
mAP,NeuroSTORM,389,92.5,100.00142085179016,100.0,0.0014208517901579398,0.0014208517901579398
mAP,NeuroSTORM,390,92.5,100.00146788692484,100.0,0.0014678869248427873,0.0014678869248427873
mAP,NeuroSTORM,391,92.5,80.5486710056091,80.54728929875674,0.0013817068523565013,0.0013817068523565013
mAP,NeuroSTORM,392,92.5,81.96865584227723,81.9672714973299,0.0013843449473256442,0.0013843449473256442
mAP,NeuroSTORM,393,92.5,81.45606106511721,81.45466792845846,0.0013931366587485172,0.0013931366587485172
mAP,NeuroSTORM,394,92.5,80.82501418065154,80.82360210833166,0.0014120723198800533,0.0014120723198800533
mAP,NeuroSTORM,395,92.5,80.10421250042829,80.10280285197445,0.00140964845384417,0.00140964845384417
mAP,NeuroSTORM,396,92.5,80.44658124578108,80.44516857913878,0.001412666642295335,0.001412666642295335
mAP,NeuroSTORM,397,92.5,81.34869161142109,81.34726189616188,0.0014297152592064322,0.0014297152592064322
mAP,NeuroSTORM,398,92.5,82.47555348874886,82.47414256884116,0.0014109199076983714,0.0014109199076983714
mAP,NeuroSTORM,399,92.5,80.51647545591904,80.51504311239674,0.0014323435222962644,0.0014323435222962644
mAP,NeuroSTORM,400,92.5,81.3589217532145,81.35749604575102,0.001425707463482695,0.001425707463482695
mAP,SwiFT,1,90.1,92.02163392151421,92.02162880522431,5.116289898410287e-06,5.116289898410287e-06
mAP,SwiFT,2,90.1,90.46927457767445,90.46923460496853,3.997270592037694e-05,3.997270592037694e-05
mAP,SwiFT,3,90.1,89.7606667561176,89.76061584245278,5.091366482190551e-05,5.091366482190551e-05
mAP,SwiFT,4,90.1,86.20238826469624,86.20235090966253,3.7355033711605756e-05,3.7355033711605756e-05
mAP,SwiFT,5,90.1,90.7984264501815,90.79836022882048,6.622136100986609e-05,6.622136100986609e-05
mAP,SwiFT,6,90.1,87.82973337200332,87.82970806895221,2.5303051103264806e-05,2.5303051103264806e-05
mAP,SwiFT,7,90.1,83.53025171069024,83.53023488506433,1.682562590588077e-05,1.682562590588077e-05
mAP,SwiFT,8,90.1,93.68383206362091,93.68377666154119,5.540207972387634e-05,5.540207972387634e-05
mAP,SwiFT,9,90.1,92.97522424206406,92.97515745952612,6.678253794234479e-05,6.678253794234479e-05
mAP,SwiFT,10,90.1,90.25504129798004,90.25498293055324,5.8367426802874434e-05,5.8367426802874434e-05
mAP,SwiFT,11,90.1,90.78729088204545,90.7872240646171,6.681742834757642e-05,6.681742834757642e-05
mAP,SwiFT,12,90.1,93.32302554547265,93.32295403814668,7.150732596983289e-05,7.150732596983289e-05
mAP,SwiFT,13,90.1,90.77310978893873,90.77301897033425,9.081860447679446e-05,9.081860447679446e-05
mAP,SwiFT,14,90.1,92.8121416713367,92.81205266428394,8.90070527646003e-05,8.90070527646003e-05
mAP,SwiFT,15,90.1,89.2076276425226,89.20755339737845,7.42451441482217e-05,7.42451441482217e-05
mAP,SwiFT,16,90.1,94.03602527273047,94.03595121572184,7.40570086321668e-05,7.40570086321668e-05
mAP,SwiFT,17,90.1,91.06242290236983,91.06235717779805,6.572457178322111e-05,6.572457178322111e-05
mAP,SwiFT,18,90.1,90.68223790873243,90.68215583081762,8.207791481140703e-05,8.207791481140703e-05
mAP,SwiFT,19,90.1,86.2898736152054,86.2898167338639,5.688134149295365e-05,5.688134149295365e-05
mAP,SwiFT,20,90.1,90.96096811686002,90.96086756290512,0.00010055395489416696,0.00010055395489416696
mAP,SwiFT,21,90.1,87.60421165998515,87.60413524751664,7.641246851619599e-05,7.641246851619599e-05
mAP,SwiFT,22,90.1,88.18521904054064,88.18515182041452,6.722012612669914e-05,6.722012612669914e-05
mAP,SwiFT,23,90.1,87.65395131491174,87.65387311505162,7.81998601127043e-05,7.81998601127043e-05
mAP,SwiFT,24,90.1,86.9014009187779,86.90129520430231,0.0001057144755804984,0.0001057144755804984
mAP,SwiFT,25,90.1,96.47442072493256,96.47431420905087,0.00010651588168286708,0.00010651588168286708
mAP,SwiFT,26,90.1,94.09413130223868,94.0940171859652,0.00011411627347968079,0.00011411627347968079
mAP,SwiFT,27,90.1,95.86123543286251,95.86110250643277,0.00013292642974249702,0.00013292642974249702
mAP,SwiFT,28,90.1,86.43141997364008,86.4313149413333,0.00010503230677727515,0.00010503230677727515
mAP,SwiFT,29,90.1,90.31385873390032,90.31376124973268,9.748416763954992e-05,9.748416763954992e-05
mAP,SwiFT,30,90.1,86.2195913652063,86.21947712438771,0.00011424081858990576,0.00011424081858990576
mAP,SwiFT,31,90.1,88.01300577429308,88.0129153684088,9.040588427922103e-05,9.040588427922103e-05
mAP,SwiFT,32,90.1,87.345741836122,87.34561904975027,0.00012278637173324114,0.00012278637173324114
mAP,SwiFT,33,90.1,93.81888757346942,93.81875201932468,0.00013555414474808458,0.00013555414474808458
mAP,SwiFT,34,90.1,88.9114356406442,88.91131096569471,0.00012467494948964486,0.00012467494948964486
mAP,SwiFT,35,90.1,93.30528154091374,93.30513800108204,0.00014353983169712592,0.00014353983169712592
mAP,SwiFT,36,90.1,91.91247713270016,91.91236266876555,0.00011446393460801119,0.00011446393460801119
mAP,SwiFT,37,90.1,97.01104457652343,97.01091625631436,0.0001283202090718305,0.0001283202090718305
mAP,SwiFT,38,90.1,85.66175466787371,85.66166733058083,8.733729288223913e-05,8.733729288223913e-05
mAP,SwiFT,39,90.1,93.87784023540192,93.8776997193604,0.0001405160415259843,0.0001405160415259843
mAP,SwiFT,40,90.1,93.53945771771346,93.53932261120218,0.00013510651128001427,0.00013510651128001427
mAP,SwiFT,41,90.1,87.1800017802851,87.17986348591889,0.0001382943662093794,0.0001382943662093794
mAP,SwiFT,42,90.1,93.12152702849349,93.12140000941947,0.0001270190740143562,0.0001270190740143562
mAP,SwiFT,43,90.1,91.10856436949321,91.10843488907868,0.00012948041452887082,0.00012948041452887082
mAP,SwiFT,44,90.1,89.41769831279761,89.41757122013978,0.00012709265783428236,0.00012709265783428236
mAP,SwiFT,45,90.1,87.62832892529353,87.628193539084,0.0001353862095356817,0.0001353862095356817
mAP,SwiFT,46,90.1,87.94279995638784,87.94267164565244,0.00012831073540553461,0.00012831073540553461
mAP,SwiFT,47,90.1,96.24962805750197,96.24943628735777,0.00019177014419824445,0.00019177014419824445
mAP,SwiFT,48,90.1,90.10222414539712,90.10204845687244,0.00017568852467775287,0.00017568852467775287
mAP,SwiFT,49,90.1,92.44653756945084,92.44639000459438,0.00014756485646216788,0.00014756485646216788
mAP,SwiFT,50,90.1,87.72744959224472,87.72730185499734,0.00014773724738859073,0.00014773724738859073
mAP,SwiFT,51,90.1,87.76062700037129,87.76044116133508,0.0001858390362059481,0.0001858390362059481
mAP,SwiFT,52,90.1,93.34614331416903,93.34595442774982,0.0001888864192096662,0.0001888864192096662
mAP,SwiFT,53,90.1,86.05144075871692,86.0512713653454,0.00016939337152166445,0.00016939337152166445
mAP,SwiFT,54,90.1,88.8545466452459,88.85435869628418,0.00018794896172380504,0.00018794896172380504
mAP,SwiFT,55,90.1,90.2022913944338,90.20208223321669,0.00020916121711422875,0.00020916121711422875
mAP,SwiFT,56,90.1,90.43430395503813,90.43411780552015,0.0001861495179866779,0.0001861495179866779
mAP,SwiFT,57,90.1,89.56294280869669,89.56272014495153,0.00022266374516277665,0.00022266374516277665
mAP,SwiFT,58,90.1,91.28767416236357,91.28745934328776,0.0002148190758077817,0.0002148190758077817
mAP,SwiFT,59,90.1,92.17876654770426,92.17856726745343,0.00019928025082549539,0.00019928025082549539
mAP,SwiFT,60,90.1,92.30412694041637,92.30391263637799,0.00021430403837996437,0.00021430403837996437
mAP,SwiFT,61,90.1,87.14279698875136,87.14258857399652,0.0002084147548373494,0.0002084147548373494
mAP,SwiFT,62,90.1,89.24773685362297,89.2475347062136,0.00020214740936808084,0.00020214740936808084
mAP,SwiFT,63,90.1,93.68452583185748,93.68428858563081,0.00023724622667486983,0.00023724622667486983
mAP,SwiFT,64,90.1,92.78416752498438,92.78394156272161,0.00022596226277471487,0.00022596226277471487
mAP,SwiFT,65,90.1,85.98164061884833,85.98142164555681,0.00021897329152409384,0.00021897329152409384
mAP,SwiFT,66,90.1,91.15464704269823,91.1544397010566,0.00020734164162661273,0.00020734164162661273
mAP,SwiFT,67,90.1,84.16553175727732,84.16532425187556,0.00020750540176095456,0.00020750540176095456
mAP,SwiFT,68,90.1,90.24101306906104,90.24080470618111,0.00020836287993120095,0.00020836287993120095
mAP,SwiFT,69,90.1,95.79352835648727,95.79330105023793,0.0002273062493429734,0.0002273062493429734
mAP,SwiFT,70,90.1,87.25654558258877,87.25632184819304,0.00022373439573186715,0.00022373439573186715
mAP,SwiFT,71,90.1,87.59727397761951,87.59703086352525,0.00024311409426047703,0.00024311409426047703
mAP,SwiFT,72,90.1,92.3923060591621,92.39208934471857,0.0002167144435247792,0.0002167144435247792
mAP,SwiFT,73,90.1,85.47181503524273,85.47159545437106,0.00021958087167206486,0.00021958087167206486
mAP,SwiFT,74,90.1,88.20194591031205,88.20173491034488,0.00021099996716600344,0.00021099996716600344
mAP,SwiFT,75,90.1,91.88957102210986,91.88932341274526,0.00024760936460666017,0.00024760936460666017
mAP,SwiFT,76,90.1,88.19735998468052,88.19714245693179,0.00021752774873107228,0.00021752774873107228
mAP,SwiFT,77,90.1,89.39230521946098,89.39209003836707,0.00021518109390683549,0.00021518109390683549
mAP,SwiFT,78,90.1,92.33279485500526,92.3325571309451,0.00023772406015609704,0.00023772406015609704
mAP,SwiFT,79,90.1,91.36487057716097,91.36463825060967,0.00023232655129845625,0.00023232655129845625
mAP,SwiFT,80,90.1,90.90066907419724,90.9004551888862,0.00021388531104094,0.00021388531104094
mAP,SwiFT,81,90.1,89.08284343021033,89.08263316218988,0.0002102680204529861,0.0002102680204529861
mAP,SwiFT,82,90.1,91.21041895364782,91.21018334580685,0.00023560784096332554,0.00023560784096332554
mAP,SwiFT,83,90.1,89.72907090439473,89.72880195970072,0.0002689446940138396,0.0002689446940138396
mAP,SwiFT,84,90.1,91.47366284368123,91.47341682977735,0.00024601390387601896,0.00024601390387601896
mAP,SwiFT,85,90.1,88.60947007598355,88.60920392464605,0.00026615133749885445,0.00026615133749885445
mAP,SwiFT,86,90.1,89.55255980271556,89.55229307686137,0.000266725854189076,0.000266725854189076
mAP,SwiFT,87,90.1,87.13039147197888,87.13012662234395,0.0002648496349308971,0.0002648496349308971
mAP,SwiFT,88,90.1,89.99524273156212,89.99497716998128,0.0002655615808322409,0.0002655615808322409
mAP,SwiFT,89,90.1,87.66728577559418,87.66699740911346,0.00028836648071717264,0.00028836648071717264
mAP,SwiFT,90,90.1,86.75814365731914,86.75786064951401,0.00028300780512324764,0.00028300780512324764
mAP,SwiFT,91,90.1,90.87625783929711,90.87598344356616,0.00027439573095477954,0.00027439573095477954
mAP,SwiFT,92,90.1,90.73849192981253,90.73821932757298,0.0002726022395478367,0.0002726022395478367
mAP,SwiFT,93,90.1,92.44888932618495,92.44862120484571,0.0002681213392463633,0.0002681213392463633
mAP,SwiFT,94,90.1,88.80692357138004,88.8066232912747,0.0003002801053355597,0.0003002801053355597
mAP,SwiFT,95,90.1,91.32443212011782,91.32415854051027,0.0002735796075512553,0.0002735796075512553
mAP,SwiFT,96,90.1,91.75268702140056,91.75239271682098,0.0002943045795831267,0.0002943045795831267
mAP,SwiFT,97,90.1,91.43461192311122,91.43432142349478,0.00029049961644034283,0.00029049961644034283
mAP,SwiFT,98,90.1,87.62331968344985,87.62303895159357,0.00028073185627874864,0.00028073185627874864
mAP,SwiFT,99,90.1,90.54837591542649,90.54809044681356,0.0002854686129296624,0.0002854686129296624
mAP,SwiFT,100,90.1,91.19269846665625,91.19242088816398,0.00027757849227327824,0.00027757849227327824
mAP,SwiFT,101,90.1,90.12183779655965,90.12153540072381,0.0003023958358312484,0.0003023958358312484
mAP,SwiFT,102,90.1,83.8408482225651,83.84056702488674,0.0002811976783618775,0.0002811976783618775
mAP,SwiFT,103,90.1,90.58178261983463,90.58146887192044,0.0003137479141912536,0.0003137479141912536
mAP,SwiFT,104,90.1,96.73788803185572,96.73759311819173,0.0002949136639927019,0.0002949136639927019
mAP,SwiFT,105,90.1,89.02019263081345,89.01988219372905,0.00031043708440847695,0.00031043708440847695
mAP,SwiFT,106,90.1,87.91604284414542,87.91576870643404,0.00027413771138640186,0.00027413771138640186
mAP,SwiFT,107,90.1,91.2203433670658,91.22004567913419,0.0002976879316065606,0.0002976879316065606
mAP,SwiFT,108,90.1,91.03743548706983,91.03713463139971,0.0003008556701189491,0.0003008556701189491
mAP,SwiFT,109,90.1,93.67851709340181,93.67820549624923,0.00031159715257444986,0.00031159715257444986
mAP,SwiFT,110,90.1,86.326690366878,86.32639553227332,0.00029483460467361056,0.00029483460467361056
mAP,SwiFT,111,90.1,92.29443770267181,92.29414075772497,0.0002969449468395169,0.0002969449468395169
mAP,SwiFT,112,90.1,91.87157420370202,91.87126618375439,0.00030801994763862695,0.00030801994763862695
mAP,SwiFT,113,90.1,89.673875173845,89.67356038917836,0.0003147846666422538,0.0003147846666422538
mAP,SwiFT,114,90.1,91.11638396063414,91.11606195376507,0.00032200686906946885,0.00032200686906946885
mAP,SwiFT,115,90.1,93.18870495960354,93.18837244479506,0.000332514808476958,0.000332514808476958
mAP,SwiFT,116,90.1,92.71726004589874,92.71694614008534,0.00031390581339962864,0.00031390581339962864
mAP,SwiFT,117,90.1,86.67125212538535,86.67094206377881,0.0003100616065410122,0.0003100616065410122
mAP,SwiFT,118,90.1,92.56082118794527,92.56047456026644,0.0003466276788230971,0.0003466276788230971
mAP,SwiFT,119,90.1,89.90627577431046,89.90593418490243,0.00034158940802342386,0.00034158940802342386
mAP,SwiFT,120,90.1,90.31896204601335,90.31862229404653,0.00033975196681979014,0.00033975196681979014
mAP,SwiFT,121,90.1,90.31992626627434,90.31959097300508,0.0003352932692592958,0.0003352932692592958
mAP,SwiFT,122,90.1,89.64961680313259,89.64927103360522,0.000345769527370976,0.000345769527370976
mAP,SwiFT,123,90.1,93.67547156843112,93.67512249132119,0.00034907710993081764,0.00034907710993081764
mAP,SwiFT,124,90.1,89.84916924141426,89.84884612045236,0.00032312096189457407,0.00032312096189457407
mAP,SwiFT,125,90.1,86.74168723957216,86.74136161485049,0.00032562472166830503,0.00032562472166830503
mAP,SwiFT,126,90.1,88.91976085948298,88.91941043209081,0.0003504273921635104,0.0003504273921635104
mAP,SwiFT,127,90.1,90.63644332572734,90.63608415043142,0.0003591752959266614,0.0003591752959266614
mAP,SwiFT,128,90.1,93.78800312815864,93.78764435289115,0.0003587752674860667,0.0003587752674860667
mAP,SwiFT,129,90.1,91.90964326583556,91.9092840548465,0.00035921098906044335,0.00035921098906044335
mAP,SwiFT,130,90.1,87.548745477411,87.54839416375886,0.00035131365214624566,0.00035131365214624566
mAP,SwiFT,131,90.1,97.55597012938573,97.55556975003667,0.0004003793490596763,0.0004003793490596763
mAP,SwiFT,132,90.1,90.89469561209259,90.89432593293394,0.0003696791586520476,0.0003696791586520476
mAP,SwiFT,133,90.1,93.92658039371649,93.92617221399703,0.00040817971945728004,0.00040817971945728004
mAP,SwiFT,134,90.1,89.64520725925611,89.6448566992683,0.00035055998780819664,0.00035055998780819664
mAP,SwiFT,135,90.1,91.70047802190317,91.70007773411635,0.0004002877868174437,0.0004002877868174437
mAP,SwiFT,136,90.1,92.61879199144126,92.6184055135552,0.00038647788605317146,0.00038647788605317146
mAP,SwiFT,137,90.1,93.75496094604429,93.75458413526276,0.00037681078153184444,0.00037681078153184444
mAP,SwiFT,138,90.1,93.27251569021566,93.27210491613467,0.00041077408098999513,0.00041077408098999513
mAP,SwiFT,139,90.1,92.71698959387432,92.71659100021893,0.00039859365539030023,0.00039859365539030023
mAP,SwiFT,140,90.1,89.15514819100076,89.15473980641767,0.00040838458309622183,0.00040838458309622183
mAP,SwiFT,141,90.1,88.38515951868345,88.38476187413181,0.00039764455164004175,0.00039764455164004175
mAP,SwiFT,142,90.1,91.0982166398631,91.09782253097259,0.00039410889050373044,0.00039410889050373044
mAP,SwiFT,143,90.1,92.89977988603358,92.8993842170232,0.0003956690103876781,0.0003956690103876781
mAP,SwiFT,144,90.1,89.43224392819813,89.43183789767018,0.00040603052795518124,0.00040603052795518124
mAP,SwiFT,145,90.1,93.29592154911195,93.29551589714315,0.00040565196880493204,0.00040565196880493204
mAP,SwiFT,146,90.1,94.45825379738204,94.45785023645853,0.0004035609235160109,0.0004035609235160109
mAP,SwiFT,147,90.1,87.35144484620223,87.35103724277974,0.00040760342248802317,0.00040760342248802317
mAP,SwiFT,148,90.1,87.58964252701729,87.58923788861115,0.00040463840613824686,0.00040463840613824686
mAP,SwiFT,149,90.1,89.67929009372531,89.67887482328399,0.00041527044132294577,0.00041527044132294577
mAP,SwiFT,150,90.1,91.0232543939631,91.02283800456759,0.0004163893955109188,0.0004163893955109188
mAP,SwiFT,151,90.1,88.52668235955079,88.52629895869885,0.0003834008519447707,0.0003834008519447707
mAP,SwiFT,152,90.1,94.15701727730897,94.15660803660143,0.00040924070754044806,0.00040924070754044806
mAP,SwiFT,153,90.1,91.37259609803255,91.37220058455534,0.000395513477201348,0.000395513477201348
mAP,SwiFT,154,90.1,90.21874193278894,90.21834114472222,0.00040078806672738665,0.00040078806672738665
mAP,SwiFT,155,90.1,85.79266520647833,85.79227142839441,0.00039377808391805047,0.00039377808391805047
mAP,SwiFT,156,90.1,86.15293082057775,86.15255255071747,0.00037826986027766907,0.00037826986027766907
mAP,SwiFT,157,90.1,90.94343577040716,90.94302775084542,0.0004080195617461868,0.0004080195617461868
mAP,SwiFT,158,90.1,83.70260020295002,83.7022131215355,0.0003870814145301438,0.0003870814145301438
mAP,SwiFT,159,90.1,93.13833033035876,93.13791222893221,0.00041810142654696847,0.00041810142654696847
mAP,SwiFT,160,90.1,89.62595813038736,89.62553846688303,0.0004196635043314245,0.0004196635043314245
mAP,SwiFT,161,90.1,99.82970733384859,99.82927890878419,0.0004284250643991072,0.0004284250643991072
mAP,SwiFT,162,90.1,97.02420265545081,97.02374875184833,0.0004539036024766574,0.0004539036024766574
mAP,SwiFT,163,90.1,89.5560639202494,89.55565279225745,0.0004111279919527533,0.0004111279919527533
mAP,SwiFT,164,90.1,89.78139749172884,89.78098899240605,0.0004084993227877476,0.0004084993227877476
mAP,SwiFT,165,90.1,93.08717962139171,93.08674454200609,0.0004350793856247037,0.0004350793856247037
mAP,SwiFT,166,90.1,95.20995168169976,95.2095178297541,0.000433851945658148,0.000433851945658148
mAP,SwiFT,167,90.1,85.18630000893722,85.18591282769194,0.00038718124528713815,0.00038718124528713815
mAP,SwiFT,168,90.1,84.74128296153206,84.74087360393594,0.00040935759612636957,0.00040935759612636957
mAP,SwiFT,169,90.1,88.23432960054085,88.23389558333685,0.0004340172040002699,0.0004340172040002699
mAP,SwiFT,170,90.1,91.84865045493622,91.8482127495216,0.00043770541462606616,0.00043770541462606616
mAP,SwiFT,171,90.1,91.5910507810647,91.59062077152278,0.0004300095419154104,0.0004300095419154104
mAP,SwiFT,172,90.1,93.3097733962759,93.30931436495155,0.00045903132435398675,0.00045903132435398675
mAP,SwiFT,173,90.1,86.50133182195354,86.50090741490408,0.0004244070494650032,0.0004244070494650032
mAP,SwiFT,174,90.1,83.1520069163585,83.15156841109336,0.00043850526513722343,0.00043850526513722343
mAP,SwiFT,175,90.1,92.67452862603983,92.67404258590643,0.0004860401333957043,0.0004860401333957043
mAP,SwiFT,176,90.1,87.6158646146027,87.61541118110429,0.0004534334984072075,0.0004534334984072075
mAP,SwiFT,177,90.1,84.0449689483028,84.04453640683408,0.00043254146871163357,0.00043254146871163357
mAP,SwiFT,178,90.1,90.53564115271124,90.53519123787814,0.0004499148330978642,0.0004499148330978642
mAP,SwiFT,179,90.1,92.48000306777733,92.47952706465603,0.00047600312130668954,0.00047600312130668954
mAP,SwiFT,180,90.1,89.73429180434448,89.73382860363617,0.00046320070831029625,0.00046320070831029625
mAP,SwiFT,181,90.1,88.72689328971802,88.72645484145252,0.00043844826549843674,0.00043844826549843674
mAP,SwiFT,182,90.1,89.62239521893518,89.62191330356228,0.00048191537290165343,0.00048191537290165343
mAP,SwiFT,183,90.1,88.9887143669273,88.98825171279765,0.000462654129648854,0.000462654129648854
mAP,SwiFT,184,90.1,86.05629713637288,86.0558586641795,0.00043847219338033483,0.00043847219338033483
mAP,SwiFT,185,90.1,87.95642250727022,87.9559579690287,0.00046453824151626577,0.00046453824151626577
mAP,SwiFT,186,90.1,91.66429624454878,91.66383971504143,0.0004565295073462039,0.0004565295073462039
mAP,SwiFT,187,90.1,91.06550370369152,91.0650356241295,0.00046807956202599144,0.00046807956202599144
mAP,SwiFT,188,90.1,90.60468873042493,90.60417941790045,0.0005093125244712837,0.0005093125244712837
mAP,SwiFT,189,90.1,87.11504037989694,87.11455455443985,0.0004858254570905274,0.0004858254570905274
mAP,SwiFT,190,90.1,89.55596984998003,89.55549051359299,0.000479336387044782,0.000479336387044782
mAP,SwiFT,191,90.1,83.56928499308475,83.56880486067143,0.0004801324133154594,0.0004801324133154594
mAP,SwiFT,192,90.1,90.635920059854,90.63542999165617,0.0004900681978341481,0.0004900681978341481
mAP,SwiFT,193,90.1,94.38706612104032,94.3865731234407,0.0004929975996219582,0.0004929975996219582
mAP,SwiFT,194,90.1,85.67811113595948,85.67760360387368,0.0005075320858054511,0.0005075320858054511
mAP,SwiFT,195,90.1,88.34269855084897,88.34221698004673,0.00048157080223631965,0.00048157080223631965
mAP,SwiFT,196,90.1,91.08783363388196,91.08732033613039,0.0005132977515671655,0.0005132977515671655
mAP,SwiFT,197,90.1,93.85903206092081,93.85852790328245,0.0005041576383604252,0.0005041576383604252
mAP,SwiFT,198,90.1,88.75583165633134,88.75532615109955,0.0005055052317857189,0.0005055052317857189
mAP,SwiFT,199,90.1,88.02377682013534,88.0232490122023,0.0005278079330395258,0.0005278079330395258
mAP,SwiFT,200,90.1,84.19371756173571,84.19323057275174,0.00048698898396537516,0.00048698898396537516
mAP,SwiFT,201,90.1,90.41082166404797,90.41031438792432,0.0005072761236561973,0.0005072761236561973
mAP,SwiFT,202,90.1,96.22678074083002,96.22622812043123,0.0005526203987926692,0.0005526203987926692
mAP,SwiFT,203,90.1,90.9326294482139,90.93207538589402,0.0005540623198783123,0.0005540623198783123
mAP,SwiFT,204,90.1,90.03371747173227,90.03316306244885,0.0005544092834242065,0.0005544092834242065
mAP,SwiFT,205,90.1,91.06679716989528,91.06624693230096,0.0005502375943251536,0.0005502375943251536
mAP,SwiFT,206,90.1,90.06727704032812,90.0667239881542,0.0005530521739274263,0.0005530521739274263
mAP,SwiFT,207,90.1,87.66152397159559,87.6609568832196,0.0005670883759876233,0.0005670883759876233
mAP,SwiFT,208,90.1,92.57041635542046,92.56983974703311,0.0005766083873481875,0.0005766083873481875
mAP,SwiFT,209,90.1,90.77784857875797,90.77728456933525,0.0005640094227175041,0.0005640094227175041
mAP,SwiFT,210,90.1,90.15337485436416,90.15283975580097,0.0005350985631906724,0.0005350985631906724
mAP,SwiFT,211,90.1,87.17445163439257,87.17390191816524,0.0005497162273258027,0.0005497162273258027
mAP,SwiFT,212,90.1,94.01112016891616,94.01052379580427,0.0005963731118896476,0.0005963731118896476
mAP,SwiFT,213,90.1,92.09469124445957,92.09410823599933,0.0005830084602393981,0.0005830084602393981
mAP,SwiFT,214,90.1,88.44180157962467,88.44123748789809,0.0005640917265736789,0.0005640917265736789
mAP,SwiFT,215,90.1,93.10607598675034,93.10547456104581,0.0006014257045308113,0.0006014257045308113
mAP,SwiFT,216,90.1,88.60787088140435,88.60728748484438,0.0005833965599748581,0.0005833965599748581
mAP,SwiFT,217,90.1,87.75455946799727,87.75398952246688,0.0005699455303869172,0.0005699455303869172
mAP,SwiFT,218,90.1,87.8214669470829,87.82089064755914,0.0005762995237574842,0.0005762995237574842
mAP,SwiFT,219,90.1,84.78737151412892,84.78679434073572,0.0005771733931965173,0.0005771733931965173
mAP,SwiFT,220,90.1,91.51524190274043,91.5146271412546,0.0006147614858207362,0.0006147614858207362
mAP,SwiFT,221,90.1,84.60715639559352,84.60656536498495,0.0005910306085752381,0.0005910306085752381
mAP,SwiFT,222,90.1,86.41527516366037,86.4146685062027,0.0006066574576664152,0.0006066574576664152
mAP,SwiFT,223,90.1,83.87383161076109,83.87323597276439,0.0005956379966960412,0.0005956379966960412
mAP,SwiFT,224,90.1,89.84239030262817,89.84179092162732,0.0005993810008533274,0.0005993810008533274
mAP,SwiFT,225,90.1,89.64967559705093,89.64903861918438,0.0006369778665487047,0.0006369778665487047
mAP,SwiFT,226,90.1,89.12053033187456,89.11991136044091,0.0006189714336528596,0.0006189714336528596
mAP,SwiFT,227,90.1,86.97289432349505,86.97226691598827,0.0006274075067835838,0.0006274075067835838
mAP,SwiFT,228,90.1,86.5839020008884,86.58329873969008,0.0006032611983215475,0.0006032611983215475
mAP,SwiFT,229,90.1,91.49375860497426,91.49310959063972,0.0006490143345416755,0.0006490143345416755
mAP,SwiFT,230,90.1,88.4489861964474,88.44834420487453,0.0006419915728628212,0.0006419915728628212
mAP,SwiFT,231,90.1,91.04972341600559,91.04907496460842,0.0006484513971685146,0.0006484513971685146
mAP,SwiFT,232,90.1,87.44490365881605,87.44425394162732,0.0006497171887218656,0.0006497171887218656
mAP,SwiFT,233,90.1,90.64385723883164,90.64318822831324,0.0006690105184077311,0.0006690105184077311
mAP,SwiFT,234,90.1,94.01047931520613,94.00983411194818,0.0006452032579460365,0.0006452032579460365
mAP,SwiFT,235,90.1,91.85915104875406,91.85849740117834,0.0006536475757172866,0.0006536475757172866
mAP,SwiFT,236,90.1,88.86338925056619,88.86275854535056,0.0006307052156273585,0.0006307052156273585
mAP,SwiFT,237,90.1,90.87227161163278,90.87159691106778,0.0006747005649998528,0.0006747005649998528
mAP,SwiFT,238,90.1,89.37864739222759,89.37800447640936,0.0006429158182328365,0.0006429158182328365
mAP,SwiFT,239,90.1,90.12428362356313,90.12364055408418,0.0006430694789543168,0.0006430694789543168
mAP,SwiFT,240,90.1,89.12382279130233,89.12316684355449,0.0006559477478447207,0.0006559477478447207
mAP,SwiFT,241,90.1,89.60763794542859,89.60699438234381,0.0006435630847789753,0.0006435630847789753
mAP,SwiFT,242,90.1,90.73692801158434,90.73628005922252,0.0006479523618168059,0.0006479523618168059
mAP,SwiFT,243,90.1,87.12058464639762,87.11992390125414,0.0006607451434774703,0.0006607451434774703
mAP,SwiFT,244,90.1,87.05301867542643,87.05236351903005,0.0006551563963768103,0.0006551563963768103
mAP,SwiFT,245,90.1,85.93504055916179,85.93437233850636,0.0006682206554273762,0.0006682206554273762
mAP,SwiFT,246,90.1,85.29983106527673,85.29918668648887,0.0006443787878680496,0.0006443787878680496
mAP,SwiFT,247,90.1,86.44879357651337,86.44815192333856,0.0006416531748101306,0.0006416531748101306
mAP,SwiFT,248,90.1,90.57906634080672,90.57838752041238,0.0006788203943415283,0.0006788203943415283
mAP,SwiFT,249,90.1,87.42230327660118,87.42163745352434,0.0006658230768437079,0.0006658230768437079
mAP,SwiFT,250,90.1,91.64150772179518,91.64084339269328,0.0006643291018946229,0.0006643291018946229
mAP,SwiFT,251,90.1,90.20479601535563,90.20414124625768,0.0006547690979488152,0.0006547690979488152
mAP,SwiFT,252,90.1,84.1951638921272,84.19448735968584,0.0006765324413606777,0.0006765324413606777
mAP,SwiFT,253,90.1,92.06560001365854,92.06492675266506,0.0006732609934800848,0.0006732609934800848
mAP,SwiFT,254,90.1,92.53308221726635,92.53239593677512,0.0006862804912373122,0.0006862804912373122
mAP,SwiFT,255,90.1,87.11910303965513,87.11841197549543,0.0006910641596959977,0.0006910641596959977
mAP,SwiFT,256,90.1,91.36124887179042,91.36057462868497,0.0006742431054505005,0.0006742431054505005
mAP,SwiFT,257,90.1,87.5311719752153,87.5305052877724,0.0006666874429015479,0.0006666874429015479
mAP,SwiFT,258,90.1,90.39371263380727,90.393011130245,0.0007015035622686128,0.0007015035622686128
mAP,SwiFT,259,90.1,86.30717078598482,86.3065047791351,0.0006660068497268412,0.0006660068497268412
mAP,SwiFT,260,90.1,84.72134594381858,84.72068064239626,0.0006653014223161335,0.0006653014223161335
mAP,SwiFT,261,90.1,88.95226213754847,88.95154843116109,0.000713706387386992,0.000713706387386992
mAP,SwiFT,262,90.1,89.72949422060687,89.72881316117548,0.0006810594313861884,0.0006810594313861884
mAP,SwiFT,263,90.1,88.90766107108594,88.90696091915618,0.0007001519297631376,0.0007001519297631376
mAP,SwiFT,264,90.1,86.54863152926848,86.54790832533232,0.0007232039361610987,0.0007232039361610987
mAP,SwiFT,265,90.1,88.90105263466307,88.90030281360659,0.0007498210564875762,0.0007498210564875762
mAP,SwiFT,266,90.1,90.9086062531749,90.9078842577422,0.0007219954326984634,0.0007219954326984634
mAP,SwiFT,267,90.1,89.96603391292439,89.96532090963238,0.0007130032920059648,0.0007130032920059648
mAP,SwiFT,268,90.1,90.6482315063571,90.64750309179763,0.0007284145594752545,0.0007284145594752545
mAP,SwiFT,269,90.1,88.09037857084553,88.0896543986373,0.0007241722082369506,0.0007241722082369506
mAP,SwiFT,270,90.1,93.61590157035594,93.61515374414847,0.0007478262074727127,0.0007478262074727127
mAP,SwiFT,271,90.1,86.5721902523525,86.57147999033565,0.0007102620168524254,0.0007102620168524254
mAP,SwiFT,272,90.1,91.56344115700615,91.56268089126014,0.0007602657460097362,0.0007602657460097362
mAP,SwiFT,273,90.1,93.64643913154845,93.64567327887988,0.0007658526685645484,0.0007658526685645484
mAP,SwiFT,274,90.1,91.54346298354983,91.54272427824668,0.0007387053031493451,0.0007387053031493451
mAP,SwiFT,275,90.1,89.4931426688281,89.49242731880551,0.0007153500225882681,0.0007153500225882681
mAP,SwiFT,276,90.1,88.51585839918202,88.51510886001105,0.0007495391709682053,0.0007495391709682053
mAP,SwiFT,277,90.1,93.20901237900264,93.20826295313876,0.0007494258638871543,0.0007494258638871543
mAP,SwiFT,278,90.1,85.83183371488506,85.83107522421497,0.0007584906700941474,0.0007584906700941474
mAP,SwiFT,279,90.1,87.19038478626622,87.18962721886106,0.0007575674051594206,0.0007575674051594206
mAP,SwiFT,280,90.1,88.90808438729809,88.90732670352483,0.0007576837732585773,0.0007576837732585773
mAP,SwiFT,281,90.1,93.81371958804621,93.81296127253599,0.0007583155102253158,0.0007583155102253158
mAP,SwiFT,282,90.1,91.24009224424054,91.23930290812268,0.0007893361178616942,0.0007893361178616942
mAP,SwiFT,283,90.1,87.1966287003953,87.19586272446927,0.0007659759260292276,0.0007659759260292276
mAP,SwiFT,284,90.1,89.169846670589,89.16907688384528,0.0007697867437173045,0.0007697867437173045
mAP,SwiFT,285,90.1,88.257811891531,88.25703056771111,0.0007813238198934869,0.0007813238198934869
mAP,SwiFT,286,90.1,87.97139143888288,87.97063302329938,0.0007584155834905459,0.0007584155834905459
mAP,SwiFT,287,90.1,93.0374517252488,93.03666867567033,0.0007830495784730829,0.0007830495784730829
mAP,SwiFT,288,90.1,85.98553277624329,85.98477061220947,0.0007621640338157931,0.0007621640338157931
mAP,SwiFT,289,90.1,94.927158813814,94.92634256720311,0.0008162466108956323,0.0008162466108956323
mAP,SwiFT,290,90.1,92.58550287486983,92.58468907055386,0.000813804315967559,0.000813804315967559
mAP,SwiFT,291,90.1,93.37338841593377,93.37258501181108,0.0008034041226920863,0.0008034041226920863
mAP,SwiFT,292,90.1,88.71195963445638,88.71118146392422,0.0007781705321576737,0.0007781705321576737
mAP,SwiFT,293,90.1,89.6509690632547,89.65017784276267,0.0007912204920330623,0.0007912204920330623
mAP,SwiFT,294,90.1,85.8013549476109,85.80054455642586,0.000810391185041226,0.000810391185041226
mAP,SwiFT,295,90.1,88.52681758556301,88.52601277879958,0.0008048067634263134,0.0008048067634263134
mAP,SwiFT,296,90.1,91.58178485953228,91.58096454292945,0.0008203166028266651,0.0008203166028266651
mAP,SwiFT,297,90.1,93.9890195350073,93.98818918534418,0.0008303496631185681,0.0008303496631185681
mAP,SwiFT,298,90.1,86.77933298549354,86.77852954959263,0.0008034359009059244,0.0008034359009059244
mAP,SwiFT,299,90.1,89.00425947893982,89.00348218904419,0.0007772898956233121,0.0007772898956233121
mAP,SwiFT,300,90.1,89.64690052410468,89.64610233930243,0.0007981848022495797,0.0007981848022495797
mAP,SwiFT,301,90.1,81.72606625576121,81.72526478684509,0.0008014689161228716,0.0008014689161228716
mAP,SwiFT,302,90.1,93.64894375247029,93.6480954505504,0.0008483019198877173,0.0008483019198877173
mAP,SwiFT,303,90.1,85.75687146898507,85.75605800954435,0.0008134594407209761,0.0008134594407209761
mAP,SwiFT,304,90.1,88.92845060061553,88.92765789293784,0.0007927076776894637,0.0007927076776894637
mAP,SwiFT,305,90.1,87.38910823029912,87.38830376852873,0.0008044617703859558,0.0008044617703859558
mAP,SwiFT,306,90.1,85.36479834505673,85.36396896568195,0.0008293793747782274,0.0008293793747782274
mAP,SwiFT,307,90.1,90.05855202284455,90.05773008711667,0.0008219357278846928,0.0008219357278846928
mAP,SwiFT,308,90.1,88.80717050583712,88.80634252859186,0.0008279772452652878,0.0008279772452652878
mAP,SwiFT,309,90.1,87.86968971891598,87.868852706328,0.0008370125879793022,0.0008370125879793022
mAP,SwiFT,310,90.1,85.73007320099981,85.72923026991793,0.0008429310818769409,0.0008429310818769409
mAP,SwiFT,311,90.1,92.01797693979266,92.01714802469773,0.0008289150949281066,0.0008289150949281066
mAP,SwiFT,312,90.1,100.00089170652498,100.0,0.0008917065249818279,0.0008917065249818279
mAP,SwiFT,313,90.1,90.94020210489775,90.93932339703476,0.0008787078629950429,0.0008787078629950429
mAP,SwiFT,314,90.1,96.07759705240129,96.07670928946676,0.0008877629345249716,0.0008877629345249716
mAP,SwiFT,315,90.1,81.7595317540877,81.75866844907922,0.0008633050084796423,0.0008633050084796423
mAP,SwiFT,316,90.1,91.04745397075718,91.04656863576261,0.0008853349945638911,0.0008853349945638911
mAP,SwiFT,317,90.1,83.51664679798337,83.5157900861736,0.0008567118097744242,0.0008567118097744242
mAP,SwiFT,318,90.1,81.23929964693363,81.23845043480858,0.0008492121250469609,0.0008492121250469609
mAP,SwiFT,319,90.1,85.66464732865667,85.66377155524577,0.0008757734108968407,0.0008757734108968407
mAP,SwiFT,320,90.1,97.25228778230917,97.25139600648143,0.0008917758277391385,0.0008917758277391385
mAP,SwiFT,321,90.1,95.80097166655075,95.80009497201787,0.000876694532877309,0.000876694532877309
mAP,SwiFT,322,90.1,91.55891402529298,91.55802833232639,0.0008856929665910229,0.0008856929665910229
mAP,SwiFT,323,90.1,80.90465642245242,80.9037966406604,0.0008597817920161788,0.0008597817920161788
mAP,SwiFT,324,90.1,88.92317090674744,88.92231609167237,0.0008548150750726791,0.0008548150750726791
mAP,SwiFT,325,90.1,91.91108959622703,91.9102000534104,0.0008895428166226793,0.0008895428166226793
mAP,SwiFT,326,90.1,91.15410613864938,91.15321737747158,0.0008887611778050086,0.0008887611778050086
mAP,SwiFT,327,90.1,79.03809062015094,79.03723849911552,0.0008521210354217601,0.0008521210354217601
mAP,SwiFT,328,90.1,84.75895053399712,84.75809291188077,0.0008576221163565378,0.0008576221163565378
mAP,SwiFT,329,90.1,89.71639493559785,89.7155334151077,0.0008615204901474272,0.0008615204901474272
mAP,SwiFT,330,90.1,93.31861600159618,93.31774545710313,0.0008705444930541262,0.0008705444930541262
mAP,SwiFT,331,90.1,76.92409649185298,76.92323307340031,0.0008634184526670197,0.0008634184526670197
mAP,SwiFT,332,90.1,89.12813826490944,89.12725614712085,0.0008821177885920406,0.0008821177885920406
mAP,SwiFT,333,90.1,90.95918078174208,90.9582926192737,0.0008881624683709788,0.0008881624683709788
mAP,SwiFT,334,90.1,95.19859269667397,95.19767193109728,0.0009207655766942935,0.0009207655766942935
mAP,SwiFT,335,90.1,94.25806638478215,94.25714550542462,0.000920879357536819,0.000920879357536819
mAP,SwiFT,336,90.1,93.59634671311176,93.59542791285283,0.0009188002589297639,0.0009188002589297639
mAP,SwiFT,337,90.1,85.30124211931721,85.30035695978839,0.0008851595288206227,0.0008851595288206227
mAP,SwiFT,338,90.1,78.65285522892702,78.65198717726015,0.0008680516668704286,0.0008680516668704286
mAP,SwiFT,339,90.1,87.74261254378796,87.7416834576316,0.0009290861563613362,0.0009290861563613362
mAP,SwiFT,340,90.1,96.11074506356867,96.10979095125136,0.0009541123173164578,0.0009541123173164578
mAP,SwiFT,341,90.1,98.46166692404528,98.46072716514658,0.0009397588986956862,0.0009397588986956862
mAP,SwiFT,342,90.1,94.36425408071938,94.3632946137867,0.0009594669326702387,0.0009594669326702387
mAP,SwiFT,343,90.1,92.67697445304331,92.6760449368104,0.0009295162329152618,0.0009295162329152618
mAP,SwiFT,344,90.1,92.37878345794093,92.37783789031579,0.0009455676251377554,0.0009455676251377554
mAP,SwiFT,345,90.1,86.76421118969317,86.76328751943531,0.0009236702578618861,0.0009236702578618861
mAP,SwiFT,346,90.1,89.32058251846225,89.31963823867828,0.0009442797839653849,0.0009442797839653849
mAP,SwiFT,347,90.1,100.00098577679435,100.0,0.0009857767943515228,0.0009857767943515228
mAP,SwiFT,348,90.1,84.44561422552701,84.44465196524874,0.0009622602782712875,0.0009622602782712875
mAP,SwiFT,349,90.1,99.78968043423392,99.7886727442591,0.0010076899748128199,0.0010076899748128199
mAP,SwiFT,350,90.1,88.168786140361,88.16783107304764,0.0009550673133560394,0.0009550673133560394
mAP,SwiFT,351,90.1,98.05360185432492,98.05259265457046,0.0010091997544634523,0.0010091997544634523
mAP,SwiFT,352,90.1,81.66004068545087,81.65910994301477,0.0009307424360969208,0.0009307424360969208
mAP,SwiFT,353,90.1,93.61644247440479,93.6154252069879,0.0010172674168984486,0.0010172674168984486
mAP,SwiFT,354,90.1,85.68036882242424,85.67937918431426,0.0009896381099849805,0.0009896381099849805
mAP,SwiFT,355,90.1,81.6093368102633,81.60839684845487,0.0009399618084273698,0.0009399618084273698
mAP,SwiFT,356,90.1,91.41218792265141,91.41120425446567,0.0009836681857393614,0.0009836681857393614
mAP,SwiFT,357,90.1,96.15783899216937,96.15683073157581,0.001008260593565069,0.001008260593565069
mAP,SwiFT,358,90.1,85.03130748137524,85.03035136843901,0.0009561129362225529,0.0009561129362225529
mAP,SwiFT,359,90.1,81.10684870766815,81.10590423724959,0.0009444704185597175,0.0009444704185597175
mAP,SwiFT,360,90.1,89.54993759395703,89.54893141399026,0.0010061799667653304,0.0010061799667653304
mAP,SwiFT,361,90.1,89.5763713396485,89.57538802733691,0.000983312311589657,0.000983312311589657
mAP,SwiFT,362,90.1,93.39092076238661,93.38991776532698,0.0010029970596292515,0.0010029970596292515
mAP,SwiFT,363,90.1,95.79858463346562,95.79756742818692,0.001017205278699862,0.001017205278699862
mAP,SwiFT,364,90.1,89.74452194613788,89.74350891236503,0.0010130337728497807,0.0010130337728497807
mAP,SwiFT,365,90.1,100.00104457071271,100.0,0.001044570712707582,0.001044570712707582
mAP,SwiFT,366,90.1,91.44644125948382,91.44540846721175,0.0010327922720705374,0.0010327922720705374
mAP,SwiFT,367,90.1,88.02244807758056,88.0214409639586,0.0010071136219664822,0.0010071136219664822
mAP,SwiFT,368,90.1,80.43159467599291,80.43059584538302,0.000998830609887591,0.000998830609887591
mAP,SwiFT,369,90.1,88.52506552679608,88.52404287810299,0.0010226486930946521,0.0010226486930946521
mAP,SwiFT,370,90.1,88.08268832632497,88.08167832753318,0.0010099987917868702,0.0010099987917868702
mAP,SwiFT,371,90.1,95.86288166257638,95.86182877768881,0.0010528848875708263,0.0010528848875708263
mAP,SwiFT,372,90.1,92.87596834910065,92.87490174440111,0.0010666046995311262,0.0010666046995311262
mAP,SwiFT,373,90.1,83.0248003946101,83.02378527020429,0.0010151244058107523,0.0010151244058107523
mAP,SwiFT,374,90.1,91.13457479897254,91.13352631846622,0.0010484805063128988,0.0010484805063128988
mAP,SwiFT,375,90.1,94.13025428567471,94.12918703037431,0.0010672553003985286,0.0010672553003985286
mAP,SwiFT,376,90.1,99.26926018654112,99.26818815632699,0.001072030214132269,0.001072030214132269
mAP,SwiFT,377,90.1,95.42610164313247,95.42502380448435,0.0010778386481149482,0.0010778386481149482
mAP,SwiFT,378,90.1,94.666149092678,94.66507992586887,0.0010691668091311612,0.0010691668091311612
mAP,SwiFT,379,90.1,90.4615843331539,90.46051596769098,0.0010683654629133343,0.0010683654629133343
mAP,SwiFT,380,90.1,92.43093366351997,92.42987203254069,0.001061630979279471,0.001061630979279471
mAP,SwiFT,381,90.1,100.00110336463106,100.0,0.0011033646310636414,0.0011033646310636414
mAP,SwiFT,382,90.1,100.00110336463106,100.0,0.0011033646310636414,0.0011033646310636414
mAP,SwiFT,383,90.1,100.00113864098206,100.0,0.001138640982063066,0.001138640982063066
mAP,SwiFT,384,90.1,100.00115039976573,100.0,0.001150399765734278,0.001150399765734278
mAP,SwiFT,385,90.1,100.00115039976573,100.0,0.001150399765734278,0.001150399765734278
mAP,SwiFT,386,90.1,100.00115039976573,100.0,0.001150399765734278,0.001150399765734278
mAP,SwiFT,387,90.1,100.00119743490042,100.0,0.0011974349004191254,0.0011974349004191254
mAP,SwiFT,388,90.1,100.00119743490042,100.0,0.0011974349004191254,0.0011974349004191254
mAP,SwiFT,389,90.1,100.00119743490042,100.0,0.0011974349004191254,0.0011974349004191254
mAP,SwiFT,390,90.1,100.00120919368409,100.0,0.0012091936840903372,0.0012091936840903372
mAP,SwiFT,391,90.1,76.68297087390394,76.68181042719127,0.0011604467126744566,0.0011604467126744566
mAP,SwiFT,392,90.1,78.74116957368497,78.73998245576043,0.0011871179245446228,0.0011871179245446228
mAP,SwiFT,393,90.1,76.62255424340447,76.62140126075131,0.0011529826531528897,0.0011529826531528897
mAP,SwiFT,394,90.1,79.74862688222977,79.74746227609323,0.0011646061365411242,0.0011646061365411242
mAP,SwiFT,395,90.1,76.99399658138277,76.99280625116548,0.0011903302172981967,0.0011903302172981967
mAP,SwiFT,396,90.1,76.71098029660727,76.70980946778104,0.0011708288262326505,0.0011708288262326505
mAP,SwiFT,397,90.1,79.3739097229992,79.37272938865064,0.0011803343485610185,0.0011803343485610185
mAP,SwiFT,398,90.1,78.37978687513684,78.37861387051119,0.001173004625655949,0.001173004625655949
mAP,SwiFT,399,90.1,79.43918273115463,79.43800090134538,0.001181829809254964,0.001181829809254964
mAP,SwiFT,400,90.1,77.27479045604453,77.27358348402312,0.0012069720214071822,0.0012069720214071822
mAP,TFF,1,87.3,93.85231191605307,93.85229020014137,2.1715911699971002e-05,2.1715911699971002e-05
mAP,TFF,2,87.3,89.01156168359924,89.01152162506355,4.005853568855855e-05,4.005853568855855e-05
mAP,TFF,3,87.3,85.55808923103382,85.55805509233815,3.4138695667707e-05,3.4138695667707e-05
mAP,TFF,4,87.3,85.4658650907054,85.4658442578341,2.0832871300058287e-05,2.0832871300058287e-05
mAP,TFF,5,87.3,87.02121116559749,87.02116738015923,4.378543826533132e-05,4.378543826533132e-05
mAP,TFF,6,87.3,86.58153260597878,86.58149423393475,3.837204403112082e-05,3.837204403112082e-05
mAP,TFF,7,87.3,90.65055974552388,90.65050132658986,5.8418934017367974e-05,5.8418934017367974e-05
mAP,TFF,8,87.3,87.85930671293484,87.85924850923213,5.820370270726016e-05,5.820370270726016e-05
mAP,TFF,9,87.3,85.10515264282651,85.10510478327441,4.785955209740678e-05,4.785955209740678e-05
mAP,TFF,10,87.3,92.97139087858744,92.97132205546734,6.882312010247915e-05,6.882312010247915e-05
mAP,TFF,11,87.3,87.44798446013775,87.44792499456067,5.946557708114142e-05,5.946557708114142e-05
mAP,TFF,12,87.3,89.60657965489824,89.60651902790669,6.0626991555068344e-05,6.0626991555068344e-05
mAP,TFF,13,87.3,85.47538382608674,85.47532047766572,6.334842102262428e-05,6.334842102262428e-05
mAP,TFF,14,87.3,88.3894161983722,88.38934688323357,6.93151386315094e-05,6.93151386315094e-05
mAP,TFF,15,87.3,88.23338301845537,88.23332997342958,5.3045025794062894e-05,5.3045025794062894e-05
mAP,TFF,16,87.3,81.63108468066206,81.63105212371154,3.255695051507246e-05,3.255695051507246e-05
mAP,TFF,17,87.3,93.34589637971195,93.34582533138192,7.104833002813393e-05,7.104833002813393e-05
mAP,TFF,18,87.3,91.17200300739601,91.17193338276763,6.962462838089323e-05,6.962462838089323e-05
mAP,TFF,19,87.3,86.10850613587027,86.10841405156204,9.208430823548497e-05,9.208430823548497e-05
mAP,TFF,20,87.3,83.9932773352869,83.99319077863242,8.655665448031868e-05,8.655665448031868e-05
mAP,TFF,21,87.3,88.34275734476732,88.34268484141066,7.250335666242336e-05,7.250335666242336e-05
mAP,TFF,22,87.3,87.56018677392248,87.56009309824319,9.367567929530196e-05,9.367567929530196e-05
mAP,TFF,23,87.3,88.36708626818177,88.36700684568969,7.942249207815166e-05,7.942249207815166e-05
mAP,TFF,24,87.3,87.87485182494736,87.87473218858227,0.00011963636508482978,0.00011963636508482978
mAP,TFF,25,87.3,88.81884697802201,88.81872296791778,0.0001240101042299102,0.0001240101042299102
mAP,TFF,26,87.3,91.64202510827668,91.64191709817541,0.00010801010127181598,0.00010801010127181598
mAP,TFF,27,87.3,89.00441234312753,89.00430961538594,0.00010272774159147957,0.00010272774159147957
mAP,TFF,28,87.3,84.15113900606453,84.15103350327017,0.00010550279435506127,0.00010550279435506127
mAP,TFF,29,87.3,91.38783548166963,91.38768855813736,0.0001469235322701934,0.0001469235322701934
mAP,TFF,30,87.3,92.22198007769366,92.22184369046487,0.00013638722879250054,0.00013638722879250054
mAP,TFF,31,87.3,96.75631404586751,96.75617020353626,0.00014384233125497303,0.00014384233125497303
mAP,TFF,32,87.3,83.92966231562903,83.9295179002812,0.00014441534783316,0.00014441534783316
mAP,TFF,33,87.3,88.028786061979,88.02864603945082,0.00014002252818556826,0.00014002252818556826
mAP,TFF,34,87.3,81.05385186966481,81.05370389043304,0.0001479792317695683,0.0001479792317695683
mAP,TFF,35,87.3,88.95959961855893,88.95944746913763,0.00015214942129659903,0.00015214942129659903
mAP,TFF,36,87.3,85.65553427131196,85.65539910549968,0.00013516581228145697,0.00013516581228145697
mAP,TFF,37,87.3,93.07049390736314,93.07033738447485,0.00015652288828960081,0.00015652288828960081
mAP,TFF,38,87.3,84.97632340893156,84.97615508994426,0.0001683189873062929,0.0001683189873062929
mAP,TFF,39,87.3,82.2325758623717,82.2324508860982,0.00012497627349716822,0.00012497627349716822
mAP,TFF,40,87.3,85.88639447111657,85.88620877789243,0.00018569322413952705,0.00018569322413952705
mAP,TFF,41,87.3,81.37367902672109,81.37353668634859,0.0001423403725056005,0.0001423403725056005
mAP,TFF,42,87.3,89.5534652290582,89.55329836352193,0.00016686553627209832,0.00016686553627209832
mAP,TFF,43,87.3,81.10490262897066,81.10475086123104,0.00015176773962366497,0.00015176773962366497
mAP,TFF,44,87.3,87.38554531884694,87.38537274354947,0.00017257529746927958,0.00017257529746927958
mAP,TFF,45,87.3,81.06673949656778,81.0665645404314,0.0001749561363766361,0.0001749561363766361
mAP,TFF,46,87.3,86.33930754175654,86.33910658639007,0.00020095536646635992,0.00020095536646635992
mAP,TFF,47,87.3,92.23034057288345,92.23013446741359,0.00020610546985722067,0.00020610546985722067
mAP,TFF,48,87.3,88.38211399371278,88.38194367430738,0.00017031940539879997,0.00017031940539879997
mAP,TFF,49,87.3,84.7096871098092,84.7095191851052,0.00016792470400162074,0.00016792470400162074
mAP,TFF,50,87.3,87.20658839016428,87.20638953318274,0.00019885698154098463,0.00019885698154098463
mAP,TFF,51,87.3,87.35426107489134,87.35405061613334,0.00021045875800496106,0.00021045875800496106
mAP,TFF,52,87.3,88.71808596074875,88.71789103753021,0.00019492321854386319,0.00019492321854386319
mAP,TFF,53,87.3,83.1996358696162,83.19942491015752,0.00021095945868410126,0.00021095945868410126
mAP,TFF,54,87.3,89.07789298228502,89.077701821542,0.00019116074302871766,0.00019116074302871766
mAP,TFF,55,87.3,79.18701561533891,79.18682510519167,0.00019051014723459048,0.00019051014723459048
mAP,TFF,56,87.3,85.41055177231897,85.41034634290857,0.00020542941039991547,0.00020542941039991547
mAP,TFF,57,87.3,85.83539662633724,85.83517847264537,0.00021815369187550004,0.00021815369187550004
mAP,TFF,58,87.3,89.20020785002646,89.19998047821372,0.0002273718127412394,0.0002273718127412394
mAP,TFF,59,87.3,87.3681305602308,87.3678925580306,0.00023800220019154494,0.00023800220019154494
mAP,TFF,60,87.3,83.08354139843651,83.08331083843113,0.000230560005377356,0.000230560005377356
mAP,TFF,61,87.3,84.34524124811489,84.34502062254896,0.00022062556593027693,0.00022062556593027693
mAP,TFF,62,87.3,87.89627632879517,87.89604002864222,0.00023630015294884288,0.00023630015294884288
mAP,TFF,63,87.3,87.06303715911378,87.06279797440632,0.00023918470745343257,0.00023918470745343257
mAP,TFF,64,87.3,85.56286917659591,85.56262767109276,0.00024150550315482633,0.00024150550315482633
mAP,TFF,65,87.3,85.8577265565277,85.85749863146405,0.00022792506364055498,0.00022792506364055498
mAP,TFF,66,87.3,89.3887246698333,89.38850399147786,0.000220678355432824,0.000220678355432824
mAP,TFF,67,87.3,85.74715871367317,85.74692228139236,0.00023643228081482448,0.00023643228081482448
mAP,TFF,68,87.3,87.03597431849592,87.03572626791278,0.00024805058313859263,0.00024805058313859263
mAP,TFF,69,87.3,93.81006260632465,93.80980976424162,0.0002528420830287814,0.0002528420830287814
mAP,TFF,70,87.3,83.02916878274372,83.02895208934822,0.00021669339550101085,0.00021669339550101085
mAP,TFF,71,87.3,81.74471568666276,81.74447180527602,0.00024388138673714366,0.00024388138673714366
mAP,TFF,72,87.3,89.6510043396057,89.65076899439582,0.00023534520988732766,0.00023534520988732766
mAP,TFF,73,87.3,85.2643077798079,85.26407081611768,0.00023696369021308783,0.00023696369021308783
mAP,TFF,74,87.3,86.34555145588563,86.34528741677214,0.00026403911348893416,0.00026403911348893416
mAP,TFF,75,87.3,84.95676855168739,84.95653086560665,0.00023768608073737596,0.00023768608073737596
mAP,TFF,76,87.3,86.52084552345488,86.52059957769745,0.00024594575742753477,0.00024594575742753477
mAP,TFF,77,87.3,92.09590827856947,92.09561433628902,0.0002939422804502101,0.0002939422804502101
mAP,TFF,78,87.3,89.70664690393492,89.70638537585435,0.00026152808057133825,0.00026152808057133825
mAP,TFF,79,87.3,89.88693257517235,89.88667053566093,0.0002620395114263374,0.0002620395114263374
mAP,TFF,80,87.3,83.05157514502802,83.05131883262206,0.0002563124059662414,0.0002563124059662414
mAP,TFF,81,87.3,83.84678640831875,83.84653879034138,0.00024761797736516655,0.00024761797736516655
mAP,TFF,82,87.3,78.78299556720124,78.78276402154371,0.00023154565752747658,0.00023154565752747658
mAP,TFF,83,87.3,84.87211706804284,84.87185753675173,0.0002595312911068959,0.0002595312911068959
mAP,TFF,84,87.3,90.17036629676815,90.17010955915697,0.00025673761118127914,0.00025673761118127914
mAP,TFF,85,87.3,88.85110132163042,88.85083954724512,0.0002617743853079446,0.0002617743853079446
mAP,TFF,86,87.3,86.635711201741,86.63546021114362,0.0002509905973795412,0.0002509905973795412
mAP,TFF,87,87.3,87.23336901997405,87.23309914884584,0.00026987112821075243,0.00026987112821075243
mAP,TFF,88,87.3,85.23361735442766,85.23334337227378,0.00027398215388529934,0.00027398215388529934
mAP,TFF,89,87.3,87.9145377198356,87.91427664720536,0.00026107263023789073,0.00026107263023789073
mAP,TFF,90,87.3,89.59788991376567,89.59763483844185,0.00025507532382107456,0.00025507532382107456
mAP,TFF,91,87.3,82.4525885842402,82.45233963776857,0.0002489464716290968,0.0002489464716290968
mAP,TFF,92,87.3,88.19920611371681,88.19894306351205,0.0002630502047651362,0.0002630502047651362
mAP,TFF,93,87.3,90.09757942584723,90.097304612864,0.0002748129832355062,0.0002748129832355062
mAP,TFF,94,87.3,86.0549683938181,86.05469913310989,0.0002692607082082077,0.0002692607082082077
mAP,TFF,95,87.3,89.40240013524217,89.40210183636175,0.000298298880423431,0.000298298880423431
mAP,TFF,96,87.3,95.74428257047487,95.74396333341765,0.0003192370572122627,0.0003192370572122627
mAP,TFF,97,87.3,86.987245918965,86.98697162103932,0.00027429792568511857,0.00027429792568511857
mAP,TFF,98,87.3,88.48021752587647,88.47992115001597,0.00029637586050057507,0.00029637586050057507
mAP,TFF,99,87.3,85.08613868963117,85.08582874901582,0.0003099406153523887,0.0003099406153523887
mAP,TFF,100,87.3,87.84406732929777,87.84375348780615,0.00031384149161794994,0.00031384149161794994
mAP,TFF,101,87.3,88.68111634488844,88.6808148749469,0.0003014699415331279,0.0003014699415331279
mAP,TFF,102,87.3,87.88481151471635,87.88452702081041,0.0002844939059372109,0.0002844939059372109
mAP,TFF,103,87.3,84.24121128898122,84.24091404087342,0.00029724810779896416,0.00029724810779896416
mAP,TFF,104,87.3,87.91939409749153,87.91908531397635,0.0003087835151802665,0.0003087835151802665
mAP,TFF,105,87.3,91.68689662676364,91.68658781615291,0.00030881061073273486,0.00030881061073273486
mAP,TFF,106,87.3,88.6462280337378,88.64590729354357,0.00032074019422623223,0.00032074019422623223
mAP,TFF,107,87.3,90.1862994486418,90.18596156721551,0.0003378814262902097,0.0003378814262902097
mAP,TFF,108,87.3,86.5892992825932,86.58896408996212,0.0003351926310841691,0.0003351926310841691
mAP,TFF,109,87.3,89.55003754361823,89.54970071827113,0.0003368253471052185,0.0003368253471052185
mAP,TFF,110,87.3,88.1381192325481,88.13780351464958,0.0003157178985304654,0.0003157178985304654
mAP,TFF,111,87.3,84.44760145996734,84.4472678109383,0.0003336490290450911,0.0003336490290450911
mAP,TFF,112,87.3,88.25590696857637,88.25556301439661,0.0003439541797547463,0.0003439541797547463
mAP,TFF,113,87.3,84.32520428074021,84.32491000967906,0.0002942710611506527,0.0002942710611506527
mAP,TFF,114,87.3,85.40167389064769,85.40135917534562,0.00031471530206772513,0.00031471530206772513
mAP,TFF,115,87.3,87.86830218244285,87.86798492187712,0.0003172605657226768,0.0003172605657226768
mAP,TFF,116,87.3,88.19208029081243,88.19173282014037,0.0003474706720538734,0.0003474706720538734
mAP,TFF,117,87.3,83.73263801583653,83.7323026047686,0.00033541106792256414,0.00033541106792256414
mAP,TFF,118,87.3,90.46227810139045,90.46195731354862,0.00032078784182942854,0.00032078784182942854
mAP,TFF,119,87.3,89.01635926733684,89.01601883490142,0.0003404324354221444,0.0003404324354221444
mAP,TFF,120,87.3,85.18614714474951,85.18581469316734,0.00033245158216743675,0.00033245158216743675
mAP,TFF,121,87.3,82.6875761171132,82.68724561065247,0.0003305064607275199,0.0003305064607275199
mAP,TFF,122,87.3,86.86560718128463,86.8652862627557,0.00032091852892790484,0.00032091852892790484
mAP,TFF,123,87.3,85.96251495720811,85.96216885841652,0.0003460987915957503,0.0003460987915957503
mAP,TFF,124,87.3,87.6397525836295,87.63942137115906,0.00033121247044221036,0.00033121247044221036
mAP,TFF,125,87.3,86.2109604179921,86.2106500165333,0.0003104014588046766,0.0003104014588046766
mAP,TFF,126,87.3,81.2779272512915,81.27762941776497,0.0002978335265311216,0.0002978335265311216
mAP,TFF,127,87.3,86.13530440385554,86.13495918509652,0.00034521875902271404,0.00034521875902271404
mAP,TFF,128,87.3,86.38348529200694,86.38314266679505,0.000342625211885661,0.000342625211885661
mAP,TFF,129,87.3,89.20132493447517,89.20098307432217,0.0003418601530000842,0.0003418601530000842
mAP,TFF,130,87.3,85.20574315773653,85.20540097616684,0.00034218156969245683,0.00034218156969245683
mAP,TFF,131,87.3,92.33638128402478,92.33602402011769,0.00035726390709100997,0.00035726390709100997
mAP,TFF,132,87.3,81.56542951203734,81.56507834804472,0.00035116399261880815,0.00035116399261880815
mAP,TFF,133,87.3,91.23386596828698,91.23350249340787,0.000363474879108594,0.000363474879108594
mAP,TFF,134,87.3,86.62738598290223,86.62704308736568,0.0003428955365478714,0.0003428955365478714
mAP,TFF,135,87.3,89.87911298403141,89.87875461703067,0.00035836700074298733,0.00035836700074298733
mAP,TFF,136,87.3,87.539750007903,87.5394044521762,0.00034555572679551005,0.00034555572679551005
mAP,TFF,137,87.3,90.71903114283771,90.7186666080764,0.00036453476130304807,0.00036453476130304807
mAP,TFF,138,87.3,86.13824997916502,86.13791410634157,0.0003358728234559294,0.0003358728234559294
mAP,TFF,139,87.3,84.0044716973413,84.00413872446656,0.0003329728747445415,0.0003329728747445415
mAP,TFF,140,87.3,91.56190075634531,91.56151286181318,0.0003878945321247329,0.0003878945321247329
mAP,TFF,141,87.3,86.95994790267375,86.95955806235358,0.00038984032016742276,0.00038984032016742276
mAP,TFF,142,87.3,87.96505345448442,87.96467542087262,0.0003780336117955585,0.0003780336117955585
mAP,TFF,143,87.3,91.00462260123706,91.00425574213438,0.00036685910268374755,0.00036685910268374755
mAP,TFF,144,87.3,84.20448860757797,84.20413427371669,0.00035433386128147504,0.00035433386128147504
mAP,TFF,145,87.3,89.086853175442,89.08647269291777,0.00038048252423550366,0.00038048252423550366
mAP,TFF,146,87.3,85.53069126508134,85.53031573061132,0.00037553447002380835,0.00037553447002380835
mAP,TFF,147,87.3,86.90387026334872,86.90349193306689,0.00037833028183342776,0.00037833028183342776
mAP,TFF,148,87.3,87.51720841960649,87.51683689615287,0.00037152345362301276,0.00037152345362301276
mAP,TFF,149,87.3,82.79970199880407,82.79933441565919,0.0003675831448788358,0.0003675831448788358
mAP,TFF,150,87.3,84.96385909824075,84.96348887153869,0.00037022670205999475,0.00037022670205999475
mAP,TFF,151,87.3,91.35359978301271,91.35321867723941,0.00038110577330030537,0.00038110577330030537
mAP,TFF,152,87.3,89.95896688393836,89.95857356575438,0.0003933181839812505,0.0003933181839812505
mAP,TFF,153,87.3,87.11245344748941,87.11208126801829,0.00037217947112822003,0.00037217947112822003
mAP,TFF,154,87.3,88.02975028223999,88.02937037553868,0.0003799067013119384,0.0003799067013119384
mAP,TFF,155,87.3,86.417679834921,86.41727248309063,0.00040735183037554634,0.00040735183037554634
mAP,TFF,156,87.3,91.37015027102906,91.36975015748395,0.0004001135451119353,0.0004001135451119353
mAP,TFF,157,87.3,86.69936149774989,86.69894226661751,0.00041923113238340193,0.00041923113238340193
mAP,TFF,158,87.3,87.99592026161972,87.99552627640455,0.0003939852151688683,0.0003939852151688683
mAP,TFF,159,87.3,90.73852720616354,90.73809043242619,0.000436773737348517,0.000436773737348517
mAP,TFF,160,87.3,84.96829215968457,84.96788554546228,0.00040661422228538413,0.00040661422228538413
mAP,TFF,161,87.3,91.9767859205946,91.97636755349068,0.0004183671039186265,0.0004183671039186265
mAP,TFF,162,87.3,82.70899474156917,82.70861577076987,0.0003789707993036018,0.0003789707993036018
mAP,TFF,163,87.3,92.18936121179145,92.18892639333839,0.0004348184530584831,0.0004348184530584831
mAP,TFF,164,87.3,86.18241009123992,86.18197324814408,0.00043684309584079983,0.00043684309584079983
mAP,TFF,165,87.3,86.57234311654021,86.57190375652415,0.00043936001605970887,0.00043936001605970887
mAP,TFF,166,87.3,81.63037327424998,81.62996948645117,0.00040378779880256843,0.00040378779880256843
mAP,TFF,167,87.3,85.93604005577379,85.93561584786691,0.0004242079068745852,0.0004242079068745852
mAP,TFF,168,87.3,84.18100631658781,84.18058040691935,0.00042590966846489664,0.00042590966846489664
mAP,TFF,169,87.3,85.47751804532295,85.47706096387958,0.0004570814433719761,0.0004570814433719761
mAP,TFF,170,87.3,86.88851329187493,86.88806710263336,0.00044618924157191486,0.00044618924157191486
mAP,TFF,171,87.3,90.17383513795097,90.17337484341871,0.0004602945322602636,0.0004602945322602636
mAP,TFF,172,87.3,87.92325097853549,87.92281005420188,0.0004409243336169766,0.0004409243336169766
mAP,TFF,173,87.3,88.22346448442923,88.22302996020333,0.0004345242258949611,0.0004345242258949611
mAP,TFF,174,87.3,84.01389636245328,84.0134418334633,0.0004545289899766658,0.0004545289899766658
mAP,TFF,175,87.3,84.6581953961157,84.6577377311918,0.0004576649238998698,0.0004576649238998698
mAP,TFF,176,87.3,92.69662338055686,92.69617505505393,0.0004483255029299471,0.0004483255029299471
mAP,TFF,177,87.3,85.09482843076374,85.09439689571026,0.00043153505347959253,0.00043153505347959253
mAP,TFF,178,87.3,92.26912104142903,92.26862475617189,0.0004962852571424037,0.0004962852571424037
mAP,TFF,179,87.3,86.57128482600986,86.5708164033574,0.00046842265246027637,0.00046842265246027637
mAP,TFF,180,87.3,87.3073258898702,87.3068638084305,0.0004620814396929518,0.0004620814396929518
mAP,TFF,181,87.3,90.51155916375389,90.51109548068979,0.0004636830640976086,0.0004636830640976086
mAP,TFF,182,87.3,91.11617230252807,91.11567726581596,0.0004950367121097088,0.0004950367121097088
mAP,TFF,183,87.3,86.96804382523094,86.96756231916274,0.00048150606819774566,0.00048150606819774566
mAP,TFF,184,87.3,86.13572772006768,86.13527083943538,0.00045688063229931686,0.00045688063229931686
mAP,TFF,185,87.3,87.13274322871301,87.13223865443335,0.0005045742796596642,0.0005045742796596642
mAP,TFF,186,87.3,88.31435988220285,88.31387258469636,0.00048729750649556536,0.00048729750649556536
mAP,TFF,187,87.3,89.97441792568151,89.97391106060927,0.0005068650722392931,0.0005068650722392931
mAP,TFF,188,87.3,87.31318176413815,87.31268957698245,0.0004921871557002078,0.0004921871557002078
mAP,TFF,189,87.3,89.15717070179211,89.15665889406945,0.0005118077226597961,0.0005118077226597961
mAP,TFF,190,87.3,92.21558329937686,92.21507919681282,0.000504102564036657,0.000504102564036657
mAP,TFF,191,87.3,88.44445906473422,88.44392883679436,0.0005302279398620158,0.0005302279398620158
mAP,TFF,192,87.3,88.23544668498955,88.23495856801433,0.00048811697521955466,0.00048811697521955466
mAP,TFF,193,87.3,82.74375370609943,82.74326752472979,0.0004861813696379613,0.0004861813696379613
mAP,TFF,194,87.3,79.40828064766832,79.40780958951281,0.0004710581555116278,0.0004710581555116278
mAP,TFF,195,87.3,88.4656131165576,88.4651271876905,0.00048592886710707717,0.00048592886710707717
mAP,TFF,196,87.3,87.01604905956611,87.01552730615738,0.0005217534087336162,0.0005217534087336162
mAP,TFF,197,87.3,85.75617770074851,85.75565197525577,0.0005257254927357735,0.0005257254927357735
mAP,TFF,198,87.3,88.03111430114578,88.03059061255902,0.0005236885867532237,0.0005236885867532237
mAP,TFF,199,87.3,87.1193146977612,87.11878881240928,0.0005258853519194417,0.0005258853519194417
mAP,TFF,200,87.3,90.68387237966265,90.6833407519017,0.0005316277609495046,0.0005316277609495046
mAP,TFF,201,87.3,87.5588580313677,87.55833260477694,0.0005254265907694844,0.0005254265907694844
mAP,TFF,202,87.3,85.05976373785805,85.0592301447895,0.000533593068553273,0.000533593068553273
mAP,TFF,203,87.3,90.2710273643802,90.27049871687787,0.0005286475023353887,0.0005286475023353887
mAP,TFF,204,87.3,86.64913973269282,86.64860677516138,0.0005329575314334534,0.0005329575314334534
mAP,TFF,205,87.3,88.88016903486411,88.87961005101693,0.0005589838471848907,0.0005589838471848907
mAP,TFF,206,87.3,85.86832122061489,85.8677678814216,0.0005533391932885934,0.0005533391932885934
mAP,TFF,207,87.3,85.35104056816213,85.35051934350768,0.0005212246544488153,0.0005212246544488153
mAP,TFF,208,87.3,87.5530609510181,87.55250469055709,0.0005562604610105382,0.0005562604610105382
mAP,TFF,209,87.3,87.33903932942977,87.33848593063105,0.0005533987987149658,0.0005533987987149658
mAP,TFF,210,87.3,88.74005136864541,88.7394811061005,0.0005702625449117704,0.0005702625449117704
mAP,TFF,211,87.3,86.49460579769396,86.49406274007077,0.0005430576231901796,0.0005430576231901796
mAP,TFF,212,87.3,81.7914509723615,81.79092064868881,0.0005303236726916793,0.0005303236726916793
mAP,TFF,213,87.3,86.00221849027184,86.00167834923484,0.000540141037006947,0.000540141037006947
mAP,TFF,214,87.3,89.68202401092871,89.68145540143145,0.0005686094972645606,0.0005686094972645606
mAP,TFF,215,87.3,86.40841391338857,86.40787176227067,0.0005421511178980154,0.0005421511178980154
mAP,TFF,216,87.3,86.56141920651024,86.56084979245635,0.0005694140538849979,0.0005694140538849979
mAP,TFF,217,87.3,90.25972129388094,90.25912951771781,0.0005917761631337726,0.0005917761631337726
mAP,TFF,218,87.3,85.16466384698334,85.16408031822323,0.0005835287601172467,0.0005835287601172467
mAP,TFF,219,87.3,82.67217798989657,82.6715903452713,0.0005876446252699452,0.0005876446252699452
mAP,TFF,220,87.3,86.81871315200634,86.81810664142351,0.0006065105828270134,0.0006065105828270134
mAP,TFF,221,87.3,85.84807259513414,85.84747814625379,0.0005944488803493186,0.0005944488803493186
mAP,TFF,222,87.3,84.40182451513775,84.40126104074024,0.000563474397509367,0.000563474397509367
mAP,TFF,223,87.3,86.77444133148657,86.77386463230393,0.000576699182644802,0.000576699182644802
mAP,TFF,224,87.3,88.7751160615511,88.77451694174034,0.0005991198107579976,0.0005991198107579976
mAP,TFF,225,87.3,87.272743307095,87.27213431529655,0.0006089917984439808,0.0006089917984439808
mAP,TFF,226,87.3,88.22153604390725,88.22094321805871,0.0005928258485425886,0.0005928258485425886
mAP,TFF,227,87.3,92.74085992472561,92.74022309554627,0.0006368291793421577,0.0006368291793421577
mAP,TFF,228,87.3,86.27195322889142,86.2713634153273,0.0005898135641189128,0.0005898135641189128
mAP,TFF,229,87.3,88.1356498879773,88.135045903934,0.0006039840432947585,0.0006039840432947585
mAP,TFF,230,87.3,85.77295748504643,85.77235991220259,0.0005975728438443184,0.0005975728438443184
mAP,TFF,231,87.3,84.7615139488373,84.76092084033908,0.0005931084982222501,0.0005931084982222501
mAP,TFF,232,87.3,85.54587185480007,85.5452770397467,0.0005948150533754415,0.0005948150533754415
mAP,TFF,233,87.3,85.86433499295056,85.86372428543493,0.000610707515633635,0.000610707515633635
mAP,TFF,234,87.3,88.37903319239108,88.37842739264137,0.0006057997497066481,0.0006057997497066481
mAP,TFF,235,87.3,94.34786233628257,94.34722736010227,0.0006349761803079446,0.0006349761803079446
mAP,TFF,236,87.3,85.15246998831695,85.15186969117248,0.000600297144472961,0.000600297144472961
mAP,TFF,237,87.3,86.05074699048036,86.0501240831536,0.0006229073267576268,0.0006229073267576268
mAP,TFF,238,87.3,87.11125993094684,87.11063096066626,0.0006289702805872821,0.0006289702805872821
mAP,TFF,239,87.3,88.48803711701741,88.48739654612923,0.0006405708881800365,0.0006405708881800365
mAP,TFF,240,87.3,88.09131927353918,88.09065243586436,0.0006668376748280025,0.0006668376748280025
mAP,TFF,241,87.3,91.15293026028233,91.15228738184435,0.0006428784379863828,0.0006428784379863828
mAP,TFF,242,87.3,80.02146593973838,80.02082378839437,0.0006421513440102444,0.0006421513440102444
mAP,TFF,243,87.3,80.13985337373383,80.13921038941298,0.0006429843208479724,0.0006429843208479724
mAP,TFF,244,87.3,85.81303141979579,85.81236548396954,0.0006659358262481874,0.0006659358262481874
mAP,TFF,245,87.3,90.59255366567687,90.59190056263112,0.0006531030457495035,0.0006531030457495035
mAP,TFF,246,87.3,82.60367131623173,82.60305590518321,0.0006154110485141473,0.0006154110485141473
mAP,TFF,247,87.3,78.27772063287615,78.27710298091873,0.0006176519574268013,0.0006176519574268013
mAP,TFF,248,87.3,89.01418389235778,89.01353821865763,0.0006456737001485635,0.0006456737001485635
mAP,TFF,249,87.3,88.03161992884361,88.03097167110813,0.0006482577354773866,0.0006482577354773866
mAP,TFF,250,87.3,84.03000001669015,84.02937477960171,0.0006252370884425318,0.0006252370884425318
mAP,TFF,251,87.3,84.34403009339681,84.3433811978372,0.000648895559606899,0.000648895559606899
mAP,TFF,252,87.3,84.39144150915662,84.39076884109598,0.0006726680606448099,0.0006726680606448099
mAP,TFF,253,87.3,87.63227987660684,87.63160595242182,0.0006739241850226563,0.0006739241850226563
mAP,TFF,254,87.3,85.42170497863053,85.42105417145098,0.0006508071795536807,0.0006508071795536807
mAP,TFF,255,87.3,88.78287685877369,88.78219175692655,0.0006851018471394354,0.0006851018471394354
mAP,TFF,256,87.3,78.7367600298085,78.73612001128683,0.0006400185216648424,0.0006400185216648424
mAP,TFF,257,87.3,84.73012975522052,84.7294444046166,0.0006853506039163904,0.0006853506039163904
mAP,TFF,258,87.3,83.92249533698181,83.92183811726684,0.0006572197149665726,0.0006572197149665726
mAP,TFF,259,87.3,86.53165772503999,86.53097796488252,0.0006797601574675127,0.0006797601574675127
mAP,TFF,260,87.3,85.68653042506763,85.68585672452959,0.0006737005380443861,0.0006737005380443861
mAP,TFF,261,87.3,89.69421786959512,89.6935313396873,0.0006865299078242515,0.0006865299078242515
mAP,TFF,262,87.3,81.72265620849674,81.72198968501982,0.0006665234769229755,0.0006665234769229755
mAP,TFF,263,87.3,87.43716049976896,87.43647442899226,0.0006860707767089025,0.0006860707767089025
mAP,TFF,264,87.3,88.97570915218762,88.97500926963511,0.0006998825525101893,0.0006998825525101893
mAP,TFF,265,87.3,92.87065337888154,92.86994230968585,0.0007110691956881965,0.0007110691956881965
mAP,TFF,266,87.3,85.85537479979357,85.85470208671957,0.0006727130739960785,0.0006727130739960785
mAP,TFF,267,87.3,88.27407428934742,88.27337581305756,0.0006984762898696317,0.0006984762898696317
mAP,TFF,268,87.3,81.88909003257021,81.8884116223129,0.0006784102573078599,0.0006784102573078599
mAP,TFF,269,87.3,80.12482564820283,80.12413138706093,0.000694261141902075,0.000694261141902075
mAP,TFF,270,87.3,89.83502930405038,89.8343231273451,0.0007061767052789492,0.0007061767052789492
mAP,TFF,271,87.3,87.28405525698611,87.28331911905579,0.0007361379303176818,0.0007361379303176818
mAP,TFF,272,87.3,90.83624269846611,90.83553806939527,0.0007046290708387914,0.0007046290708387914
mAP,TFF,273,87.3,83.18052196675967,83.17979133309075,0.0007306336689225645,0.0007306336689225645
mAP,TFF,274,87.3,88.86042015768936,88.85970641858626,0.0007137391031051266,0.0007137391031051266
mAP,TFF,275,87.3,92.90719967852972,92.90645352163156,0.0007461568981597111,0.0007461568981597111
mAP,TFF,276,87.3,88.55985976767735,88.5591168250718,0.0007429426055551858,0.0007429426055551858
mAP,TFF,277,87.3,88.1304877819459,88.12974451677314,0.0007432651727583561,0.0007432651727583561
mAP,TFF,278,87.3,87.32639863698388,87.32566824247304,0.0007303945108390053,0.0007303945108390053
mAP,TFF,279,87.3,82.58806741030087,82.58735562862226,0.0007117816786035291,0.0007117816786035291
mAP,TFF,280,87.3,91.36743399200115,91.36671880713104,0.0007151848701170138,0.0007151848701170138
mAP,TFF,281,87.3,85.46815805352118,85.4674270805848,0.0007309729363811357,0.0007309729363811357
mAP,TFF,282,87.3,88.81416698212111,88.81344976914905,0.0007172129720629528,0.0007172129720629528
mAP,TFF,283,87.3,82.61160849520938,82.61089708028624,0.0007114149231455258,0.0007114149231455258
mAP,TFF,284,87.3,83.76232306521293,83.76162100647666,0.0007020587362660535,0.0007020587362660535
mAP,TFF,285,87.3,91.60601971267735,91.6052621976667,0.0007575150106475803,0.0007575150106475803
mAP,TFF,286,87.3,86.25885394388239,86.25809313312647,0.0007608107559207156,0.0007608107559207156
mAP,TFF,287,87.3,91.66058046890886,91.65982642812763,0.0007540407812314243,0.0007540407812314243
mAP,TFF,288,87.3,87.06608268408445,87.06530802282444,0.0007746612600101344,0.0007746612600101344
mAP,TFF,289,87.3,81.77504158974921,81.77430668112642,0.0007349086227890211,0.0007349086227890211
mAP,TFF,290,87.3,89.97695782295436,89.97620279919516,0.0007550237591971154,0.0007550237591971154
mAP,TFF,291,87.3,85.5311145812935,85.53032304673317,0.0007915345603208834,0.0007915345603208834
mAP,TFF,292,87.3,89.396873506917,89.39606644055112,0.0008070663658799049,0.0008070663658799049
mAP,TFF,293,87.3,87.37639698515122,87.37563260262024,0.0007643825309742169,0.0007643825309742169
mAP,TFF,294,87.3,82.67139015139064,82.67064531617139,0.000744835219251172,0.000744835219251172
mAP,TFF,295,87.3,87.79366918248563,87.79288429611171,0.0007848863739212675,0.0007848863739212675
mAP,TFF,296,87.3,93.88945791366845,93.88866942645839,0.0007884872100589746,0.0007884872100589746
mAP,TFF,297,87.3,88.77973726353363,88.77895937554338,0.0007778879902531344,0.0007778879902531344
mAP,TFF,298,87.3,87.12821609699982,87.12744674098361,0.000769356016206757,0.000769356016206757
mAP,TFF,299,87.3,90.52679854739097,90.5260302058707,0.0007683415202706101,0.0007683415202706101
mAP,TFF,300,87.3,87.93276383452499,87.93200539560932,0.0007584389156676252,0.0007584389156676252
mAP,TFF,301,87.3,88.55799012107373,88.55720538157676,0.0007847394969644483,0.0007847394969644483
mAP,TFF,302,87.3,80.75101615501255,80.75024896704538,0.0007671879671704573,0.0007671879671704573
mAP,TFF,303,87.3,88.70386959129102,88.70308815473759,0.0007814365534386525,0.0007814365534386525
mAP,TFF,304,87.3,93.51344728823412,93.51266049850166,0.0007867897324587148,0.0007867897324587148
mAP,TFF,305,87.3,82.28442033957532,82.28362708739985,0.0007932521754696609,0.0007932521754696609
mAP,TFF,306,87.3,95.8478069019107,95.84697492748168,0.0008319744290190556,0.0008319744290190556
mAP,TFF,307,87.3,86.75057100063529,86.74976385512925,0.0008071455060445487,0.0008071455060445487
mAP,TFF,308,87.3,81.9741471942514,81.97338293076875,0.0007642634826510175,0.0007642634826510175
mAP,TFF,309,87.3,93.28659683366118,93.28579246152147,0.0008043721397115178,0.0008043721397115178
mAP,TFF,310,87.3,85.58003112136313,85.57923458557038,0.0007965357927588457,0.0007965357927588457
mAP,TFF,311,87.3,91.85788110011764,91.85708932491664,0.0007917752009944934,0.0007917752009944934
mAP,TFF,312,87.3,85.55024612232553,85.54944820644877,0.0007979158767597028,0.0007979158767597028
mAP,TFF,313,87.3,86.94183937582103,86.94104313882058,0.0007962370004577224,0.0007962370004577224
mAP,TFF,314,87.3,90.26216712088443,90.26136122600575,0.0008058948786811015,0.0008058948786811015
mAP,TFF,315,87.3,89.04617954272545,89.04538234554003,0.000797197185420373,0.000797197185420373
mAP,TFF,316,87.3,75.32759467411384,75.32680931728956,0.0007853568242808251,0.0007853568242808251
mAP,TFF,317,87.3,80.57332917496632,80.57253755943364,0.0007916155326768148,0.0007916155326768148
mAP,TFF,318,87.3,92.87729709165542,92.87645990874489,0.0008371829105300321,0.0008371829105300321
mAP,TFF,319,87.3,86.50799905229476,86.50718046659071,0.0008185857040530209,0.0008185857040530209
mAP,TFF,320,87.3,84.15844121072396,84.15761218337147,0.0008290273524949043,0.0008290273524949043
mAP,TFF,321,87.3,79.14938750759303,79.14855590845515,0.0008315991378822218,0.0008315991378822218
mAP,TFF,322,87.3,80.822391971893,80.82158207234491,0.0008098995480878557,0.0008098995480878557
mAP,TFF,323,87.3,75.17000345536064,75.16920816022831,0.0007952951323346724,0.0007952951323346724
mAP,TFF,324,87.3,86.69314110118815,86.6923156877908,0.0008254133973508715,0.0008254133973508715
mAP,TFF,325,87.3,83.71020813598489,83.70937451651372,0.0008336194711660028,0.0008336194711660028
mAP,TFF,326,87.3,81.50129710589796,81.5004726540881,0.0008244518098621256,0.0008244518098621256
mAP,TFF,327,87.3,86.89209384150263,86.89125944899227,0.0008343925103559968,0.0008343925103559968
mAP,TFF,328,87.3,89.4846645858016,89.48382378511643,0.0008408006851681193,0.0008408006851681193
mAP,TFF,329,87.3,99.86006851328605,99.85918759325966,0.000880920026389731,0.000880920026389731
mAP,TFF,330,87.3,78.2295331373941,78.22869948262071,0.0008336547733875932,0.0008336547733875932
mAP,TFF,331,87.3,94.25717859661502,94.25628625980313,0.0008923368118871622,0.0008923368118871622
mAP,TFF,332,87.3,93.13948269115848,93.13860936609044,0.0008733250680421634,0.0008733250680421634
mAP,TFF,333,87.3,82.6263069747976,82.6254435637398,0.0008634110578071841,0.0008634110578071841
mAP,TFF,334,87.3,88.52026794305849,88.51941572751619,0.0008522155422951982,0.0008522155422951982
mAP,TFF,335,87.3,84.55506498393282,84.5542005039743,0.0008644799585226792,0.0008644799585226792
mAP,TFF,336,87.3,88.4150033116394,88.41413148251243,0.0008718291269644851,0.0008718291269644851
mAP,TFF,337,87.3,96.35565700985964,96.3547860804273,0.00087092943233813,0.00087092943233813
mAP,TFF,338,87.3,90.93449909481753,90.93363739578787,0.0008616990296559379,0.0008616990296559379
mAP,TFF,339,87.3,90.3525216146092,90.35165023940066,0.000871375208546965,0.000871375208546965
mAP,TFF,340,87.3,84.71899418708446,84.71814408027214,0.0008501068123223376,0.0008501068123223376
mAP,TFF,341,87.3,78.39650786551641,78.39566001045398,0.0008478550624317904,0.0008478550624317904
mAP,TFF,342,87.3,86.05005322224379,86.04919073675755,0.0008624854862375742,0.0008624854862375742
mAP,TFF,343,87.3,94.54051824794146,94.53964892918349,0.0008693187579780215,0.0008693187579780215
mAP,TFF,344,87.3,78.13784990111454,78.13699286046212,0.0008570406524199825,0.0008570406524199825
mAP,TFF,345,87.3,80.97029395290163,80.96946379093983,0.0008301619618009681,0.0008301619618009681
mAP,TFF,346,87.3,88.0584711113554,88.0576064174044,0.0008646939510015272,0.0008646939510015272
mAP,TFF,347,87.3,81.3929046380225,81.39207129091642,0.0008333471060808506,0.0008333471060808506
mAP,TFF,348,87.3,82.54570051273573,82.54485931730872,0.0008411954270144406,0.0008411954270144406
mAP,TFF,349,87.3,84.75927977993989,84.75840850963094,0.000871270308948624,0.000871270308948624
mAP,TFF,350,87.3,79.10713819786461,79.1062955748591,0.0008426230055107453,0.0008426230055107453
mAP,TFF,351,87.3,81.45611397964373,81.45526892270179,0.0008450569419409248,0.0008450569419409248
mAP,TFF,352,87.3,91.52146229930216,91.52056750072384,0.0008947985783152035,0.0008947985783152035
mAP,TFF,353,87.3,79.45665628368911,79.45578130661421,0.0008749770749005847,0.0008749770749005847
mAP,TFF,354,87.3,77.71364002141448,77.71276719303097,0.0008728283835068851,0.0008728283835068851
mAP,TFF,355,87.3,83.5207153371334,83.51985012279663,0.0008652143367697818,0.0008652143367697818
mAP,TFF,356,87.3,91.69265843076222,91.69173301505907,0.0009254157031506338,0.0009254157031506338
mAP,TFF,357,87.3,86.1193712519819,86.11846915201866,0.0009020999632411986,0.0009020999632411986
mAP,TFF,358,87.3,84.51339185460427,84.51251353130628,0.0008783232979823197,0.0008783232979823197
mAP,TFF,359,87.3,87.56706566236977,87.56615278509364,0.0009128772761357595,0.0009128772761357595
mAP,TFF,360,87.3,76.82665145157483,76.82575540284208,0.0008960487327556166,0.0008960487327556166
mAP,TFF,361,87.3,90.26916359716841,90.2682339226502,0.0009296745182183486,0.0009296745182183486
mAP,TFF,362,87.3,89.60152925731173,89.60061018842187,0.0009190688898570443,0.0009190688898570443
mAP,TFF,363,87.3,84.84504834803315,84.84414915542567,0.0008991926074770618,0.0008991926074770618
mAP,TFF,364,87.3,93.33651287034282,93.3355470707785,0.0009657995643124195,0.0009657995643124195
mAP,TFF,365,87.3,80.53593624289385,80.53502340628177,0.0009128366120876308,0.0009128366120876308
mAP,TFF,366,87.3,94.06839132478376,94.06745395952142,0.0009373652623452244,0.0009373652623452244
mAP,TFF,367,87.3,88.22787402830569,88.2269619935715,0.0009120347341848856,0.0009120347341848856
mAP,TFF,368,87.3,85.28162846815466,85.28068446073095,0.0009440074237119234,0.0009440074237119234
mAP,TFF,369,87.3,87.18169504513365,87.18075818779013,0.000936857343518227,0.000936857343518227
mAP,TFF,370,87.3,86.65734736369488,86.65641140513435,0.0009359585605324128,0.0009359585605324128
mAP,TFF,371,87.3,94.62266511066417,94.6216973785063,0.0009677321578749343,0.0009677321578749343
mAP,TFF,372,87.3,80.84082974468848,80.83992523517392,0.0009045095145552295,0.0009045095145552295
mAP,TFF,373,87.3,82.72583331978545,82.7248845651204,0.0009487546650461809,0.0009487546650461809
mAP,TFF,374,87.3,93.51878577602056,93.51781735243488,0.0009684235856894929,0.0009684235856894929
mAP,TFF,375,87.3,83.72774048243774,83.72679038889684,0.0009500935408937039,0.0009500935408937039
mAP,TFF,376,87.3,92.7041607608897,92.70319846398955,0.0009622969001554793,0.0009622969001554793
mAP,TFF,377,87.3,97.49758776846126,97.49661589805226,0.0009718704090033725,0.0009718704090033725
mAP,TFF,378,87.3,84.89019031854453,84.88922983835019,0.0009604801943368102,0.0009604801943368102
mAP,TFF,379,87.3,91.38912894787339,91.38817395945183,0.0009549884215545035,0.0009549884215545035
mAP,TFF,380,87.3,80.37880361670382,80.37784631196085,0.0009573047429682902,0.0009573047429682902
mAP,TFF,381,87.3,99.73970560363392,99.73872763310311,0.0009779705308119446,0.0009779705308119446
mAP,TFF,382,87.3,100.00099753557802,100.0,0.0009975355780227346,0.0009975355780227346
mAP,TFF,383,87.3,97.92646588527855,97.92544856657949,0.001017318699055636,0.001017318699055636
mAP,TFF,384,87.3,100.00104457071271,100.0,0.001044570712707582,0.001044570712707582
mAP,TFF,385,87.3,99.57411841198474,99.57307446507507,0.0010439469096752418,0.0010439469096752418
mAP,TFF,386,87.3,98.39968637531761,98.39866347915162,0.0010228961659919378,0.0010228961659919378
mAP,TFF,387,87.3,99.19876627843595,99.1977396565887,0.0010266218472594346,0.0010266218472594346
mAP,TFF,388,87.3,98.6361555149331,98.63510638827918,0.0010491266539105482,0.0010491266539105482
mAP,TFF,389,87.3,99.61829616223513,99.61725361115384,0.0010425510812837047,0.0010425510812837047
mAP,TFF,390,87.3,100.00104457071271,100.0,0.001044570712707582,0.001044570712707582
mAP,TFF,391,87.3,75.02375946284957,75.02278006235119,0.0009794004983803006,0.0009794004983803006
mAP,TFF,392,87.3,74.77409696795569,74.77311032669365,0.0009866412620311849,0.0009866412620311849
mAP,TFF,393,87.3,75.22599290380813,75.22500861154116,0.0009842922669776044,0.0009842922669776044
mAP,TFF,394,87.3,77.09631563749238,77.0953379742181,0.0009776632742841684,0.0009776632742841684
mAP,TFF,395,87.3,76.36957577151547,76.36856577249561,0.0010099990198568776,0.0010099990198568776
mAP,TFF,396,87.3,75.33299195581864,75.33199308227167,0.0009988735469761423,0.0009988735469761423
mAP,TFF,397,87.3,76.06003755017097,76.05905886502117,0.000978685149803482,0.000978685149803482
mAP,TFF,398,87.3,76.5739669492776,76.57294560895522,0.0010213403223815476,0.0010213403223815476
mAP,TFF,399,87.3,75.28446345561012,75.28346863232625,0.0009948232838752347,0.0009948232838752347
mAP,TFF,400,87.3,76.00975111180371,76.0087608262086,0.0009902855951082756,0.0009902855951082756
mAP,BrainLM,1,88.7,87.95280080189967,87.95278446604088,1.6335858788352198e-05,1.6335858788352198e-05
mAP,BrainLM,2,88.7,83.68132856328992,83.68131829606529,1.026722463848273e-05,1.026722463848273e-05
mAP,BrainLM,3,88.7,89.91264903505993,89.912638595832,1.0439227935421513e-05,1.0439227935421513e-05
mAP,BrainLM,4,88.7,90.84764871862657,90.84761823407288,3.04845536902576e-05,3.04845536902576e-05
mAP,BrainLM,5,88.7,89.38115201314943,89.38110343659467,4.857655476087075e-05,4.857655476087075e-05
mAP,BrainLM,6,88.7,87.72781999393035,87.7277954743731,2.451955725746302e-05,2.451955725746302e-05
mAP,BrainLM,7,88.7,90.47437788978749,90.47432645525556,5.14345319260201e-05,5.14345319260201e-05
mAP,BrainLM,8,88.7,90.74070846053442,90.74066108143008,4.7379104344713596e-05,4.7379104344713596e-05
mAP,BrainLM,9,88.7,89.62224235474746,89.62221070915906,3.1645588393303115e-05,3.1645588393303115e-05
mAP,BrainLM,10,88.7,86.22619980162918,86.22616324869573,3.655293345161681e-05,3.655293345161681e-05
mAP,BrainLM,11,88.7,89.52984183266399,89.52980229653355,3.9536130444162154e-05,3.9536130444162154e-05
mAP,BrainLM,12,88.7,92.28650052369416,92.28644195247644,5.857121772123719e-05,5.857121772123719e-05
mAP,BrainLM,13,88.7,86.91018473017982,86.91011282416481,7.1906015008949e-05,7.1906015008949e-05
mAP,BrainLM,14,88.7,94.99391342871192,94.9938180173973,9.5411314617877e-05,9.5411314617877e-05
mAP,BrainLM,15,88.7,87.1231480612378,87.12310719804385,4.08631939450288e-05,4.08631939450288e-05
mAP,BrainLM,16,88.7,88.79726960998649,88.79722104002042,4.85699660686123e-05,4.85699660686123e-05
mAP,BrainLM,17,88.7,86.68258171345195,86.682543211981,3.850147095363354e-05,3.850147095363354e-05
mAP,BrainLM,18,88.7,89.36986358082567,89.36981250776078,5.1073064881279606e-05,5.1073064881279606e-05
mAP,BrainLM,19,88.7,83.47339799164295,83.47333492209418,6.306954877288717e-05,6.306954877288717e-05
mAP,BrainLM,20,88.7,87.06192007466507,87.06187460354984,4.547111522867908e-05,4.547111522867908e-05
mAP,BrainLM,21,88.7,85.42370985124636,85.4236363989543,7.345229205668602e-05,7.345229205668602e-05
mAP,BrainLM,22,88.7,89.10607878674341,89.10601504367688,6.374306653356143e-05,6.374306653356143e-05
mAP,BrainLM,23,88.7,91.68342778558082,91.68334212652672,8.565905409341212e-05,8.565905409341212e-05
mAP,BrainLM,24,88.7,90.63809543483306,90.63801856134366,7.687348940521588e-05,7.687348940521588e-05
mAP,BrainLM,25,88.7,81.58507843955088,81.58502191742332,5.65221275650174e-05,5.65221275650174e-05
mAP,BrainLM,26,88.7,94.82630372627139,94.82620895878364,9.476748775227861e-05,9.476748775227861e-05
mAP,BrainLM,27,88.7,89.58590771320534,89.5858398218626,6.789134273788022e-05,6.789134273788022e-05
mAP,BrainLM,28,88.7,86.37057414753663,86.370502578521,7.15690156312121e-05,7.15690156312121e-05
mAP,BrainLM,29,88.7,89.1714635033437,89.17138375697283,7.974637087215797e-05,7.974637087215797e-05
mAP,BrainLM,30,88.7,89.22866410650927,89.22856946750808,9.46390011904441e-05,9.46390011904441e-05
mAP,BrainLM,31,88.7,86.69953787950494,86.69945384914531,8.403035963056027e-05,8.403035963056027e-05
mAP,BrainLM,32,88.7,89.29381952682799,89.29375000202623,6.952480175925757e-05,6.952480175925757e-05
mAP,BrainLM,33,88.7,86.87768345211433,86.87758313713908,0.00010031497524209954,0.00010031497524209954
mAP,BrainLM,34,88.7,87.48700010435675,87.48691402192993,8.608242681873435e-05,8.608242681873435e-05
mAP,BrainLM,35,88.7,86.64123783006617,86.64116259273474,7.523733142988931e-05,7.523733142988931e-05
mAP,BrainLM,36,88.7,84.40205969081116,84.40198613078104,7.356003011693701e-05,7.356003011693701e-05
mAP,BrainLM,37,88.7,89.13761584454792,89.13750941064616,0.0001064339017631255,0.0001064339017631255
mAP,BrainLM,38,88.7,90.45599891091037,90.45589830954901,0.00010060136135336961,0.00010060136135336961
mAP,BrainLM,39,88.7,90.24475236226829,90.24465078822912,0.00010157403916366547,0.00010157403916366547
mAP,BrainLM,40,88.7,91.15986794264798,91.1597757579057,9.218474227168372e-05,9.218474227168372e-05
mAP,BrainLM,41,88.7,89.67312261169009,89.6730206300446,0.00010198164548569366,0.00010198164548569366
mAP,BrainLM,42,88.7,87.10193521549607,87.10182350534929,0.0001117101467826842,0.0001117101467826842
mAP,BrainLM,43,88.7,91.21910869478039,91.21899159329357,0.00011710148682197996,0.00011710148682197996
mAP,BrainLM,44,88.7,84.627557885262,84.6274473804742,0.00011050478779850437,0.00011050478779850437
mAP,BrainLM,45,88.7,85.99811467477082,85.99798585246256,0.0001288223082553941,0.0001288223082553941
mAP,BrainLM,46,88.7,85.80754006782163,85.80739978573027,0.00014028209136540681,0.00014028209136540681
mAP,BrainLM,47,88.7,91.94029841486477,91.94016817741793,0.00013023744683948735,0.00013023744683948735
mAP,BrainLM,48,88.7,91.52849405193717,91.52836554242023,0.00012850951694076684,0.00012850951694076684
mAP,BrainLM,49,88.7,90.16206459549672,90.16191571113498,0.00014888436173521313,0.00014888436173521313
mAP,BrainLM,50,88.7,91.91594597388298,91.91578959563539,0.00015637824759551222,0.00015637824759551222
mAP,BrainLM,51,88.7,86.06227059847754,86.06215165276404,0.00011894571349557737,0.00011894571349557737
mAP,BrainLM,52,88.7,89.74590948261101,89.74578535958294,0.00012412302807263131,0.00012412302807263131
mAP,BrainLM,53,88.7,88.32462530034728,88.3244767148505,0.0001485854967739897,0.0001485854967739897
mAP,BrainLM,54,88.7,91.24080365065262,91.24064631165474,0.00015733899788017425,0.00015733899788017425
mAP,BrainLM,55,88.7,88.35446909330322,88.3543273023434,0.00014179095981603496,0.00014179095981603496
mAP,BrainLM,56,88.7,87.54533543014652,87.54517133476976,0.00016409537676054242,0.00016409537676054242
mAP,BrainLM,57,88.7,90.32285420340831,90.32272555568298,0.00012864772533305313,0.00012864772533305313
mAP,BrainLM,58,88.7,91.32865352345557,91.3285075015737,0.00014602188187495813,0.00014602188187495813
mAP,BrainLM,59,88.7,86.69510481806114,86.6949644154596,0.00014040260154501993,0.00014040260154501993
mAP,BrainLM,60,88.7,88.51691668971237,88.51677298594288,0.0001437037694955734,0.0001437037694955734
mAP,BrainLM,61,88.7,85.5248353908134,85.52467809907505,0.0001572917383469985,0.0001572917383469985
mAP,BrainLM,62,88.7,81.20595173644385,81.20581694752119,0.00013478892266505227,0.00013478892266505227
mAP,BrainLM,63,88.7,89.30154504769956,89.3013788942412,0.00016615345836612505,0.00016615345836612505
mAP,BrainLM,64,88.7,90.52687497948482,90.5267160687639,0.00015891072091278602,0.00015891072091278602
mAP,BrainLM,65,88.7,89.48638136821751,89.48620042726017,0.00018094095733545146,0.00018094095733545146
mAP,BrainLM,66,88.7,82.85146416452199,82.8513148467369,0.00014931778508753268,0.00014931778508753268
mAP,BrainLM,67,88.7,87.64763684808062,87.64745170977058,0.00018513831004440817,0.00018513831004440817
mAP,BrainLM,68,88.7,82.04514085066256,82.04495671984677,0.00018413081579637947,0.00018413081579637947
mAP,BrainLM,69,88.7,92.80930780447208,92.80910332296256,0.00020448150952745436,0.00020448150952745436
mAP,BrainLM,70,88.7,85.44203003620513,85.44183625364575,0.00019378255937851918,0.00019378255937851918
mAP,BrainLM,71,88.7,92.4664216726378,92.46621082837969,0.00021084425810613538,0.00021084425810613538
mAP,BrainLM,72,88.7,91.53781876738795,91.53760893105245,0.000209836335500313,0.000209836335500313
mAP,BrainLM,73,88.7,85.99842040314626,85.99822894239182,0.0001914607544364344,0.0001914607544364344
mAP,BrainLM,74,88.7,85.30185357606807,85.30164514619676,0.00020842987130720303,0.00020842987130720303
mAP,BrainLM,75,88.7,89.75134204066683,89.75111064915902,0.00023139150781048556,0.00023139150781048556
mAP,BrainLM,76,88.7,86.16722950152118,86.16702788845079,0.0002016130703879071,0.0002016130703879071
mAP,BrainLM,77,88.7,89.00766952620428,89.00745392647462,0.00021559972965690122,0.00021559972965690122
mAP,BrainLM,78,88.7,87.25172448128383,87.25151722757924,0.00020725370458762882,0.00020725370458762882
mAP,BrainLM,79,88.7,83.35676261641441,83.35652475660311,0.00023785981130686196,0.00023785981130686196
mAP,BrainLM,80,88.7,82.00880620912045,82.00859594262663,0.0002102664938234966,0.0002102664938234966
mAP,BrainLM,81,88.7,89.38030538072515,89.3800527454838,0.0002526352413525501,0.0002526352413525501
mAP,BrainLM,82,88.7,87.01556694943561,87.01532676100813,0.00024018842748319003,0.00024018842748319003
mAP,BrainLM,83,88.7,87.04097768094775,87.0407305492576,0.0002471316901448972,0.0002471316901448972
mAP,BrainLM,84,88.7,90.7878317860943,90.78759151728136,0.00024026881294503255,0.00024026881294503255
mAP,BrainLM,85,88.7,92.22059254122053,92.22032682989733,0.00026571132319475055,0.00026571132319475055
mAP,BrainLM,86,88.7,87.88257734581893,87.88236583591457,0.00021150990436069605,0.00021150990436069605
mAP,BrainLM,87,88.7,87.67842134373022,87.67820387927041,0.00021746445980852513,0.00021746445980852513
mAP,BrainLM,88,88.7,90.2006921998546,90.20042909934165,0.000263100512952974,0.000263100512952974
mAP,BrainLM,89,88.7,84.62942753186562,84.62919329090127,0.00023424096434609964,0.00023424096434609964
mAP,BrainLM,90,88.7,89.36971071663795,89.3694591642431,0.00025155239485741276,0.00025155239485741276
mAP,BrainLM,91,88.7,90.35593166187367,90.35565791546647,0.0002737464072026796,0.0002737464072026796
mAP,BrainLM,92,88.7,90.74093775681601,90.7406906252529,0.0002471315631140669,0.0002471315631140669
mAP,BrainLM,93,88.7,82.8899976986105,82.88974189249261,0.00025580611789166596,0.00025580611789166596
mAP,BrainLM,94,88.7,86.4161982281785,86.41593419057318,0.00026403760531934495,0.00026403760531934495
mAP,BrainLM,95,88.7,86.0654454700686,86.0652102415296,0.00023522853899748952,0.00023522853899748952
mAP,BrainLM,96,88.7,88.99994400533271,88.99966086322765,0.00028314210506152904,0.00028314210506152904
mAP,BrainLM,97,88.7,90.14250973825254,90.14223373930396,0.00027599894858099105,0.00027599894858099105
mAP,BrainLM,98,88.7,93.19042174201945,93.19013122233795,0.00029051968149929053,0.00029051968149929053
mAP,BrainLM,99,88.7,87.21537220156621,87.21510355889578,0.0002686426704343603,0.0002686426704343603
mAP,BrainLM,100,88.7,87.20752909285792,87.20728250507236,0.00024658778556840844,0.00024658778556840844
mAP,BrainLM,101,88.7,92.14931079460943,92.14901605663624,0.00029473797319212736,0.00029473797319212736
mAP,BrainLM,102,88.7,89.59001152870638,89.58973081559091,0.00028071311547250843,0.00028071311547250843
mAP,BrainLM,103,88.7,92.50323842431041,92.50295453356392,0.00028389074648771384,0.00028389074648771384
mAP,BrainLM,104,88.7,89.56644692623053,89.56618400902951,0.0002629172010131242,0.0002629172010131242
mAP,BrainLM,105,88.7,85.22893735852676,85.2286501438602,0.0002872146665708897,0.0002872146665708897
mAP,BrainLM,106,88.7,84.70088566023176,84.70061493566658,0.00027072456518340005,0.00027072456518340005
mAP,BrainLM,107,88.7,84.04575678680874,84.04546325282321,0.0002935339855270058,0.0002935339855270058
mAP,BrainLM,108,88.7,90.68643579450284,90.68615550427542,0.0002802902274225971,0.0002802902274225971
mAP,BrainLM,109,88.7,92.2660990340257,92.26579046926102,0.00030856476467988614,0.00030856476467988614
mAP,BrainLM,110,88.7,94.2483947852131,94.24808642415914,0.00030836105395337654,0.00030836105395337654
mAP,BrainLM,111,88.7,91.22960928859821,91.22931599696972,0.00029329162849478507,0.00029329162849478507
mAP,BrainLM,112,88.7,92.18882618713444,92.18851573260496,0.0003104545294831951,0.0003104545294831951
mAP,BrainLM,113,88.7,86.96023599287368,86.95995100203895,0.00028499083472866005,0.00028499083472866005
mAP,BrainLM,114,88.7,85.23105393958748,85.23075254976843,0.00030138981905736273,0.00030138981905736273
mAP,BrainLM,115,88.7,91.25055168231553,91.25023799725267,0.0003136850628635557,0.0003136850628635557
mAP,BrainLM,116,88.7,89.95335794412749,89.9530422567182,0.00031568740928378247,0.00031568740928378247
mAP,BrainLM,117,88.7,89.02263845781694,89.02233312302268,0.00030533479426253507,0.00030533479426253507
mAP,BrainLM,118,88.7,89.86242727000285,89.86211444189897,0.0003128281038868863,0.0003128281038868863
mAP,BrainLM,119,88.7,89.66986542861333,89.66955644737462,0.00030898123871736516,0.00030898123871736516
mAP,BrainLM,120,88.7,92.55176692451892,92.55145057956068,0.000316344958235959,0.000316344958235959
mAP,BrainLM,121,88.7,92.58529121676375,92.58495675445087,0.00033446231287825867,0.00033446231287825867
mAP,BrainLM,122,88.7,90.33296675736501,90.33266105702104,0.0003057003439721484,0.0003057003439721484
mAP,BrainLM,123,88.7,91.23775812568194,91.23740861768879,0.00034950799314970027,0.00034950799314970027
mAP,BrainLM,124,88.7,90.24251819337087,90.24218765727433,0.0003305360965413229,0.0003305360965413229
mAP,BrainLM,125,88.7,87.31680346950868,87.31649080389614,0.000312665612540286,0.000312665612540286
mAP,BrainLM,126,88.7,90.97002238028637,90.96969402473943,0.00032835554694088387,0.00032835554694088387
mAP,BrainLM,127,88.7,84.51686069578709,84.51651479342222,0.00034590236487019865,0.00034590236487019865
mAP,BrainLM,128,88.7,91.86202019196968,91.86167465688766,0.0003455350820189551,0.0003455350820189551
mAP,BrainLM,129,88.7,85.11677032109306,85.1164311807019,0.00033914039116211825,0.00033914039116211825
mAP,BrainLM,130,88.7,89.5577630644898,89.5574098603842,0.0003532041056075741,0.0003532041056075741
mAP,BrainLM,131,88.7,86.16487774478706,86.16453812472153,0.0003396200655316761,0.0003396200655316761
mAP,BrainLM,132,88.7,90.3605175875052,90.36016694922328,0.00035063828191539415,0.00035063828191539415
mAP,BrainLM,133,88.7,88.59854616595358,88.59822432221628,0.00032184373729648996,0.00032184373729648996
mAP,BrainLM,134,88.7,83.9160809204895,83.91573212551,0.00034879497950157656,0.00034879497950157656
mAP,BrainLM,135,88.7,89.96243572512118,89.96209889305544,0.00033683206574153246,0.00033683206574153246
mAP,BrainLM,136,88.7,86.96657397727212,86.96623766950187,0.000336307770254507,0.000336307770254507
mAP,BrainLM,137,88.7,91.34377531925594,91.3434401624401,0.0003351568158365126,0.0003351568158365126
mAP,BrainLM,138,88.7,88.7043164250705,88.70397706620322,0.00033935886727931575,0.00033935886727931575
mAP,BrainLM,139,88.7,89.88660332922957,89.88626295616412,0.0003403730654554238,0.0003403730654554238
mAP,BrainLM,140,88.7,85.82761231154731,85.82729313495437,0.00031917659293867473,0.00031917659293867473
mAP,BrainLM,141,88.7,86.93236179618255,86.93200330571791,0.00035849046463454215,0.00035849046463454215
mAP,BrainLM,142,88.7,87.3244349201109,87.32408409169675,0.0003508284141560125,0.0003508284141560125
mAP,BrainLM,143,88.7,91.2704710618535,91.27010744072767,0.0003636211258282174,0.0003636211258282174
mAP,BrainLM,144,88.7,93.73247815166613,93.73213126341648,0.0003468882496520109,0.0003468882496520109
mAP,BrainLM,145,88.7,86.28482321761888,86.28448474477138,0.0003384728475026577,0.0003384728475026577
mAP,BrainLM,146,88.7,91.93091490549564,91.93054443397304,0.0003704715226007238,0.0003704715226007238
mAP,BrainLM,147,88.7,82.19129077290428,82.19096774682289,0.00032302608138934374,0.00032302608138934374
mAP,BrainLM,148,88.7,85.1177933352724,85.11743179672314,0.00036153854925657924,0.00036153854925657924
mAP,BrainLM,149,88.7,85.82401412374412,85.82366463143968,0.00034949230443714896,0.00034949230443714896
mAP,BrainLM,150,88.7,84.6428207864664,84.64247393167784,0.0003468547885603357,0.0003468547885603357
mAP,BrainLM,151,88.7,83.94960521273435,83.94923483063727,0.0003703820970883953,0.0003703820970883953
mAP,BrainLM,152,88.7,89.93935323277583,89.9389967364134,0.00035649636242851557,0.00035649636242851557
mAP,BrainLM,153,88.7,88.05818302115547,88.05779690681642,0.00038611433905089143,0.00038611433905089143
mAP,BrainLM,154,88.7,89.83859221550257,89.83821619281534,0.0003760226872344674,0.0003760226872344674
mAP,BrainLM,155,88.7,90.77178104638395,90.77141805836455,0.00036298801940404246,0.00036298801940404246
mAP,BrainLM,156,88.7,89.49724648432912,89.4968509795176,0.00039550481152161865,0.00039550481152161865
mAP,BrainLM,157,88.7,90.67368339361208,90.67328952845112,0.0003938651609587396,0.0003938651609587396
mAP,BrainLM,158,88.7,88.49177641022466,88.4914031412732,0.00037326895146350125,0.00037326895146350125
mAP,BrainLM,159,88.7,85.13940597965893,85.13901983508276,0.00038614457616859,0.00038614457616859
mAP,BrainLM,160,88.7,91.87384952834229,91.87344254246239,0.0004069858799056192,0.0004069858799056192
mAP,BrainLM,161,88.7,86.9330555644191,86.93266360165663,0.00039196276247821515,0.00039196276247821515
mAP,BrainLM,162,88.7,85.89359672611481,85.89321110371273,0.0003856224020779564,0.0003856224020779564
mAP,BrainLM,163,88.7,88.16666955930029,88.16624637258681,0.0004231867134762979,0.0004231867134762979
mAP,BrainLM,164,88.7,85.96195053559192,85.96156724211046,0.00038329348146248776,0.00038329348146248776
mAP,BrainLM,165,88.7,87.44810204797444,87.4477088540317,0.0003931939427417319,0.0003931939427417319
mAP,BrainLM,166,88.7,89.73257502192857,89.7321617646904,0.00041325723816498794,0.00041325723816498794
mAP,BrainLM,167,88.7,89.74542737248052,89.74502521773839,0.00040215474213312064,0.00040215474213312064
mAP,BrainLM,168,88.7,86.00689848617274,86.00650980072311,0.0003886854496357728,0.0003886854496357728
mAP,BrainLM,169,88.7,87.23731409189553,87.23688388115377,0.0004302107417544221,0.0004302107417544221
mAP,BrainLM,170,88.7,91.92340104273013,91.92299901431073,0.0004020284194012902,0.0004020284194012902
mAP,BrainLM,171,88.7,90.1896154256369,90.18920035320183,0.0004150724350751034,0.0004150724350751034
mAP,BrainLM,172,88.7,94.92561841315316,94.92519511804562,0.00042329510753802424,0.00042329510753802424
mAP,BrainLM,173,88.7,92.24080001095842,92.24038452122458,0.0004154897338395358,0.0004154897338395358
mAP,BrainLM,174,88.7,92.13331884881744,92.13287920567981,0.00043964313762501206,0.00043964313762501206
mAP,BrainLM,175,88.7,84.53679771350058,84.5363943486326,0.00040336486797798443,0.00040336486797798443
mAP,BrainLM,176,88.7,90.99202306453402,90.99158105490027,0.00044200963375828906,0.00044200963375828906
mAP,BrainLM,177,88.7,88.54111626650644,88.54067959490926,0.000436671597171312,0.000436671597171312
mAP,BrainLM,178,88.7,87.04749204710126,87.04705458938525,0.0004374577160035642,0.0004374577160035642
mAP,BrainLM,179,88.7,89.20448804728255,89.20404602159759,0.00044202568496132244,0.00044202568496132244
mAP,BrainLM,180,88.7,91.53606670862104,91.53563460383445,0.00043210478658295415,0.00043210478658295415
mAP,BrainLM,181,88.7,90.202926368752,90.20249477301263,0.0004315957393714598,0.0004315957393714598
mAP,BrainLM,182,88.7,86.06502215385645,86.06457859597383,0.00044355788261896123,0.00044355788261896123
mAP,BrainLM,183,88.7,90.9278318644763,90.92737674077786,0.00045512369844402656,0.00045512369844402656
mAP,BrainLM,184,88.7,86.78769348068333,86.78723737377211,0.00045610691121567015,0.00045610691121567015
mAP,BrainLM,185,88.7,89.35052038168756,89.35004935689287,0.0004710247946917434,0.0004710247946917434
mAP,BrainLM,186,88.7,87.79041199940889,87.7899497975686,0.0004622018402926642,0.0004622018402926642
mAP,BrainLM,187,88.7,88.04384906386102,88.04340124479313,0.0004478190678867122,0.0004478190678867122
mAP,BrainLM,188,88.7,90.9992311989241,90.99872892512153,0.0005022738025672879,0.0005022738025672879
mAP,BrainLM,189,88.7,85.57987825717541,85.57941884055231,0.0004594166231015606,0.0004594166231015606
mAP,BrainLM,190,88.7,94.53608518649764,94.5355852228308,0.0004999636668401308,0.0004999636668401308
mAP,BrainLM,191,88.7,83.2371993040519,83.23674179211652,0.00045751193538023927,0.00045751193538023927
mAP,BrainLM,192,88.7,86.90746845115191,86.90699695023544,0.00047150091647552017,0.00047150091647552017
mAP,BrainLM,193,88.7,89.81110017928074,89.81063566982523,0.00046450945551157474,0.00046450945551157474
mAP,BrainLM,194,88.7,90.45343549607017,90.45294249930593,0.0004929967642368638,0.0004929967642368638
mAP,BrainLM,195,88.7,88.39907015976576,88.39857283828489,0.0004973214808643434,0.0004973214808643434
mAP,BrainLM,196,88.7,88.52832270987284,88.52782789099538,0.0004948188774562823,0.0004948188774562823
mAP,BrainLM,197,88.7,89.9321509777776,89.93165025598286,0.0005007217947365916,0.0005007217947365916
mAP,BrainLM,198,88.7,88.00730276421284,88.00679156762696,0.0005111965858759504,0.0005111965858759504
mAP,BrainLM,199,88.7,92.88003688825066,92.87954377380473,0.000493114445930587,0.000493114445930587
mAP,BrainLM,200,88.7,91.21853251438053,91.2180473426948,0.0004851716857245947,0.0004851716857245947
mAP,BrainLM,201,88.7,91.31899956206202,91.3184730530169,0.0005265090451160859,0.0005265090451160859
mAP,BrainLM,202,88.7,85.80204871584746,85.80152982988875,0.0005188859587121897,0.0005188859587121897
mAP,BrainLM,203,88.7,88.46235593348085,88.4618347267829,0.0005212066979538577,0.0005212066979538577
mAP,BrainLM,204,88.7,87.79910174054145,87.79860215383789,0.0004995867035546553,0.0004995867035546553
mAP,BrainLM,205,88.7,85.68372007577035,85.6831958729316,0.0005242028387471009,0.0005242028387471009
mAP,BrainLM,206,88.7,89.78100945186772,89.7804925518373,0.000516900030419265,0.000516900030419265
mAP,BrainLM,207,88.7,87.08756598185062,87.08706272666055,0.0005032551900683302,0.0005032551900683302
mAP,BrainLM,208,88.7,90.66676334942194,90.66621148955072,0.0005518598712228595,0.0005518598712228595
mAP,BrainLM,209,88.7,85.48994707966277,85.489425311317,0.0005217683457630073,0.0005217683457630073
mAP,BrainLM,210,88.7,93.85768568019053,93.85712183852547,0.00056384166505552,0.00056384166505552
mAP,BrainLM,211,88.7,86.01154320572263,86.01100202422381,0.0005411814988178776,0.0005411814988178776
mAP,BrainLM,212,88.7,89.3584575606652,89.35790701160131,0.0005505490638881838,0.0005505490638881838
mAP,BrainLM,213,88.7,91.07612188534605,91.0755779311642,0.0005439541818503812,0.0005439541818503812
mAP,BrainLM,214,88.7,86.98861581726263,86.98807870939966,0.0005371078629679005,0.0005371078629679005
mAP,BrainLM,215,88.7,91.25794795724433,91.25740593029886,0.0005420269454674553,0.0005420269454674553
mAP,BrainLM,216,88.7,85.01298729641645,85.01244920659876,0.0005380898176952087,0.0005380898176952087
mAP,BrainLM,217,88.7,93.05691251222362,93.05635309754769,0.0005594146759335672,0.0005594146759335672
mAP,BrainLM,218,88.7,88.74299694395489,88.74244779489727,0.0005491490576190472,0.0005491490576190472
mAP,BrainLM,219,88.7,86.91132533219587,86.91076577609337,0.0005595561025018014,0.0005595561025018014
mAP,BrainLM,220,88.7,87.80302917428742,87.8024546827177,0.0005744915697221131,0.0005744915697221131
mAP,BrainLM,221,88.7,91.12732550883963,91.12675780817816,0.0005677006614774882,0.0005677006614774882
mAP,BrainLM,222,88.7,86.94721313995849,86.94663412444869,0.000579015509799774,0.000579015509799774
mAP,BrainLM,223,88.7,86.45247407580226,86.45192693173166,0.0005471440705946407,0.0005471440705946407
mAP,BrainLM,224,88.7,88.03597067880173,88.03539020724878,0.0005804715529507121,0.0005804715529507121
mAP,BrainLM,225,88.7,85.16967308882701,85.1691136616901,0.0005594271369062653,0.0005594271369062653
mAP,BrainLM,226,88.7,94.16221465969137,94.16163172382545,0.0005829358659212858,0.0005829358659212858
mAP,BrainLM,227,88.7,87.00140937389622,87.00081622635584,0.0005931475403855302,0.0005931475403855302
mAP,BrainLM,228,88.7,91.19545002203516,91.19485035854122,0.0005996634939435808,0.0005996634939435808
mAP,BrainLM,229,88.7,89.32900180757038,89.32841025094332,0.0005915566270573436,0.0005915566270573436
mAP,BrainLM,230,88.7,85.74697057313443,85.7463978485541,0.0005727245803370806,0.0005727245803370806
mAP,BrainLM,231,88.7,88.68271553946764,88.68213587236181,0.0005796671058249103,0.0005796671058249103
mAP,BrainLM,232,88.7,91.05261607678855,91.05200833793225,0.0006077388563028308,0.0006077388563028308
mAP,BrainLM,233,88.7,88.135802752165,88.13521599474109,0.000586757423917561,0.000586757423917561
mAP,BrainLM,234,88.7,92.27995088118965,92.27933883755308,0.0006120436365648629,0.0006120436365648629
mAP,BrainLM,235,88.7,91.76515133209139,91.7645461783456,0.0006051537457949507,0.0006051537457949507
mAP,BrainLM,236,88.7,91.45736516951379,91.456744563975,0.0006206055387991682,0.0006206055387991682
mAP,BrainLM,237,88.7,87.32162457081363,87.32102968318101,0.000594887632615837,0.000594887632615837
mAP,BrainLM,238,88.7,85.46106750696781,85.46047265665554,0.0005948503122681359,0.0005948503122681359
mAP,BrainLM,239,88.7,86.85984537728605,86.85923718391162,0.0006081933744326307,0.0006081933744326307
mAP,BrainLM,240,88.7,89.28935118903317,89.28872282200017,0.0006283670330020641,0.0006283670330020641
mAP,BrainLM,241,88.7,90.3379759992087,90.33736014059707,0.0006158586116242759,0.0006158586116242759
mAP,BrainLM,242,88.7,82.18587585302397,82.18528578571866,0.0005900673053105265,0.0005900673053105265
mAP,BrainLM,243,88.7,88.67628348479982,88.67566039516475,0.0006230896350700732,0.0006230896350700732
mAP,BrainLM,244,88.7,89.17491470635102,89.17426767596956,0.0006470303814580802,0.0006470303814580802
mAP,BrainLM,245,88.7,87.86797293650007,87.86736723105335,0.0006057054467163425,0.0006057054467163425
mAP,BrainLM,246,88.7,92.57446137700315,92.57382151704763,0.0006398599555126339,0.0006398599555126339
mAP,BrainLM,247,88.7,89.96599863657337,89.96534022275262,0.0006584138207585966,0.0006584138207585966
mAP,BrainLM,248,88.7,92.63119750821372,92.63057572424269,0.000621783971027412,0.000621783971027412
mAP,BrainLM,249,88.7,88.05275046309966,88.05211843894931,0.0006320241503487978,0.0006320241503487978
mAP,BrainLM,250,88.7,91.51310180411238,91.51243247752078,0.000669326591605568,0.000669326591605568
mAP,BrainLM,251,88.7,93.60584781031758,93.60519918358256,0.0006486267350283015,0.0006486267350283015
mAP,BrainLM,252,88.7,92.63572463992689,92.63508034781799,0.0006442921089018228,0.0006442921089018228
mAP,BrainLM,253,88.7,85.42419196137685,85.4235752197138,0.0006167416630518119,0.0006167416630518119
mAP,BrainLM,254,88.7,87.93960744662128,87.93897176737286,0.0006356792484183416,0.0006356792484183416
mAP,BrainLM,255,88.7,87.66514567696613,87.66450588365062,0.0006397933155142255,0.0006397933155142255
mAP,BrainLM,256,88.7,90.16840257989517,90.16776360522898,0.000638974666188119,0.000638974666188119
mAP,BrainLM,257,88.7,90.75974005190527,90.7590606650436,0.0006793868616625787,0.0006793868616625787
mAP,BrainLM,258,88.7,86.18399164764361,86.18332197792279,0.0006696697208212754,0.0006696697208212754
mAP,BrainLM,259,88.7,88.90419222990312,88.90351554175082,0.0006766881522963786,0.0006766881522963786
mAP,BrainLM,260,88.7,82.64087610776546,82.6402180035316,0.0006581042338638099,0.0006581042338638099
mAP,BrainLM,261,88.7,93.02652781521883,93.02583501740567,0.0006927978131585633,0.0006927978131585633
mAP,BrainLM,262,88.7,87.1635277243626,87.16287727796993,0.0006504463926688686,0.0006504463926688686
mAP,BrainLM,263,88.7,88.86824562822214,88.86759181953349,0.0006538086886536121,0.0006538086886536121
mAP,BrainLM,264,88.7,87.77170377458899,87.77105085803582,0.0006529165531645731,0.0006529165531645731
mAP,BrainLM,265,88.7,92.13875140687325,92.13808272504025,0.0006686818330052802,0.0006686818330052802
mAP,BrainLM,266,88.7,80.18813493948527,80.18748067580786,0.0006542636774042876,0.0006542636774042876
mAP,BrainLM,267,88.7,88.65084923572034,88.65016897302228,0.0006802626980686455,0.0006802626980686455
mAP,BrainLM,268,88.7,88.38323107816147,88.38254372750691,0.000687350654558827,0.000687350654558827
mAP,BrainLM,269,88.7,87.33976837401734,87.33909083722496,0.0006775367923808062,0.0006775367923808062
mAP,BrainLM,270,88.7,93.87941591241378,93.8786796369069,0.0007362755068811566,0.0007362755068811566
mAP,BrainLM,271,88.7,86.03870599600168,86.0380116234327,0.0006943725689865232,0.0006943725689865232
mAP,BrainLM,272,88.7,91.01606977714037,91.01538853170699,0.0006812454333839923,0.0006812454333839923
mAP,BrainLM,273,88.7,89.76945056751953,89.76875836611825,0.0006922014012786804,0.0006922014012786804
mAP,BrainLM,274,88.7,92.48528276164542,92.48455775760655,0.0007250040388697698,0.0007250040388697698
mAP,BrainLM,275,88.7,86.69911456329281,86.69843274566749,0.0006818176253204911,0.0006818176253204911
mAP,BrainLM,276,88.7,86.50181393208403,86.50109330262873,0.0007206294553014914,0.0007206294553014914
mAP,BrainLM,277,88.7,91.98892098534265,91.9882097224322,0.000711262910442656,0.000711262910442656
mAP,BrainLM,278,88.7,89.97665209457892,89.97596392499034,0.0006881695885851968,0.0006881695885851968
mAP,BrainLM,279,88.7,84.06591134202012,84.06518795996973,0.0007233820503813604,0.0007233820503813604
mAP,BrainLM,280,88.7,87.08280367446403,87.08208495661019,0.0007187178538430317,0.0007187178538430317
mAP,BrainLM,281,88.7,89.85986385516266,89.85914796154418,0.0007158936184765707,0.0007158936184765707
mAP,BrainLM,282,88.7,91.21400538266735,91.21329266463977,0.0007127180275858791,0.0007127180275858791
mAP,BrainLM,283,88.7,86.66302685620778,86.66230804042114,0.0007188157866409028,0.0007188157866409028
mAP,BrainLM,284,88.7,79.95790971399886,79.95723203054918,0.000677683449680444,0.000677683449680444
mAP,BrainLM,285,88.7,90.270392390062,90.2696695572111,0.0007228328508972481,0.0007228328508972481
mAP,BrainLM,286,88.7,85.03975028805071,85.03903793016808,0.0007123578826337962,0.0007123578826337962
mAP,BrainLM,287,88.7,82.64869569890641,82.64798360563277,0.0007120932736341956,0.0007120932736341956
mAP,BrainLM,288,88.7,80.20373884541613,80.20302222504758,0.000716620368550025,0.000716620368550025
mAP,BrainLM,289,88.7,91.14270011848892,91.14194258059322,0.0007575378956943268,0.0007575378956943268
mAP,BrainLM,290,88.7,89.08661799976859,89.0858523512149,0.0007656485536955415,0.0007656485536955415
mAP,BrainLM,291,88.7,88.02377682013534,88.02303085786325,0.0007459622720915604,0.0007459622720915604
mAP,BrainLM,292,88.7,92.86783715019243,92.86707308888829,0.0007640613041388633,0.0007640613041388633
mAP,BrainLM,293,88.7,90.61274349723928,90.61197404906922,0.0007694481700610822,0.0007694481700610822
mAP,BrainLM,294,88.7,93.54968785950688,93.54890012816576,0.0007877313411199793,0.0007877313411199793
mAP,BrainLM,295,88.7,84.52256370586733,84.52179358349902,0.0007701223683085345,0.0007701223683085345
mAP,BrainLM,296,88.7,88.59709983556209,88.59634812813812,0.0007517074239729027,0.0007517074239729027
mAP,BrainLM,297,88.7,83.85059625422801,83.84985987515596,0.0007363790720518182,0.0007363790720518182
mAP,BrainLM,298,88.7,88.01264125199928,88.0118530044336,0.000788247565679967,0.000788247565679967
mAP,BrainLM,299,88.7,87.95494090052772,87.95415243869996,0.0007884618277529398,0.0007884618277529398
mAP,BrainLM,300,88.7,90.5806302590349,90.57984091178922,0.0007893472456856898,0.0007893472456856898
mAP,BrainLM,301,88.7,88.97416875152678,88.97338328685139,0.0007854646753884253,0.0007854646753884253
mAP,BrainLM,302,88.7,92.44125787558275,92.4404428296795,0.0008150459032520985,0.0008150459032520985
mAP,BrainLM,303,88.7,92.92143368616296,92.92064079883338,0.000792887329581049,0.000792887329581049
mAP,BrainLM,304,88.7,100.00083291260664,100.0,0.0008329126066399795,0.0008329126066399795
mAP,BrainLM,305,88.7,86.80905919061279,86.80822006828326,0.000839122329523434,0.000839122329523434
mAP,BrainLM,306,88.7,83.05467946391705,83.05386379600174,0.0008156679153188406,0.0008156679153188406
mAP,BrainLM,307,88.7,90.17733925548481,90.17650169189845,0.0008375635863586695,0.0008375635863586695
mAP,BrainLM,308,88.7,83.8871425538762,83.88631983716274,0.000822716713457794,0.000822716713457794
mAP,BrainLM,309,88.7,97.5926340168706,97.59176461061922,0.0008694062513825429,0.0008694062513825429
mAP,BrainLM,310,88.7,87.00150344416559,87.0006917663286,0.0008116778369924305,0.0008116778369924305
mAP,BrainLM,311,88.7,85.30734492804224,85.30654179275606,0.0008031352861763708,0.0008031352861763708
mAP,BrainLM,312,88.7,85.87292478442193,85.8721056730933,0.0008191113286244445,0.0008191113286244445
mAP,BrainLM,313,88.7,93.0113472255001,93.01050454082984,0.0008426846702604962,0.0008426846702604962
mAP,BrainLM,314,88.7,87.7543478098912,87.75351810061109,0.0008297092801115014,0.0008297092801115014
mAP,BrainLM,315,88.7,84.85081015203174,84.84999907921771,0.000811072814030922,0.000811072814030922
mAP,BrainLM,316,88.7,98.69298571641305,98.6921115057412,0.000874210671852893,0.000874210671852893
mAP,BrainLM,317,88.7,83.56381127928609,83.5629809560295,0.0008303232565793905,0.0008303232565793905
mAP,BrainLM,318,88.7,88.91421071359046,88.91339644419796,0.0008142693925066169,0.0008142693925066169
mAP,BrainLM,319,88.7,92.61468817594022,92.61383690966139,0.0008512662788291436,0.0008512662788291436
mAP,BrainLM,320,88.7,78.91278902135717,78.91198933749756,0.0007996838596113776,0.0007996838596113776
mAP,BrainLM,321,88.7,91.58241983385048,91.58156300843555,0.0008568254149281529,0.0008568254149281529
mAP,BrainLM,322,88.7,82.37019478706041,82.3693539471173,0.0008408399431090174,0.0008408399431090174
mAP,BrainLM,323,88.7,93.63755537048532,93.63669668500401,0.000858685481304633,0.000858685481304633
mAP,BrainLM,324,88.7,82.92494480367948,82.92409392848614,0.0008508751933362646,0.0008508751933362646
mAP,BrainLM,325,88.7,92.85747178238681,92.85661419109317,0.0008575912936379382,0.0008575912936379382
mAP,BrainLM,326,88.7,95.3359000135954,95.33499839776827,0.0009016158271322183,0.0009016158271322183
mAP,BrainLM,327,88.7,93.86951501656314,93.86861915379683,0.0008958627663133711,0.0008958627663133711
mAP,BrainLM,328,88.7,90.20878224301997,90.20789988942862,0.000882353591350693,0.000882353591350693
mAP,BrainLM,329,88.7,87.31304653812593,87.3121943424218,0.0008521957041267569,0.0008521957041267569
mAP,BrainLM,330,88.7,85.24234237191123,85.24148254199093,0.0008598299203015358,0.0008598299203015358
mAP,BrainLM,331,88.7,97.52710231547444,97.52620814490263,0.0008941705718115145,0.0008941705718115145
mAP,BrainLM,332,88.7,84.50391427496578,84.50302867899414,0.0008855959716385087,0.0008855959716385087
mAP,BrainLM,333,88.7,82.47846378770733,82.47760355858003,0.0008602291272978846,0.0008602291272978846
mAP,BrainLM,334,88.7,92.69311926302302,92.69221361019699,0.0009056528260344976,0.0009056528260344976
mAP,BrainLM,335,88.7,83.9240768933855,83.92317918088104,0.0008977125044680179,0.0008977125044680179
mAP,BrainLM,336,88.7,83.00048322997932,82.99961901520324,0.0008642147760866692,0.0008642147760866692
mAP,BrainLM,337,88.7,80.03925110004013,80.03837442698142,0.0008766730587126403,0.0008766730587126403
mAP,BrainLM,338,88.7,85.8034362523206,85.8025409632369,0.0008952890837008454,0.0008952890837008454
mAP,BrainLM,339,88.7,88.2046033954216,88.20370985662105,0.0008935388005539835,0.0008935388005539835
mAP,BrainLM,340,88.7,90.15944238673818,90.15855036596419,0.0008920207739890884,0.0008920207739890884
mAP,BrainLM,341,88.7,94.4087375593452,94.4078374657969,0.0009000935482958994,0.0009000935482958994
mAP,BrainLM,342,88.7,91.8622906439941,91.86138754199476,0.0009031019993415157,0.0009031019993415157
mAP,BrainLM,343,88.7,87.5556596422093,87.55476668268092,0.0008929595283859726,0.0008929595283859726
mAP,BrainLM,344,88.7,87.51175234398333,87.51082594172168,0.0009264022616548573,0.0009264022616548573
mAP,BrainLM,345,88.7,91.76185887266362,91.76094481349111,0.0009140591725156355,0.0009140591725156355
mAP,BrainLM,346,88.7,96.3363608458562,96.33542097757142,0.0009398682847887585,0.0009398682847887585
mAP,BrainLM,347,88.7,89.45879526172631,89.4578851968992,0.0009100648271100908,0.0009100648271100908
mAP,BrainLM,348,88.7,85.88612401909215,85.88521487473754,0.0009091443546083156,0.0009091443546083156
mAP,BrainLM,349,88.7,82.74369491218107,82.74280399348673,0.0008909186943384384,0.0008909186943384384
mAP,BrainLM,350,88.7,80.02967357074044,80.02876841352665,0.0009051572137934727,0.0009051572137934727
mAP,BrainLM,351,88.7,92.69855182107884,92.69761803226115,0.0009337888176901288,0.0009337888176901288
mAP,BrainLM,352,88.7,92.16880685793527,92.16787114183735,0.0009357160979135415,0.0009357160979135415
mAP,BrainLM,353,88.7,92.16512635864638,92.16418115063998,0.0009452080063994117,0.0009452080063994117
mAP,BrainLM,354,88.7,87.92898926496675,87.92804332188767,0.0009459430790741408,0.0009459430790741408
mAP,BrainLM,355,88.7,97.14259008944627,97.14160847535051,0.0009816140957639163,0.0009816140957639163
mAP,BrainLM,356,88.7,85.79619284157951,85.7952890324911,0.0009038090884132544,0.0009038090884132544
mAP,BrainLM,357,88.7,94.43257261384548,94.43161542324323,0.0009571906022500798,0.0009571906022500798
mAP,BrainLM,358,88.7,88.46848225977322,88.46754263006274,0.000939629710487111,0.000939629710487111
mAP,BrainLM,359,88.7,85.0508270622684,85.04989541192398,0.0009316503444125601,0.0009316503444125601
mAP,BrainLM,360,88.7,92.25613934425671,92.25518184390657,0.0009575003501396395,0.0009575003501396395
mAP,BrainLM,361,88.7,91.15878613455028,91.15781671210397,0.0009694224463174805,0.0009694224463174805
mAP,BrainLM,362,88.7,90.84279234097062,90.84183655560156,0.0009557853690580487,0.0009557853690580487
mAP,BrainLM,363,88.7,89.18864896567827,89.1876705323372,0.0009784333410749468,0.0009784333410749468
mAP,BrainLM,364,88.7,88.4736090894536,88.47264150969902,0.0009675797545867226,0.0009675797545867226
mAP,BrainLM,365,88.7,100.00099753557802,100.0,0.0009975355780227346,0.0009975355780227346
mAP,BrainLM,366,88.7,95.80655708879428,95.80553987117705,0.001017217617231836,0.001017217617231836
mAP,BrainLM,367,88.7,93.03799262929765,93.03696136991307,0.0010312593845753781,0.0010312593845753781
mAP,BrainLM,368,88.7,89.37179202134764,89.37079494922033,0.000997072127319143,0.000997072127319143
mAP,BrainLM,369,88.7,94.74398048179361,94.74294320358001,0.0010372782136016667,0.0010372782136016667
mAP,BrainLM,370,88.7,91.808964560048,91.80796865834871,0.0009959016992837633,0.0009959016992837633
mAP,BrainLM,371,88.7,88.8582271445348,88.85722851664421,0.0009986278905813606,0.0009986278905813606
mAP,BrainLM,372,88.7,86.8796118926363,86.87861404840451,0.0009978442317901681,0.0009978442317901681
mAP,BrainLM,373,88.7,88.21550966727607,88.21449597402388,0.0010136932521902509,0.0010136932521902509
mAP,BrainLM,374,88.7,69.67840454673987,69.67744558473167,0.0009589620081982275,0.0009589620081982275
mAP,BrainLM,375,88.7,89.96461110010024,89.96360503578586,0.0010060643143816606,0.0010060643143816606
mAP,BrainLM,376,88.7,85.77012361818183,85.76914351933785,0.0009800988439820912,0.0009800988439820912
mAP,BrainLM,377,88.7,98.25706408817707,98.25601998969731,0.0010440984797668307,0.0010440984797668307
mAP,BrainLM,378,88.7,88.81705376351225,88.81606442487053,0.000989338641716131,0.000989338641716131
mAP,BrainLM,379,88.7,81.5672050883716,81.56621948279023,0.0009856055813628473,0.0009856055813628473
mAP,BrainLM,380,88.7,88.40172764487531,88.4007190752313,0.001008569644014301,0.001008569644014301
mAP,BrainLM,381,88.7,100.00104457071271,100.0,0.001044570712707582,0.001044570712707582
mAP,BrainLM,382,88.7,99.39058731645423,99.38954544842066,0.001041868033567539,0.001041868033567539
mAP,BrainLM,383,88.7,100.00105632949638,100.0,0.001056329496378794,0.001056329496378794
mAP,BrainLM,384,88.7,100.00110336463106,100.0,0.0011033646310636414,0.0011033646310636414
mAP,BrainLM,385,88.7,99.32988847514666,99.32881553422781,0.0010729409188456884,0.0010729409188456884
mAP,BrainLM,386,88.7,100.00110336463106,100.0,0.0011033646310636414,0.0011033646310636414
mAP,BrainLM,387,88.7,100.00110336463106,100.0,0.0011033646310636414,0.0011033646310636414
mAP,BrainLM,388,88.7,98.99269359460894,98.99159380748662,0.0010997871223139555,0.0010997871223139555
mAP,BrainLM,389,88.7,100.00113864098206,100.0,0.001138640982063066,0.001138640982063066
mAP,BrainLM,390,88.7,99.713930349828,99.71279562805124,0.0011347217767649909,0.0011347217767649909
mAP,BrainLM,391,88.7,75.48626770096473,75.48522619249079,0.001041508473946351,0.001041508473946351
mAP,BrainLM,392,88.7,75.42978438360306,75.42871170573524,0.0010726778678247229,0.0010726778678247229
mAP,BrainLM,393,88.7,74.78529133001008,74.78421057658136,0.001080753428723824,0.001080753428723824
mAP,BrainLM,394,88.7,76.69358317616664,76.69252187590199,0.0010613002646522318,0.0010613002646522318
mAP,BrainLM,395,88.7,76.88122984598185,76.88017248108906,0.0010573648927874046,0.0010573648927874046
mAP,BrainLM,396,88.7,75.68719003754403,75.68609757821409,0.0010924593299392882,0.0010924593299392882
mAP,BrainLM,397,88.7,78.17119781160432,78.1701173746323,0.001080436972017651,0.001080436972017651
mAP,BrainLM,398,88.7,76.51343273094143,76.51233794482751,0.0010947861139243287,0.0010947861139243287
mAP,BrainLM,399,88.7,76.51609021605098,76.5150095994766,0.0010806165743844076,0.0010806165743844076
mAP,BrainLM,400,88.7,78.34318178157031,78.34210750875846,0.0010742728118486866,0.0010742728118486866
mAP,Com-brainTF,1,86.9,90.21182776799064,90.21180064010572,2.7127884919764256e-05,2.7127884919764256e-05
mAP,Com-brainTF,2,86.9,86.1311653120035,86.13115752724529,7.78475821050506e-06,7.78475821050506e-06
mAP,Com-brainTF,3,86.9,86.1922521931722,86.19225041206363,1.7811085655239367e-06,1.7811085655239367e-06
mAP,Com-brainTF,4,86.9,85.6793458082449,85.67934426648688,1.5417580243592965e-06,1.5417580243592965e-06
mAP,Com-brainTF,5,86.9,85.29575076734304,85.29572998746704,2.0779875995913244e-05,2.0779875995913244e-05
mAP,Com-brainTF,6,86.9,87.78492064743472,87.78491436712648,6.280308241457533e-06,6.280308241457533e-06
mAP,Com-brainTF,7,86.9,82.40824033162659,82.40822706446407,1.3267162515262498e-05,1.3267162515262498e-05
mAP,Com-brainTF,8,86.9,90.74284267977063,90.74281873000018,2.3949770451281438e-05,2.3949770451281438e-05
mAP,Com-brainTF,9,86.9,84.90377171368405,84.90373310561162,3.8608072429724416e-05,3.8608072429724416e-05
mAP,Com-brainTF,10,86.9,89.06573439996963,89.06571045631443,2.3943655193647828e-05,2.3943655193647828e-05
mAP,Com-brainTF,11,86.9,83.09004988519818,83.09000420781838,4.5677379802100404e-05,4.5677379802100404e-05
mAP,Com-brainTF,12,86.9,88.90656162481274,88.90652039163867,4.1233174073340706e-05,4.1233174073340706e-05
mAP,Com-brainTF,13,86.9,88.91588634026353,88.91583382344349,5.251682003404312e-05,5.251682003404312e-05
mAP,Com-brainTF,14,86.9,88.0526916691813,88.0526062160177,8.545316360653032e-05,8.545316360653032e-05
mAP,Com-brainTF,15,86.9,83.91677468872608,83.91671443460064,6.025412544374831e-05,6.025412544374831e-05
mAP,Com-brainTF,16,86.9,87.64869513861098,87.64864456879424,5.056981673590144e-05,5.056981673590144e-05
mAP,Com-brainTF,17,86.9,83.35090674214646,83.35083144579684,7.529634962111231e-05,7.529634962111231e-05
mAP,Com-brainTF,18,86.9,86.1417599760907,86.14171023471145,4.9741379243073425e-05,4.9741379243073425e-05
mAP,Com-brainTF,19,86.9,89.98830504919647,89.98823930286598,6.574633049183376e-05,6.574633049183376e-05
mAP,Com-brainTF,20,86.9,89.29019782145745,89.29010578121223,9.204024522091458e-05,9.204024522091458e-05
mAP,Com-brainTF,21,86.9,86.94561394537929,86.94554882762131,6.511775798401231e-05,6.511775798401231e-05
mAP,Com-brainTF,22,86.9,83.9756509185647,83.97558027223148,7.06463332136309e-05,7.06463332136309e-05
mAP,Com-brainTF,23,86.9,88.83686143460534,88.83676313652259,9.829808274730567e-05,9.829808274730567e-05
mAP,Com-brainTF,24,86.9,86.95823699964967,86.95814371309409,9.328655558249466e-05,9.328655558249466e-05
mAP,Com-brainTF,25,86.9,79.9391426952606,79.93905320530874,8.948995186131015e-05,8.948995186131015e-05
mAP,Com-brainTF,26,86.9,89.24797202929638,89.24788947894956,8.255034681781126e-05,8.255034681781126e-05
mAP,Com-brainTF,27,86.9,86.8274028931389,86.82730149839092,0.00010139474797199455,0.00010139474797199455
mAP,Com-brainTF,28,86.9,90.50745534825285,90.50735374394922,0.00010160430362304851,0.00010160430362304851
mAP,Com-brainTF,29,86.9,83.61426822001658,83.61418844347159,7.977654499313758e-05,7.977654499313758e-05
mAP,Com-brainTF,30,86.9,77.36994253350692,77.36988856041201,5.3973094907178165e-05,5.3973094907178165e-05
mAP,Com-brainTF,31,86.9,87.73739164383821,87.73725157503556,0.00014006880265071686,0.00014006880265071686
mAP,Com-brainTF,32,86.9,87.77480809347801,87.77469103004593,0.00011706343208572889,0.00011706343208572889
mAP,Com-brainTF,33,86.9,81.82809722167089,81.82798511718065,0.00011210449024190439,0.00011210449024190439
mAP,Com-brainTF,34,86.9,83.96463293826535,83.96450136240018,0.0001315758651685428,0.0001315758651685428
mAP,Com-brainTF,35,86.9,95.16579744901671,95.16565323115971,0.0001442178569988073,0.0001442178569988073
mAP,Com-brainTF,36,86.9,85.98329860734587,85.9831681575386,0.0001304498072727256,0.0001304498072727256
mAP,Com-brainTF,37,86.9,89.09301477808539,89.09287692912865,0.00013784895674007203,0.00013784895674007203
mAP,Com-brainTF,38,86.9,84.94813760447317,84.94802051789486,0.00011708657831377423,0.00011708657831377423
mAP,Com-brainTF,39,86.9,80.62921867375262,80.62909130344053,0.00012737031208587268,0.00012737031208587268
mAP,Com-brainTF,40,86.9,86.38938232201772,86.38922525961229,0.00015706240543522654,0.00015706240543522654
mAP,Com-brainTF,41,86.9,86.1033440298389,86.10318631914168,0.0001577106972092679,0.0001577106972092679
mAP,Com-brainTF,42,86.9,85.70049986006828,85.7003652839949,0.00013457607337841182,0.00013457607337841182
mAP,Com-brainTF,43,86.9,86.55622182412785,86.55607749348083,0.00014433064701790954,0.00014433064701790954
mAP,Com-brainTF,44,86.9,87.69296695913073,87.69280481493692,0.00016214419380844447,0.00016214419380844447
mAP,Com-brainTF,45,86.9,86.4498165906927,86.44964914623858,0.0001674444541208686,0.0001674444541208686
mAP,Com-brainTF,46,86.9,83.10812313569987,83.10798149615792,0.00014163954195112183,0.00014163954195112183
mAP,Com-brainTF,47,86.9,88.35872577299197,88.35855437468582,0.00017139830615064966,0.00017139830615064966
mAP,Com-brainTF,48,86.9,81.05204101697954,81.05188473403274,0.0001562829468042537,0.0001562829468042537
mAP,Com-brainTF,49,86.9,80.74908771449057,80.7489276281474,0.00016008634317188353,0.00016008634317188353
mAP,Com-brainTF,50,86.9,89.11769646500996,89.1175414841047,0.00015498090525056796,0.00015498090525056796
mAP,Com-brainTF,51,86.9,88.42122370820114,88.42106081640608,0.00016289179505690754,0.00016289179505690754
mAP,Com-brainTF,52,86.9,86.72797061842041,86.7278139047779,0.00015671364251090836,0.00015671364251090836
mAP,Com-brainTF,53,86.9,82.71379232530677,82.71365448573479,0.00013783957197688324,0.00013783957197688324
mAP,Com-brainTF,54,86.9,84.7764240865316,84.77626717797779,0.00015690855381933488,0.00015690855381933488
mAP,Com-brainTF,55,86.9,86.11191618313475,86.1117597569405,0.00015642619425193516,0.00015642619425193516
mAP,Com-brainTF,56,86.9,82.11249516352768,82.11231809427767,0.00017706925001448326,0.00017706925001448326
mAP,Com-brainTF,57,86.9,84.6830828617545,84.6829140259303,0.0001688358241977994,0.0001688358241977994
mAP,Com-brainTF,58,86.9,88.85716885400444,88.85699101453004,0.00017783947440364045,0.00017783947440364045
mAP,Com-brainTF,59,86.9,91.18209792317721,91.18191609286765,0.0001818303095575402,0.0001818303095575402
mAP,Com-brainTF,60,86.9,85.64189408225408,85.64169574202435,0.00019834022972986531,0.00019834022972986531
mAP,Com-brainTF,61,86.9,89.16963501248293,89.1694650629483,0.0001699495346230151,0.0001699495346230151
mAP,Com-brainTF,62,86.9,81.15799941663519,81.1578197882376,0.00017962839758922655,0.00017962839758922655
mAP,Com-brainTF,63,86.9,88.87856984028491,88.87835372334084,0.00021611694407397408,0.00021611694407397408
mAP,Com-brainTF,64,86.9,84.48834564538592,84.48815475581756,0.00019088956835844328,0.00019088956835844328
mAP,Com-brainTF,65,86.9,87.82221950923781,87.82203685012392,0.00018265911388937184,0.00018265911388937184
mAP,Com-brainTF,66,86.9,86.15694056580942,86.15674274528088,0.00019782052854111498,0.00019782052854111498
mAP,Com-brainTF,67,86.9,90.86144177187217,90.8612420293515,0.00019974252066390363,0.00019974252066390363
mAP,Com-brainTF,68,86.9,84.27688743863777,84.27669305498026,0.0001943836575151181,0.0001943836575151181
mAP,Com-brainTF,69,86.9,88.78299444661039,88.7828188926855,0.00017555392489043697,0.00017555392489043697
mAP,Com-brainTF,70,86.9,86.06167090051034,86.0614776101104,0.00019329039993465358,0.00019329039993465358
mAP,Com-brainTF,71,86.9,86.4252936473477,86.42508356597101,0.0002100813766929832,0.0002100813766929832
mAP,Com-brainTF,72,86.9,86.34863225720731,86.34843832052238,0.00019393668493705718,0.00019393668493705718
mAP,Com-brainTF,73,86.9,84.36316163442886,84.36298068651767,0.00018094791118983267,0.00018094791118983267
mAP,Com-brainTF,74,86.9,86.85791693676407,86.85770310227998,0.00021383448408585082,0.00021383448408585082
mAP,Com-brainTF,75,86.9,86.71224912465284,86.71205533363454,0.00019379101830452328,0.00019379101830452328
mAP,Com-brainTF,76,86.9,87.62395465776807,87.6237207452202,0.00023391254786986337,0.00023391254786986337
mAP,Com-brainTF,77,86.9,87.15372089878133,87.1535154370786,0.0002054617027340555,0.0002054617027340555
mAP,Com-brainTF,78,86.9,89.29420756668912,89.29398364883671,0.0002239178524092722,0.0002239178524092722
mAP,Com-brainTF,79,86.9,89.67077085495596,89.6705258481421,0.0002450068138557526,0.0002450068138557526
mAP,Com-brainTF,80,86.9,83.74835363021226,83.7481300345166,0.00022359569565821857,0.00022359569565821857
mAP,Com-brainTF,81,86.9,89.5065711997799,89.50631750177232,0.0002536980075831252,0.0002536980075831252
mAP,Com-brainTF,82,86.9,83.34125278075291,83.34099071867044,0.00026206208247003815,0.00026206208247003815
mAP,Com-brainTF,83,86.9,88.66385445046001,88.66356766441321,0.00028678604680010267,0.00028678604680010267
mAP,Com-brainTF,84,86.9,88.75948863805289,88.75921635410862,0.00027228394426970226,0.00027228394426970226
mAP,Com-brainTF,85,86.9,81.16632463547397,81.1660493250125,0.000275310461475442,0.000275310461475442
mAP,Com-brainTF,86,86.9,87.17919042421182,87.17893773958824,0.0002526846235895164,0.0002526846235895164
mAP,Com-brainTF,87,86.9,85.49477993975138,85.49451165991906,0.0002682798323263569,0.0002682798323263569
mAP,Com-brainTF,88,86.9,84.62395969745879,84.62370422619388,0.0002554712649072144,0.0002554712649072144
mAP,Com-brainTF,89,86.9,90.95281927977629,90.95255699209702,0.0002622876792770512,0.0002622876792770512
mAP,Com-brainTF,90,86.9,84.93924208462637,84.93896257808775,0.0002795065386180795,0.0002795065386180795
mAP,Com-brainTF,91,86.9,84.48112575221218,84.48086921264586,0.0002565395663225445,0.0002565395663225445
mAP,Com-brainTF,92,86.9,87.12734594700821,87.12708482001528,0.00026112699292468733,0.00026112699292468733
mAP,Com-brainTF,93,86.9,88.95705972128607,88.95676923889525,0.0002904823908238541,0.0002904823908238541
mAP,Com-brainTF,94,86.9,86.47532139247421,86.47505424196963,0.000267150504583924,0.000267150504583924
mAP,Com-brainTF,95,86.9,90.39941564388751,90.39911163700776,0.0003040068797446338,0.0003040068797446338
mAP,Com-brainTF,96,86.9,88.4931992230488,88.49292698589228,0.0002722371565226922,0.0002722371565226922
mAP,Com-brainTF,97,86.9,80.36564553777643,80.36536604080571,0.000279496970719606,0.000279496970719606
mAP,Com-brainTF,98,86.9,85.31187205975542,85.31159910947898,0.00027295027643958747,0.00027295027643958747
mAP,Com-brainTF,99,86.9,85.21475626542005,85.21447370194491,0.00028256347513888613,0.00028256347513888613
mAP,Com-brainTF,100,86.9,88.33838307724186,88.33808286028827,0.00030021695359039313,0.00030021695359039313
mAP,Com-brainTF,101,86.9,79.02583796756619,79.02554883087767,0.0002891366885222624,0.0002891366885222624
mAP,Com-brainTF,102,86.9,94.5473383424704,94.54702912615318,0.000309216317219807,0.000309216317219807
mAP,Com-brainTF,103,86.9,88.49337560480386,88.49307828468264,0.0002973201212199683,0.0002973201212199683
mAP,Com-brainTF,104,86.9,87.34691771448905,87.34663041175308,0.0002873027359697744,0.0002873027359697744
mAP,Com-brainTF,105,86.9,90.44501620696204,90.44470314925745,0.0003130577045880045,0.0003130577045880045
mAP,Com-brainTF,106,86.9,93.93127802779289,93.93096215843788,0.0003158693550062708,0.0003158693550062708
mAP,Com-brainTF,107,86.9,89.51254466188456,89.51223993376522,0.0003047281193460094,0.0003047281193460094
mAP,Com-brainTF,108,86.9,89.7467561150353,89.74643928941487,0.0003168256204304498,0.0003168256204304498
mAP,Com-brainTF,109,86.9,87.29237459643305,87.29207007339315,0.0003045230399010279,0.0003045230399010279
mAP,Com-brainTF,110,86.9,86.47574470868635,86.47542273989916,0.00032196878719048527,0.00032196878719048527
mAP,Com-brainTF,111,86.9,85.47293211969144,85.4726136679853,0.00031845170613564733,0.00031845170613564733
mAP,Com-brainTF,112,86.9,84.42197907034914,84.42166402485638,0.00031504549275496174,0.00031504549275496174
mAP,Com-brainTF,113,86.9,84.83925126768355,84.83895770090152,0.00029356678203384945,0.00029356678203384945
mAP,Com-brainTF,114,86.9,82.84865381522472,82.84833210697106,0.00032170825366506506,0.00032170825366506506
mAP,Com-brainTF,115,86.9,86.67271609395233,86.67238564794494,0.00033044600739629004,0.00033044600739629004
mAP,Com-brainTF,116,86.9,81.8463233363603,81.84599726832084,0.00032606803945611773,0.00032606803945611773
mAP,Com-brainTF,117,86.9,87.47308946327445,87.47274957243114,0.00033989084330698915,0.00033989084330698915
mAP,Com-brainTF,118,86.9,86.79133870362121,86.79100817587297,0.0003305277482326119,0.0003305277482326119
mAP,Com-brainTF,119,86.9,87.34115591049047,87.34080589516007,0.00035001533039746846,0.00035001533039746846
mAP,Com-brainTF,120,86.9,85.33393153792143,85.33360528994002,0.00032624798140545863,0.00032624798140545863
mAP,Com-brainTF,121,86.9,96.13094665391475,96.13058111054151,0.00036554337323480013,0.00036554337323480013
mAP,Com-brainTF,122,86.9,90.98073463221027,90.98034770054095,0.0003869316693254632,0.0003869316693254632
mAP,Com-brainTF,123,86.9,83.16672891351408,83.16637249974583,0.00035641376824457893,0.00035641376824457893
mAP,Com-brainTF,124,86.9,87.59896724246806,87.5986042622807,0.0003629801873614724,0.0003629801873614724
mAP,Com-brainTF,125,86.9,85.0763318640499,85.07598157118804,0.00035029286186727404,0.00035029286186727404
mAP,Com-brainTF,126,86.9,83.85693423862647,83.85656081987776,0.0003734187487083318,0.0003734187487083318
mAP,Com-brainTF,127,86.9,82.88013207911088,82.8797837866282,0.0003482924826840872,0.0003482924826840872
mAP,Com-brainTF,128,86.9,88.19703073873775,88.19665007227776,0.00038066645998924287,0.00038066645998924287
mAP,Com-brainTF,129,86.9,84.85624271008754,84.85585929479129,0.00038341529625540716,0.00038341529625540716
mAP,Com-brainTF,130,86.9,89.80385676853966,89.80347807207562,0.00037869646403976276,0.00037869646403976276
mAP,Com-brainTF,131,86.9,89.88174695157362,89.88134664359133,0.0004003079822894051,0.0004003079822894051
mAP,Com-brainTF,132,86.9,91.02213730951439,91.02174315563435,0.00039415388003760654,0.00039415388003760654
mAP,Com-brainTF,133,86.9,84.34321873732355,84.34283970177769,0.00037903554586193877,0.00037903554586193877
mAP,Com-brainTF,134,86.9,88.3264949469509,88.32609683207603,0.0003981148748692931,0.0003981148748692931
mAP,Com-brainTF,135,86.9,88.79775172011698,88.79736264992691,0.0003890701900672866,0.0003890701900672866
mAP,Com-brainTF,136,86.9,85.47784729126573,85.47746547468812,0.0003818165776152682,0.0003818165776152682
mAP,Com-brainTF,137,86.9,84.58506164107649,84.58468412782138,0.0003775132551169236,0.0003775132551169236
mAP,Com-brainTF,138,86.9,91.72899307230433,91.72856199732793,0.00043107497640448855,0.00043107497640448855
mAP,Com-brainTF,139,86.9,87.58288122640671,87.58248762719617,0.000393599210539719,0.000393599210539719
mAP,Com-brainTF,140,86.9,88.80831110785316,88.80790325213522,0.0004078557179383324,0.0004078557179383324
mAP,Com-brainTF,141,86.9,84.43417292901553,84.43377196451623,0.00040096449930615563,0.00040096449930615563
mAP,Com-brainTF,142,86.9,83.24253779183834,83.24214660043343,0.00039119140491550297,0.00039119140491550297
mAP,Com-brainTF,143,86.9,85.19206181293582,85.19165067652368,0.00041113641213996743,0.00041113641213996743
mAP,Com-brainTF,144,86.9,86.52834174804488,86.52793583783001,0.00040591021486591217,0.00040591021486591217
mAP,Com-brainTF,145,86.9,83.7077623089814,83.70733997954795,0.0004223294334479988,0.0004223294334479988
mAP,Com-brainTF,146,86.9,86.87088687515272,86.87046557404885,0.00042130110387006425,0.00042130110387006425
mAP,Com-brainTF,147,86.9,81.83487616045697,81.83448443579451,0.00039172466246384374,0.00039172466246384374
mAP,Com-brainTF,148,86.9,83.54027019437758,83.53985773259039,0.00041246178719234194,0.00041246178719234194
mAP,Com-brainTF,149,86.9,88.91315242306011,88.91273374483063,0.0004186782294794966,0.0004186782294794966
mAP,Com-brainTF,150,86.9,88.71180677026867,88.71137156083368,0.00043520943498265297,0.00043520943498265297
mAP,Com-brainTF,151,86.9,85.72479350713171,85.7243697038394,0.0004238032923069568,0.0004238032923069568
mAP,Com-brainTF,152,86.9,83.84715093061253,83.84670707276915,0.00044385784337919176,0.00044385784337919176
mAP,Com-brainTF,153,86.9,83.81821256399923,83.81778934542197,0.0004232185772536923,0.0004232185772536923
mAP,Com-brainTF,154,86.9,85.78062421199965,85.78019526217606,0.00042894982358632205,0.00042894982358632205
mAP,Com-brainTF,155,86.9,88.83402756774073,88.83355547493588,0.0004720928048556061,0.0004720928048556061
mAP,Com-brainTF,156,86.9,89.68522240008711,89.68473707403298,0.0004853260541324289,0.0004853260541324289
mAP,Com-brainTF,157,86.9,85.41088101826175,85.4104047935541,0.00047622470765418257,0.00047622470765418257
mAP,Com-brainTF,158,86.9,83.43999128723482,83.43952272204565,0.0004685651891662701,0.0004685651891662701
mAP,Com-brainTF,159,86.9,87.70398493943007,87.70353091359901,0.0004540258310612444,0.0004540258310612444
mAP,Com-brainTF,160,86.9,84.42985745540842,84.42939508812246,0.00046236728596227294,0.00046236728596227294
mAP,Com-brainTF,161,86.9,85.34570208037569,85.3452420834164,0.00045999695929310747,0.00045999695929310747
mAP,Com-brainTF,162,86.9,90.87631663321547,90.87582827131112,0.0004883619043454246,0.0004883619043454246
mAP,Com-brainTF,163,86.9,89.38184578138599,89.3813462856973,0.0004994956886861246,0.0004994956886861246
mAP,Com-brainTF,164,86.9,87.37440975071088,87.37392293675435,0.0004868139565274987,0.0004868139565274987
mAP,Com-brainTF,165,86.9,83.08473491497908,83.08424299666184,0.0004919183172376052,0.0004919183172376052
mAP,Com-brainTF,166,86.9,87.53468197214097,87.53418970241198,0.000492269728994188,0.000492269728994188
mAP,Com-brainTF,167,86.9,90.08848988606987,90.08797187236259,0.0005180137072784419,0.0005180137072784419
mAP,Com-brainTF,168,86.9,85.77359245936465,85.7730990027034,0.0004934566612462277,0.0004934566612462277
mAP,Com-brainTF,169,86.9,90.95387757030664,90.95334226996015,0.000535300346498957,0.000535300346498957
mAP,Com-brainTF,170,86.9,90.77875400510061,90.77823586855463,0.0005181365459776544,0.0005181365459776544
mAP,Com-brainTF,171,86.9,91.89174639708892,91.89119849643042,0.0005479006585034085,0.0005479006585034085
mAP,Com-brainTF,172,86.9,87.81624604713316,87.81572937959406,0.0005166675391024,0.0005166675391024
mAP,Com-brainTF,173,86.9,88.66267857209296,88.66217509941804,0.0005034726749215679,0.0005034726749215679
mAP,Com-brainTF,174,86.9,91.14308815835004,91.14256186499327,0.0005262933567706796,0.0005262933567706796
mAP,Com-brainTF,175,86.9,88.24269009573064,88.24218181120693,0.0005082845237041056,0.0005082845237041056
mAP,Com-brainTF,176,86.9,85.39681751299173,85.39629767662937,0.0005198363623577507,0.0005198363623577507
mAP,Com-brainTF,177,86.9,85.55489084187542,85.55437149041641,0.0005193514590047243,0.0005193514590047243
mAP,Com-brainTF,178,86.9,87.61619386054548,87.61566486132122,0.0005289992242580865,0.0005289992242580865
mAP,Com-brainTF,179,86.9,83.02884541619278,83.02831573416135,0.0005296820314271145,0.0005296820314271145
mAP,Com-brainTF,180,86.9,86.47073546684268,86.47022325390743,0.0005122129352486127,0.0005122129352486127
mAP,Com-brainTF,181,86.9,90.19019160603676,90.18964135469076,0.0005502513459987313,0.0005502513459987313
mAP,Com-brainTF,182,86.9,80.32674748139414,80.32623844650416,0.0005090348899727815,0.0005090348899727815
mAP,Com-brainTF,183,86.9,91.50398874676767,91.50344630538355,0.0005424413841268461,0.0005424413841268461
mAP,Com-brainTF,184,86.9,90.26765847285859,90.26712265610948,0.0005358167491067434,0.0005358167491067434
mAP,Com-brainTF,185,86.9,85.52127247936122,85.52070615250858,0.000566326852634802,0.000566326852634802
mAP,Com-brainTF,186,86.9,88.53070974295797,88.53017248361543,0.0005372593425363448,0.0005372593425363448
mAP,Com-brainTF,187,86.9,86.9099965896411,86.90944318071898,0.0005534089221157501,0.0005534089221157501
mAP,Com-brainTF,188,86.9,90.59053115488554,90.58997110531605,0.0005600495694864094,0.0005600495694864094
mAP,Com-brainTF,189,86.9,89.8486106991899,89.84804942830984,0.0005612708800697419,0.0005612708800697419
mAP,Com-brainTF,190,86.9,82.70036379435496,82.69978783045097,0.0005759639039837339,0.0005759639039837339
mAP,Com-brainTF,191,86.9,88.66237284371752,88.66178724039254,0.0005856033249784787,0.0005856033249784787
mAP,Com-brainTF,192,86.9,86.28368849499466,86.28311643907027,0.0005720559243940215,0.0005720559243940215
mAP,Com-brainTF,193,86.9,87.14908205862328,87.1484977115543,0.0005843470689796959,0.0005843470689796959
mAP,Com-brainTF,194,86.9,84.71606624995049,84.71548429709055,0.0005819528599317891,0.0005819528599317891
mAP,Com-brainTF,195,86.9,92.14499532100233,92.14441120736251,0.000584113639817474,0.000584113639817474
mAP,Com-brainTF,196,86.9,90.02077105091097,90.02018545970773,0.0005855912032330934,0.0005855912032330934
mAP,Com-brainTF,197,86.9,84.68127200906922,84.68068650808111,0.0005855009881088336,0.0005855009881088336
mAP,Com-brainTF,198,86.9,82.89675899922109,82.89616817926931,0.0005908199517818957,0.0005908199517818957
mAP,Com-brainTF,199,86.9,85.74356052586997,85.74298210706647,0.0005784188034994031,0.0005784188034994031
mAP,Com-brainTF,200,86.9,88.20412128529111,88.20350793827393,0.0006133470171789668,0.0006133470171789668
mAP,Com-brainTF,201,86.9,87.62120310238915,87.62061753183868,0.0005855705504700381,0.0005855705504700381
mAP,Com-brainTF,202,86.9,90.66000204881136,90.65939847430474,0.0006035745066270692,0.0006035745066270692
mAP,Com-brainTF,203,86.9,89.27033723583783,89.26975916654256,0.0005780692952725985,0.0005780692952725985
mAP,Com-brainTF,204,86.9,89.80931284416282,89.80870707725873,0.0006057669040870906,0.0006057669040870906
mAP,Com-brainTF,205,86.9,87.88118980934581,87.88056620183131,0.0006236075144983033,0.0006236075144983033
mAP,Com-brainTF,206,86.9,82.73271220823274,82.73210380936703,0.0006083988657081818,0.0006083988657081818
mAP,Com-brainTF,207,86.9,86.31351464977512,86.3129044065593,0.0006102432158172633,0.0006102432158172633
mAP,Com-brainTF,208,86.9,90.08087607364317,90.080269219726,0.0006068539171621978,0.0006068539171621978
mAP,Com-brainTF,209,86.9,86.74604386892211,86.74543121442606,0.0006126544960523006,0.0006126544960523006
mAP,Com-brainTF,210,86.9,88.40987648195903,88.40927110587124,0.0006053760877904324,0.0006053760877904324
mAP,Com-brainTF,211,86.9,85.94436527461257,85.9437550542616,0.0006102203509641413,0.0006102203509641413
mAP,Com-brainTF,212,86.9,83.81118081136421,83.81056445437447,0.0006163569897381649,0.0006163569897381649
mAP,Com-brainTF,213,86.9,86.5305759169423,86.52996780786168,0.0006081090806162592,0.0006081090806162592
mAP,Com-brainTF,214,86.9,87.827746137563,87.82714232909797,0.0006038084650299425,0.0006038084650299425
mAP,Com-brainTF,215,86.9,84.93355671272165,84.93293684161567,0.0006198711059823836,0.0006198711059823836
mAP,Com-brainTF,216,86.9,86.1934868654576,86.19286626543,0.000620600027602336,0.000620600027602336
mAP,Com-brainTF,217,86.9,84.08220901618755,84.08161027404206,0.0005987421454847208,0.0005987421454847208
mAP,Com-brainTF,218,86.9,90.25839255132617,90.2577347526923,0.0006577986338669461,0.0006577986338669461
mAP,Com-brainTF,219,86.9,86.01724621580286,86.0166327272359,0.0006134885669553114,0.0006134885669553114
mAP,Com-brainTF,220,86.9,91.25891217750532,91.25826663537856,0.0006455421267617112,0.0006455421267617112
mAP,Com-brainTF,221,86.9,91.48687971652697,91.48624355162274,0.000636164904236125,0.000636164904236125
mAP,Com-brainTF,222,86.9,86.6575002278826,86.65686210583478,0.0006381220478175464,0.0006381220478175464
mAP,Com-brainTF,223,86.9,83.87527794115258,83.87465380235795,0.0006241387946204213,0.0006241387946204213
mAP,Com-brainTF,224,86.9,80.64295293307985,80.6423063668,0.00064656627985471,0.00064656627985471
mAP,Com-brainTF,225,86.9,82.48453132008135,82.48388878091963,0.0006425391617170817,0.0006425391617170817
mAP,Com-brainTF,226,86.9,82.77912412738054,82.77849552530402,0.0006286020765173816,0.0006286020765173816
mAP,Com-brainTF,227,86.9,91.0360479505967,91.03540888238452,0.0006390682121804048,0.0006390682121804048
mAP,Com-brainTF,228,86.9,87.24814393165613,87.24747376168084,0.0006701699752937884,0.0006701699752937884
mAP,Com-brainTF,229,86.9,88.06947145347922,88.06881357227597,0.0006578812032529413,0.0006578812032529413
mAP,Com-brainTF,230,86.9,80.23937971872168,80.23873697319463,0.000642745527045463,0.000642745527045463
mAP,Com-brainTF,231,86.9,83.30672899189607,83.30610071234823,0.0006282795478398384,0.0006282795478398384
mAP,Com-brainTF,232,86.9,89.56191979451735,89.56123932933886,0.0006804651784904081,0.0006804651784904081
mAP,Com-brainTF,233,86.9,87.76099152266508,87.76032233714777,0.0006691855173102113,0.0006691855173102113
mAP,Com-brainTF,234,86.9,86.45904135648229,86.45838416394321,0.0006571925390801425,0.0006571925390801425
mAP,Com-brainTF,235,86.9,88.59519491260747,88.59452707580037,0.000667836807096478,0.000667836807096478
mAP,Com-brainTF,236,86.9,91.80805913370536,91.80739341840746,0.0006657152978988279,0.0006657152978988279
mAP,Com-brainTF,237,86.9,86.23754702787129,86.23687260938885,0.0006744184824327704,0.0006744184824327704
mAP,Com-brainTF,238,86.9,87.10877882759235,87.10810940797421,0.0006694196181342704,0.0006694196181342704
mAP,Com-brainTF,239,86.9,87.47846322741191,87.47779075619393,0.0006724712179817516,0.0006724712179817516
mAP,Com-brainTF,240,86.9,94.07702227199798,94.07632890582198,0.0006933661759944698,0.0006933661759944698
mAP,Com-brainTF,241,86.9,80.60259090813057,80.60193120674293,0.0006597013876330493,0.0006597013876330493
mAP,Com-brainTF,242,86.9,88.95035721459384,88.94966904436643,0.0006881702274057488,0.0006881702274057488
mAP,Com-brainTF,243,86.9,86.55627473865435,86.55559325372282,0.0006814849315333049,0.0006814849315333049
mAP,Com-brainTF,244,86.9,88.60099199295706,88.60031517855255,0.0006768144045139479,0.0006768144045139479
mAP,Com-brainTF,245,86.9,84.92858274722899,84.92788233801583,0.0007004092131523976,0.0007004092131523976
mAP,Com-brainTF,246,86.9,86.75382818371205,86.75310490742466,0.0007232762873883303,0.0007232762873883303
mAP,Com-brainTF,247,86.9,89.03494990432004,89.03423173839649,0.0007181659235584448,0.0007181659235584448
mAP,Com-brainTF,248,86.9,96.23945670962691,96.23873060313153,0.000726106495378076,0.000726106495378076
mAP,Com-brainTF,249,86.9,89.324839198151,89.32410856820621,0.0007306299447833453,0.0007306299447833453
mAP,Com-brainTF,250,86.9,84.35649440408764,84.35580320590849,0.0006911981791546395,0.0006911981791546395
mAP,Com-brainTF,251,86.9,85.62942977156327,85.62872095393189,0.000708817631377201,0.000708817631377201
mAP,Com-brainTF,252,86.9,85.54046281431161,85.53975767484845,0.000705139463164528,0.000705139463164528
mAP,Com-brainTF,253,86.9,81.51379669293979,81.51307048210997,0.0007262108298249359,0.0007262108298249359
mAP,Com-brainTF,254,86.9,85.91045882189843,85.90972942489569,0.0007293970027433261,0.0007293970027433261
mAP,Com-brainTF,255,86.9,89.09919989829612,89.09848724546524,0.0007126528308845081,0.0007126528308845081
mAP,Com-brainTF,256,86.9,83.0780088907195,83.07730364276962,0.0007052479498810271,0.0007052479498810271
mAP,Com-brainTF,257,86.9,90.04618178242309,90.04544795315178,0.0007338292713114924,0.0007338292713114924
mAP,Com-brainTF,258,86.9,88.36406426077842,88.36332446325302,0.0007397975253979894,0.0007397975253979894
mAP,Com-brainTF,259,86.9,84.69801651701614,84.6973000340869,0.0007164829292491959,0.0007164829292491959
mAP,Com-brainTF,260,86.9,86.47613274854749,86.47541108798646,0.0007216605610267379,0.0007216605610267379
mAP,Com-brainTF,261,86.9,91.69570395573291,91.6949654229231,0.0007385328098052923,0.0007385328098052923
mAP,Com-brainTF,262,86.9,89.10137527327518,89.1006434405176,0.0007318327575802641,0.0007318327575802641
mAP,Com-brainTF,263,86.9,86.92708210231446,86.92635096469445,0.0007311376200078712,0.0007311376200078712
mAP,Com-brainTF,264,86.9,86.18766626754066,86.18695004911706,0.0007162184236051417,0.0007162184236051417
mAP,Com-brainTF,265,86.9,87.13054433616661,87.12982721135498,0.0007171248116293327,0.0007171248116293327
mAP,Com-brainTF,266,86.9,85.36543331937493,85.3647093261731,0.0007239932018308082,0.0007239932018308082
mAP,Com-brainTF,267,86.9,80.58648725389371,80.58575148284297,0.0007357710507420734,0.0007357710507420734
mAP,Com-brainTF,268,86.9,93.02729801554925,93.0265337316042,0.000764283945045463,0.000764283945045463
mAP,Com-brainTF,269,86.9,87.36674302375766,87.36597499759822,0.0007680261594487092,0.0007680261594487092
mAP,Com-brainTF,270,86.9,88.09521143093414,88.09444179536762,0.0007696355665274268,0.0007696355665274268
mAP,Com-brainTF,271,86.9,86.72706519207779,86.72627675036928,0.0007884417085080031,0.0007884417085080031
mAP,Com-brainTF,272,86.9,84.69541194643311,84.69464959782624,0.0007623486068695229,0.0007623486068695229
mAP,Com-brainTF,273,86.9,86.34298804104543,86.3422265571537,0.0007614838917362476,0.0007614838917362476
mAP,Com-brainTF,274,86.9,82.10259426767705,82.10181571341707,0.000778554259980524,0.000778554259980524
mAP,Com-brainTF,275,86.9,93.732054835454,93.73125949415991,0.0007953412940793214,0.0007953412940793214
mAP,Com-brainTF,276,86.9,83.19724295713924,83.19646400473282,0.0007789524064207853,0.0007789524064207853
mAP,Com-brainTF,277,86.9,83.80490162088412,83.80410114845847,0.0008004724256522877,0.0008004724256522877
mAP,Com-brainTF,278,86.9,85.58003112136313,85.5792223868408,0.0008087345223373177,0.0008087345223373177
mAP,Com-brainTF,279,86.9,90.76501974577336,90.76422717455713,0.0007925712162233367,0.0007925712162233367
mAP,Com-brainTF,280,86.9,86.94434399674287,86.94352699778797,0.0008169989549031698,0.0008169989549031698
mAP,Com-brainTF,281,86.9,83.19241009705063,83.19159261190862,0.0008174851420079676,0.0008174851420079676
mAP,Com-brainTF,282,86.9,90.66383541228797,90.66301508227203,0.00082033001594084,0.00082033001594084
mAP,Com-brainTF,283,86.9,89.09382613415866,89.09300188035645,0.0008242538022074086,0.0008242538022074086
mAP,Com-brainTF,284,86.9,88.51612885120645,88.51530487164936,0.0008239795570830211,0.0008239795570830211
mAP,Com-brainTF,285,86.9,89.04801391297806,89.04720272351253,0.0008111894655371543,0.0008111894655371543
mAP,Com-brainTF,286,86.9,94.08392467801261,94.08308570174736,0.0008389762652427635,0.0008389762652427635
mAP,Com-brainTF,287,86.9,93.45611145905634,93.45528468510834,0.0008267739480061209,0.0008267739480061209
mAP,Com-brainTF,288,86.9,84.8406740805077,84.83985397099012,0.000820109517576384,0.000820109517576384
mAP,Com-brainTF,289,86.9,91.77251233066917,91.77165497843346,0.000857352235712483,0.000857352235712483
mAP,Com-brainTF,290,86.9,88.05034579183902,88.0495045692767,0.0008412225623146696,0.0008412225623146696
mAP,Com-brainTF,291,86.9,88.39810593950477,88.39728744841325,0.0008184910915218779,0.0008184910915218779
mAP,Com-brainTF,292,86.9,81.82399340616985,81.82318750507002,0.0008059010998238136,0.0008059010998238136
mAP,Com-brainTF,293,86.9,86.38967041221765,86.38884270383542,0.0008277083822321174,0.0008277083822321174
mAP,Com-brainTF,294,86.9,84.46235873347392,84.46152922899032,0.0008295044836046372,0.0008295044836046372
mAP,Com-brainTF,295,86.9,89.38504417054439,89.38417644467994,0.0008677258644524954,0.0008677258644524954
mAP,Com-brainTF,296,86.9,90.11411227568807,90.11324150120842,0.0008707744796510042,0.0008707744796510042
mAP,Com-brainTF,297,86.9,80.67738265166733,80.67654094695106,0.0008417047162652125,0.0008417047162652125
mAP,Com-brainTF,298,86.9,86.83476389171668,86.8338954079872,0.0008684837294765657,0.0008684837294765657
mAP,Com-brainTF,299,86.9,90.26648259449152,90.26558451438277,0.0008980801087545842,0.0008980801087545842
mAP,Com-brainTF,300,86.9,86.34084794241738,86.33996311305967,0.0008848293577159438,0.0008848293577159438
mAP,Com-brainTF,301,86.9,91.2752686455911,91.2743818700142,0.0008867755769017549,0.0008867755769017549
mAP,Com-brainTF,302,86.9,89.00788118431035,89.00699280576251,0.0008883785478417394,0.0008883785478417394
mAP,Com-brainTF,303,86.9,88.95083932472434,88.94996139171576,0.0008779330085815218,0.0008779330085815218
mAP,Com-brainTF,304,86.9,85.27299752094045,85.27211013159022,0.0008873893502254759,0.0008873893502254759
mAP,Com-brainTF,305,86.9,79.60135987553934,79.60051517518575,0.0008447003535962949,0.0008447003535962949
mAP,Com-brainTF,306,86.9,80.17170203930561,80.17081911544985,0.0008829238557694907,0.0008829238557694907
mAP,Com-brainTF,307,86.9,91.15703407578336,91.15611508673192,0.000918989051442054,0.000918989051442054
mAP,Com-brainTF,308,86.9,87.01764825414531,87.0167495331133,0.0008987210320157146,0.0008987210320157146
mAP,Com-brainTF,309,86.9,86.06981973759405,86.06892653235666,0.0008932052373893384,0.0008932052373893384
mAP,Com-brainTF,310,86.9,84.357552694618,84.35665974606589,0.0008929485521065317,0.0008929485521065317
mAP,Com-brainTF,311,86.9,85.06974694519438,85.0688669271155,0.0008800180788881562,0.0008800180788881562
mAP,Com-brainTF,312,86.9,93.1823669752051,93.18147076692884,0.0008962082762593582,0.0008962082762593582
mAP,Com-brainTF,313,86.9,84.88943775638961,84.88853550879185,0.0009022475977644717,0.0009022475977644717
mAP,Com-brainTF,314,86.9,78.8544889719184,78.8536117201906,0.0008772517278003988,0.0008772517278003988
mAP,Com-brainTF,315,86.9,91.36284806636962,91.36191065324104,0.0009374131285824205,0.0009374131285824205
mAP,Com-brainTF,316,86.9,85.67162028737333,85.6707400168117,0.0008802705616233197,0.0008802705616233197
mAP,Com-brainTF,317,86.9,87.08925924669917,87.08837519319667,0.0008840535025029794,0.0008840535025029794
mAP,Com-brainTF,318,86.9,96.5464079985639,96.54546983839707,0.0009381601668252415,0.0009381601668252415
mAP,Com-brainTF,319,86.9,86.77754565037561,86.77663665589697,0.0009089944786495607,0.0009089944786495607
mAP,Com-brainTF,320,86.9,88.6359978919444,88.63510203871236,0.0008958532320377799,0.0008958532320377799
mAP,Com-brainTF,321,86.9,79.82736369768801,79.82645905221005,0.0009046454779593205,0.0009046454779593205
mAP,Com-brainTF,322,86.9,85.58290026457875,85.58198328589424,0.0009169786845149019,0.0009169786845149019
mAP,Com-brainTF,323,86.9,90.55808867073839,90.55715627125161,0.0009323994867713736,0.0009323994867713736
mAP,Com-brainTF,324,86.9,77.56866597753982,77.56775759695255,0.0009083805872762696,0.0009083805872762696
mAP,Com-brainTF,325,86.9,88.1059824767764,88.10507055869427,0.0009119180821386408,0.0009119180821386408
mAP,Com-brainTF,326,86.9,87.50568481160931,87.50474643586884,0.0009383757404748394,0.0009383757404748394
mAP,Com-brainTF,327,86.9,87.14865874241114,87.14772473352464,0.0009340088865030793,0.0009340088865030793
mAP,Com-brainTF,328,86.9,93.12391994097045,93.12295339194947,0.0009665490209869176,0.0009665490209869176
mAP,Com-brainTF,329,86.9,88.90756700081658,88.90663108909114,0.0009359117254490457,0.0009359117254490457
mAP,Com-brainTF,330,86.9,95.7693758148279,95.76843139013867,0.0009444246892229557,0.0009444246892229557
mAP,Com-brainTF,331,86.9,80.93939186941533,80.93846290643579,0.0009289629795432575,0.0009289629795432575
mAP,Com-brainTF,332,86.9,87.71650804403924,87.7155474033101,0.0009606407291471442,0.0009606407291471442
mAP,Com-brainTF,333,86.9,87.40775766120068,87.4068007183397,0.0009569428609808028,0.0009569428609808028
mAP,Com-brainTF,334,86.9,80.48542050824501,80.48447303746953,0.0009474707754861811,0.0009474707754861811
mAP,Com-brainTF,335,86.9,92.63871137097922,92.63777001254809,0.0009413584311346312,0.0009413584311346312
mAP,Com-brainTF,336,86.9,100.00098577679435,100.0,0.0009857767943515228,0.0009857767943515228
mAP,Com-brainTF,337,86.9,86.79894663665608,86.79796355309702,0.0009830835590634024,0.0009830835590634024
mAP,Com-brainTF,338,86.9,89.93108680785541,89.9301265296426,0.0009602782128013132,0.0009602782128013132
mAP,Com-brainTF,339,86.9,87.40808690714344,87.40711085489197,0.0009760522514739023,0.0009760522514739023
mAP,Com-brainTF,340,86.9,82.61945160391765,82.61849198055695,0.0009596233606998794,0.0009596233606998794
mAP,Com-brainTF,341,86.9,75.97638556313842,75.97543833318791,0.0009472299505119963,0.0009472299505119963
mAP,Com-brainTF,342,86.9,82.66632211562862,82.66535910142781,0.0009630142008063558,0.0009630142008063558
mAP,Com-brainTF,343,86.9,78.54920743026265,78.54824971428962,0.000957715973029849,0.000957715973029849
mAP,Com-brainTF,344,86.9,97.12564568217695,97.12461246835471,0.0010332138222395315,0.0010332138222395315
mAP,Com-brainTF,345,86.9,86.21032544367388,86.20934183646057,0.0009836072133140306,0.0009836072133140306
mAP,Com-brainTF,346,86.9,84.82549349078896,84.82448402571698,0.0010094650719736364,0.0010094650719736364
mAP,Com-brainTF,347,86.9,92.23592599512698,92.23492294872685,0.0010030464001289374,0.0010030464001289374
mAP,Com-brainTF,348,86.9,80.17048500519572,80.16949338286467,0.000991622331042663,0.000991622331042663
mAP,Com-brainTF,349,86.9,82.29981258740011,82.2988157719727,0.0009968154274133667,0.0009968154274133667
mAP,Com-brainTF,350,86.9,87.30946598849825,87.30843361549174,0.0010323730065096015,0.0010323730065096015
mAP,Com-brainTF,351,86.9,93.07363350260319,93.07261394854089,0.0010195540622959243,0.0010195540622959243
mAP,Com-brainTF,352,86.9,89.91113215196641,89.91011027101274,0.0010218809536723938,0.0010218809536723938
mAP,Com-brainTF,353,86.9,88.39095659903305,88.3899508550953,0.0010057439377533228,0.0010057439377533228
mAP,Com-brainTF,354,86.9,87.36972975481,87.3687064114161,0.0010233433938964254,0.0010233433938964254
mAP,Com-brainTF,355,86.9,89.3024504740422,89.30141513316066,0.001035340881543334,0.001035340881543334
mAP,Com-brainTF,356,86.9,88.11093292470171,88.10991743077554,0.0010154939261752816,0.0010154939261752816
mAP,Com-brainTF,357,86.9,80.72117236205659,80.72016635133839,0.0010060107181999456,0.0010060107181999456
mAP,Com-brainTF,358,86.9,87.17753243571427,87.17647532979892,0.0010571059153505757,0.0010571059153505757
mAP,Com-brainTF,359,86.9,80.45889269228418,80.45786804649349,0.0010246457906930573,0.0010246457906930573
mAP,Com-brainTF,360,86.9,87.38756782963827,87.38649525740495,0.001072572233326241,0.001072572233326241
mAP,Com-brainTF,361,86.9,84.0171476661382,84.01611235107056,0.0010353150676394307,0.0010353150676394307
mAP,Com-brainTF,362,86.9,100.00110336463106,100.0,0.0011033646310636414,0.0011033646310636414
mAP,Com-brainTF,363,86.9,86.661698113653,86.66063369748973,0.0010644161632740179,0.0010644161632740179
mAP,Com-brainTF,364,86.9,78.47563272083579,78.47456260243047,0.0010701184053232282,0.0010701184053232282
mAP,Com-brainTF,365,86.9,86.0959830312611,86.09491873593846,0.0010642953226351892,0.0010642953226351892
mAP,Com-brainTF,366,86.9,90.01724341580979,90.01615247382733,0.0010909419824542965,0.0010909419824542965
mAP,Com-brainTF,367,86.9,96.94130323057318,96.94018367691515,0.001119553658028849,0.001119553658028849
mAP,Com-brainTF,368,86.9,83.36433527309828,83.36328560036769,0.0010496727305877585,0.0010496727305877585
mAP,Com-brainTF,369,86.9,77.4064888331551,77.40543215585816,0.00105667729692982,0.00105667729692982
mAP,Com-brainTF,370,86.9,91.80214446551905,91.8010220685859,0.0011223969331553008,0.0011223969331553008
mAP,Com-brainTF,371,86.9,78.6174671694704,78.6164077646021,0.001059404868300362,0.001059404868300362
mAP,Com-brainTF,372,86.9,84.2841543669462,84.2830673509551,0.0010870159911036126,0.0010870159911036126
mAP,Com-brainTF,373,86.9,85.35535604176924,85.35427708693405,0.0010789548351937128,0.0010789548351937128
mAP,Com-brainTF,374,86.9,86.48331736537021,86.48219928019935,0.0011180851708587625,0.0011180851708587625
mAP,Com-brainTF,375,86.9,91.03610674451505,91.03498674244602,0.0011200020690296242,0.0011200020690296242
mAP,Com-brainTF,376,86.9,82.7992728032001,82.79819430628169,0.00107849691841011,0.00107849691841011
mAP,Com-brainTF,377,86.9,85.25872235756437,85.25762448699945,0.0010978705649193898,0.0010978705649193898
mAP,Com-brainTF,378,86.9,86.81547948649693,86.81437788230367,0.0011016041932521148,0.0011016041932521148
mAP,Com-brainTF,379,86.9,87.79871370068031,87.79758774511274,0.0011259555675735555,0.0011259555675735555
mAP,Com-brainTF,380,86.9,87.4880583948871,87.48696304824755,0.001095346639559125,0.001095346639559125
mAP,Com-brainTF,381,86.9,100.00115039976573,100.0,0.001150399765734278,0.001150399765734278
mAP,Com-brainTF,382,86.9,99.63384127424764,99.63270225295928,0.0011390212883668482,0.0011390212883668482
mAP,Com-brainTF,383,86.9,97.11046509245823,97.10933142920265,0.0011336632555725146,0.0011336632555725146
mAP,Com-brainTF,384,86.9,100.00115039976573,100.0,0.001150399765734278,0.001150399765734278
mAP,Com-brainTF,385,86.9,100.00119743490042,100.0,0.0011974349004191254,0.0011974349004191254
mAP,Com-brainTF,386,86.9,100.00119743490042,100.0,0.0011974349004191254,0.0011974349004191254
mAP,Com-brainTF,387,86.9,98.93511083097408,98.93391614123212,0.001194689741964794,0.001194689741964794
mAP,Com-brainTF,388,86.9,97.832818932126,97.83160735459794,0.0012115775280676644,0.0012115775280676644
mAP,Com-brainTF,389,86.9,100.00120919368409,100.0,0.0012091936840903372,0.0012091936840903372
mAP,Com-brainTF,390,86.9,99.80988202457999,99.80865123896056,0.0012307856194269107,0.0012307856194269107
mAP,Com-brainTF,391,86.9,72.97811914402872,72.9769553024446,0.0011638415841304095,0.0011638415841304095
mAP,Com-brainTF,392,86.9,76.27840992171743,76.27722960897627,0.001180312741155376,0.001180312741155376
mAP,Com-brainTF,393,86.9,75.99848031765545,75.99734166779179,0.001138649863662522,0.001138649863662522
mAP,Com-brainTF,394,86.9,76.05397001779694,76.052807400474,0.0011626173229473125,0.0011626173229473125
mAP,Com-brainTF,395,86.9,73.73099878610533,73.72984092951467,0.0011578565906660288,0.0011578565906660288
mAP,Com-brainTF,396,86.9,76.1535316391358,76.15237081419953,0.0011608249362780043,0.0011608249362780043
mAP,Com-brainTF,397,86.9,76.63453644396479,76.63336068070679,0.001175763258004281,0.001175763258004281
mAP,Com-brainTF,398,86.9,72.90693146768699,72.90575677365749,0.001174694029501211,0.001174694029501211
mAP,Com-brainTF,399,86.9,76.80193448829925,76.8007311542194,0.0012033340798467407,0.0012033340798467407
mAP,Com-brainTF,400,86.9,73.5601906945064,73.55902375936455,0.001166935141853287,0.001166935141853287
mAP,LG-GNN,1,87.5,90.60166672302158,90.60164316477263,2.3558248955168892e-05,2.3558248955168892e-05
mAP,LG-GNN,2,87.5,86.27762096262065,86.27761967812519,1.2844954540014442e-06,1.2844954540014442e-06
mAP,LG-GNN,3,87.5,90.22390403882034,90.22388694088114,1.7097939192467493e-05,1.7097939192467493e-05
mAP,LG-GNN,4,87.5,87.8704775574219,87.87043942749378,3.812992812868288e-05,3.812992812868288e-05
mAP,LG-GNN,5,87.5,87.12719308282048,87.12714266851269,5.041430779328948e-05,5.041430779328948e-05
mAP,LG-GNN,6,87.5,86.86587763330905,86.86584731054609,3.0322762967216477e-05,3.0322762967216477e-05
mAP,LG-GNN,7,87.5,89.739877226588,89.73983409380646,4.3132781541999066e-05,4.3132781541999066e-05
mAP,LG-GNN,8,87.5,88.47674868469365,88.47673345036121,1.5234332437330522e-05,1.5234332437330522e-05
mAP,LG-GNN,9,87.5,94.32751376114064,94.32747628294291,3.7478197725704376e-05,3.7478197725704376e-05
mAP,LG-GNN,10,87.5,84.94336353830292,84.94332607100803,3.7467294887960634e-05,3.7467294887960634e-05
mAP,LG-GNN,11,87.5,89.0543518973765,89.05430510608993,4.679128657869569e-05,4.679128657869569e-05
mAP,LG-GNN,12,87.5,85.91244017694693,85.91239697056547,4.320638146282363e-05,4.320638146282363e-05
mAP,LG-GNN,13,87.5,84.89219519116037,84.89213903903406,5.615212630516453e-05,5.615212630516453e-05
mAP,LG-GNN,14,87.5,87.46748052346358,87.46739858889508,8.193456849880931e-05,8.193456849880931e-05
mAP,LG-GNN,15,87.5,87.91211541039945,87.91205743822111,5.797217833958257e-05,5.797217833958257e-05
mAP,LG-GNN,16,87.5,96.25459026421095,96.25452066518028,6.959903066672268e-05,6.959903066672268e-05
mAP,LG-GNN,17,87.5,86.94763645617064,86.94756255295039,7.390322025457863e-05,7.390322025457863e-05
mAP,LG-GNN,18,87.5,84.10954818822167,84.10946381154595,8.437667571570273e-05,8.437667571570273e-05
mAP,LG-GNN,19,87.5,88.31909867202211,88.31903215248316,6.651953894731832e-05,6.651953894731832e-05
mAP,LG-GNN,20,87.5,81.27611639860623,81.2760798873609,3.6511245340875575e-05,3.6511245340875575e-05
mAP,LG-GNN,21,87.5,87.2242148068865,87.2241296521872,8.515469929193387e-05,8.515469929193387e-05
mAP,LG-GNN,22,87.5,87.5481457794438,87.54807584688548,6.99325583184418e-05,6.99325583184418e-05
mAP,LG-GNN,23,87.5,89.88388705020166,89.88380114883563,8.590136603459086e-05,8.590136603459086e-05
mAP,LG-GNN,24,87.5,90.42093421800467,90.42086674828354,6.746972113091942e-05,6.746972113091942e-05
mAP,LG-GNN,25,87.5,85.9893661397199,85.98929114327684,7.499644306108166e-05,7.499644306108166e-05
mAP,LG-GNN,26,87.5,87.04824460925617,87.0481579561102,8.665314597067209e-05,8.665314597067209e-05
mAP,LG-GNN,27,87.5,85.20171577432936,85.20163750816799,7.826616136696884e-05,7.826616136696884e-05
mAP,LG-GNN,28,87.5,84.11588617262011,84.11581233557692,7.383704318897344e-05,7.383704318897344e-05
mAP,LG-GNN,29,87.5,88.42976058514598,88.4296843381419,7.624700408825902e-05,7.624700408825902e-05
mAP,LG-GNN,30,87.5,83.67932957006593,83.6792433542102,8.621585573109769e-05,8.621585573109769e-05
mAP,LG-GNN,31,87.5,86.25619645877283,86.2561192982844,7.716048843064982e-05,7.716048843064982e-05
mAP,LG-GNN,32,87.5,84.51456773297133,84.51447812030229,8.961266904350396e-05,8.961266904350396e-05
mAP,LG-GNN,33,87.5,89.14917472889611,89.14904955887079,0.00012517002532774768,0.00012517002532774768
mAP,LG-GNN,34,87.5,92.90442460558346,92.90429029779946,0.0001343077839948137,0.0001343077839948137
mAP,LG-GNN,35,87.5,83.5953483370906,83.59523605159,0.00011228550059172449,0.00011228550059172449
mAP,LG-GNN,36,87.5,81.94105209761054,81.9409445513073,0.00010754630324072423,0.00010754630324072423
mAP,LG-GNN,37,87.5,87.12544102405357,87.1253393439498,0.00010168010376787606,0.00010168010376787606
mAP,LG-GNN,38,87.5,87.54720507675015,87.54709338787328,0.00011168887687063034,0.00011168887687063034
mAP,LG-GNN,39,87.5,88.15611017156411,88.1559779202719,0.00013225129221439147,0.00013225129221439147
mAP,LG-GNN,40,87.5,86.16116196914716,86.16103845429697,0.00012351485018768926,0.00012351485018768926
mAP,LG-GNN,41,87.5,86.8982025296195,86.8980821035237,0.00012042609579054897,0.00012042609579054897
mAP,LG-GNN,42,87.5,88.60264998145462,88.60253123162181,0.0001187498328079073,0.0001187498328079073
mAP,LG-GNN,43,87.5,90.62143323837184,90.62129267793452,0.00014056043731613954,0.00014056043731613954
mAP,LG-GNN,44,87.5,81.63495919988151,81.63485368904514,0.00010551083636300973,0.00010551083636300973
mAP,LG-GNN,45,87.5,86.39332739393922,86.39318168290562,0.00014571103359628523,0.00014571103359628523
mAP,LG-GNN,46,87.5,88.14156455616359,88.1414263818232,0.0001381743403925384,0.0001381743403925384
mAP,LG-GNN,47,87.5,84.74621577128187,84.7460716861678,0.00014408511407282276,0.00014408511407282276
mAP,LG-GNN,48,87.5,92.69366016707187,92.6935088953019,0.00015127176996543312,0.00015127176996543312
mAP,LG-GNN,49,87.5,85.59394176244543,85.5937703593138,0.00017140313163110932,0.00017140313163110932
mAP,LG-GNN,50,87.5,87.3762793973145,87.37612193897814,0.00015745833636060524,0.00015745833636060524
mAP,LG-GNN,51,87.5,89.1682121996588,89.16806629052687,0.00014590913193046617,0.00014590913193046617
mAP,LG-GNN,52,87.5,85.72627511387421,85.72614563359431,0.00012948027989523325,0.00012948027989523325
mAP,LG-GNN,53,87.5,81.96043057309966,81.96028085658675,0.0001497165129080713,0.0001497165129080713
mAP,LG-GNN,54,87.5,86.21419996289335,86.2140364192504,0.00016354364294102197,0.00016354364294102197
mAP,LG-GNN,55,87.5,90.58850864409419,90.58832166778112,0.00018697631307418305,0.00018697631307418305
mAP,LG-GNN,56,87.5,86.48950248558094,86.48931461964459,0.00018786593635411464,0.00018786593635411464
mAP,LG-GNN,57,87.5,84.96087236718841,84.96069709562306,0.00017527156535379618,0.00017527156535379618
mAP,LG-GNN,58,87.5,90.27719484641543,90.27701662850816,0.0001782179072620238,0.0001782179072620238
mAP,LG-GNN,59,87.5,86.50782267053971,86.50767531193084,0.00014735860887071794,0.00014735860887071794
mAP,LG-GNN,60,87.5,85.9696760564635,85.96951755904935,0.00015849741414797336,0.00015849741414797336
mAP,LG-GNN,61,87.5,87.94854412221092,87.94836826898992,0.00017585322099478162,0.00017585322099478162
mAP,LG-GNN,62,87.5,89.81245243940286,89.81225062885636,0.00020181054649981434,0.00020181054649981434
mAP,LG-GNN,63,87.5,94.6453595631484,94.64514059519763,0.00021896795077225306,0.00021896795077225306
mAP,LG-GNN,64,87.5,89.9819141502715,89.98170832297227,0.00020582729924001342,0.00020582729924001342
mAP,LG-GNN,65,87.5,90.97973513559826,90.97951989916503,0.00021523643323462238,0.00021523643323462238
mAP,LG-GNN,66,87.5,85.98229911073388,85.98210140303644,0.00019770769743843175,0.00019770769743843175
mAP,LG-GNN,67,87.5,84.42255525074899,84.42239568209158,0.00015956865740918147,0.00015956865740918147
mAP,LG-GNN,68,87.5,87.68720515513215,87.68699404885737,0.00021110627477582966,0.00021110627477582966
mAP,LG-GNN,69,87.5,87.82167860518896,87.82150974577878,0.0001688594101807439,0.0001688594101807439
mAP,LG-GNN,70,87.5,84.26463478605302,84.26446177590621,0.00017301014680981552,0.00017301014680981552
mAP,LG-GNN,71,87.5,86.9742994981437,86.97411641028796,0.00018308785573140085,0.00018308785573140085
mAP,LG-GNN,72,87.5,88.69816658121078,88.6979528051574,0.0002137760533855726,0.0002137760533855726
mAP,LG-GNN,73,87.5,88.58137834179452,88.58118018505424,0.0001981567402822293,0.0001981567402822293
mAP,LG-GNN,74,87.5,89.01306680790908,89.01286356015282,0.00020324775626079372,0.00020324775626079372
mAP,LG-GNN,75,87.5,88.37311852420477,88.37289419041232,0.0002243337924454636,0.0002243337924454636
mAP,LG-GNN,76,87.5,85.97919479184485,85.97897402218983,0.0002207696550158289,0.0002207696550158289
mAP,LG-GNN,77,87.5,85.95852285015195,85.95829812005347,0.00022473009848056336,0.00022473009848056336
mAP,LG-GNN,78,87.5,83.90334615777427,83.90314580601837,0.00020035175589327991,0.00020035175589327991
mAP,LG-GNN,79,87.5,92.85454384525283,92.85432511755529,0.00021872769754338606,0.00021872769754338606
mAP,LG-GNN,80,87.5,87.54057312275994,87.54035109385788,0.0002220289020584687,0.0002220289020584687
mAP,LG-GNN,81,87.5,86.82565083437198,86.82544083261544,0.00021000175654251052,0.00021000175654251052
mAP,LG-GNN,82,87.5,84.71383208105308,84.71362375564263,0.00020832541045479047,0.00020832541045479047
mAP,LG-GNN,83,87.5,96.30723433870416,96.30697370698334,0.00026063172082047004,0.00026063172082047004
mAP,LG-GNN,84,87.5,84.28023869198388,84.28001590333132,0.00022278865256453173,0.00022278865256453173
mAP,LG-GNN,85,87.5,86.21367669702,86.21345622318178,0.00022047383822609845,0.00022047383822609845
mAP,LG-GNN,86,87.5,88.74777688951698,88.74751050885818,0.0002663806588003581,0.0002663806588003581
mAP,LG-GNN,87,87.5,89.30087479703035,89.30063889723283,0.00023589979751648116,0.00023589979751648116
mAP,LG-GNN,88,87.5,90.37406370629373,90.37379616564705,0.0002675406466750019,0.0002675406466750019
mAP,LG-GNN,89,87.5,92.923074036485,92.9228255233078,0.00024851317721186206,0.00024851317721186206
mAP,LG-GNN,90,87.5,89.01874630042197,89.01847296638213,0.00027333403983220705,0.00027333403983220705
mAP,LG-GNN,91,87.5,84.33214196310585,84.3319076001,0.00023436300585899517,0.00023436300585899517
mAP,LG-GNN,92,87.5,86.7294169488119,86.72916462463465,0.00025232417725362666,0.00025232417725362666
mAP,LG-GNN,93,87.5,88.42375184669032,88.42349711754166,0.0002547291486649783,0.0002547291486649783
mAP,LG-GNN,94,87.5,93.70495083909329,93.70467812451747,0.0002727145758143479,0.0002727145758143479
mAP,LG-GNN,95,87.5,83.30684657973278,83.3065835647271,0.0002630150056717184,0.0002630150056717184
mAP,LG-GNN,96,87.5,91.10802346544436,91.10772951567569,0.00029394976867536116,0.00029394976867536116
mAP,LG-GNN,97,87.5,88.04001570038442,88.03974310863926,0.00027259174515847917,0.00027259174515847917
mAP,LG-GNN,98,87.5,90.01377457462696,90.01349160568844,0.0002829689385208667,0.0002829689385208667
mAP,LG-GNN,99,87.5,87.19427694366118,87.1940158500922,0.0002610935689801863,0.0002610935689801863
mAP,LG-GNN,100,87.5,84.97297215558545,84.97270210962103,0.00027004596442736784,0.00027004596442736784
mAP,LG-GNN,101,87.5,89.75288244132767,89.752618338204,0.0002641031236692015,0.0002641031236692015
mAP,LG-GNN,102,87.5,89.46356932789656,89.46329308131686,0.0002762465797019331,0.0002762465797019331
mAP,LG-GNN,103,87.5,90.41646588020986,90.41617089721916,0.00029498299069530276,0.00029498299069530276
mAP,LG-GNN,104,87.5,87.46035470055921,87.46008609386409,0.0002686066951156363,0.0002686066951156363
mAP,LG-GNN,105,87.5,85.70080558844371,85.70053393004045,0.0002716584032640412,0.0002716584032640412
mAP,LG-GNN,106,87.5,82.8239133343818,82.82363901492847,0.00027431945332523355,0.00027431945332523355
mAP,LG-GNN,107,87.5,89.95842597988951,89.95811980441822,0.00030617547129452305,0.00030617547129452305
mAP,LG-GNN,108,87.5,88.77195294874372,88.77166844733196,0.0002845014117554001,0.0002845014117554001
mAP,LG-GNN,109,87.5,84.60295850982313,84.60265210140813,0.00030640841499973703,0.00030640841499973703
mAP,LG-GNN,110,87.5,85.88458361843131,85.88427898011012,0.0003046383211824377,0.0003046383211824377
mAP,LG-GNN,111,87.5,86.10002805284378,86.09972356414568,0.00030448869810584256,0.00030448869810584256
mAP,LG-GNN,112,87.5,83.05132821057094,83.05104670405275,0.00028150651819203176,0.00028150651819203176
mAP,LG-GNN,113,87.5,85.04724063324888,85.04695281018459,0.0002878230642835433,0.0002878230642835433
mAP,LG-GNN,114,87.5,84.09879478055491,84.09850892958093,0.00028585097398092785,0.00028585097398092785
mAP,LG-GNN,115,87.5,86.26289896546507,86.26256296433618,0.0003360011288862097,0.0003360011288862097
mAP,LG-GNN,116,87.5,85.28422715934586,85.28390750501131,0.0003196543345467262,0.0003196543345467262
mAP,LG-GNN,117,87.5,82.61929873972994,82.61898523739976,0.0003135023301865658,0.0003135023301865658
mAP,LG-GNN,118,87.5,93.56812563230235,93.56777069170845,0.0003549405939082817,0.0003549405939082817
mAP,LG-GNN,119,87.5,91.25796559541983,91.2576221930877,0.0003434023321347013,0.0003434023321347013
mAP,LG-GNN,120,87.5,85.16327631051021,85.16294173544004,0.0003345750701697625,0.0003345750701697625
mAP,LG-GNN,121,87.5,88.31759354771226,88.31726418996082,0.00032935775143982937,0.00032935775143982937
mAP,LG-GNN,122,87.5,88.75272733744231,88.75239526946389,0.00033206797841955904,0.00033206797841955904
mAP,LG-GNN,123,87.5,91.07359374685689,91.07325756432043,0.0003361825364578408,0.0003361825364578408
mAP,LG-GNN,124,87.5,85.04452435422097,85.04418492001976,0.00033943420120863266,0.00033943420120863266
mAP,LG-GNN,125,87.5,90.77667270039092,90.77632035194728,0.0003523484436414037,0.0003523484436414037
mAP,LG-GNN,126,87.5,85.85664474843,85.8562840873792,0.00036066105080578836,0.00036066105080578836
mAP,LG-GNN,127,87.5,83.49274119078108,83.49241278749416,0.00032840328691463583,0.00032840328691463583
mAP,LG-GNN,128,87.5,89.67279336574731,89.67240967794349,0.0003836878038185887,0.0003836878038185887
mAP,LG-GNN,129,87.5,91.3726548919509,91.37227527236729,0.0003796195836116567,0.0003796195836116567
mAP,LG-GNN,130,87.5,95.26413615685382,95.26372692059205,0.0004092362617740264,0.0004092362617740264
mAP,LG-GNN,131,87.5,83.9011707827952,83.90082420472936,0.0003465780658444828,0.0003465780658444828
mAP,LG-GNN,132,87.5,89.59713735161075,89.59675905524237,0.00037829636838182523,0.00037829636838182523
mAP,LG-GNN,133,87.5,86.27095373227942,86.2705962686194,0.0003574636600234271,0.0003574636600234271
mAP,LG-GNN,134,87.5,89.85048034579353,89.8500761315721,0.0004042142214331079,0.0004042142214331079
mAP,LG-GNN,135,87.5,83.08887400683112,83.08853134630625,0.0003426605248648684,0.0003426605248648684
mAP,LG-GNN,136,87.5,83.71207778258851,83.71169067290431,0.0003871096841976396,0.0003871096841976396
mAP,LG-GNN,137,87.5,85.1727362519732,85.17237553050055,0.000360721472659975,0.000360721472659975
mAP,LG-GNN,138,87.5,87.73727993539333,87.73689213700425,0.0003877983890845371,0.0003877983890845371
mAP,LG-GNN,139,87.5,85.57712082240465,85.57675620038493,0.0003646220197168759,0.0003646220197168759
mAP,LG-GNN,140,87.5,89.47753876289723,89.47716303174026,0.0003757311569643207,0.0003757311569643207
mAP,LG-GNN,141,87.5,90.58108885159805,90.58068385477374,0.0004049968243151625,0.0004049968243151625
mAP,LG-GNN,142,87.5,89.29909922069608,89.29873262373607,0.0003665969600064045,0.0003665969600064045
mAP,LG-GNN,143,87.5,92.35675925612591,92.3563629189826,0.00039633714331444025,0.00039633714331444025
mAP,LG-GNN,144,87.5,88.74787095978635,88.74747988836603,0.0003910714203243515,0.0003910714203243515
mAP,LG-GNN,145,87.5,83.84969082788538,83.8493098689795,0.00038095890587896974,0.00038095890587896974
mAP,LG-GNN,146,87.5,91.59050987701585,91.59012954061502,0.00038033640082346665,0.00038033640082346665
mAP,LG-GNN,147,87.5,85.68493123048843,85.684531293182,0.00039993730642606806,0.00039993730642606806
mAP,LG-GNN,148,87.5,90.23165307725925,90.23125549905672,0.0003975782025378294,0.0003975782025378294
mAP,LG-GNN,149,87.5,92.22159203783252,92.22120264966532,0.0003893881672070165,0.0003893881672070165
mAP,LG-GNN,150,87.5,88.87047979711956,88.8700640321912,0.0004157649283627052,0.0004157649283627052
mAP,LG-GNN,151,87.5,83.01188925013979,83.01152356050605,0.0003656896337389526,0.0003656896337389526
mAP,LG-GNN,152,87.5,84.74573366115138,84.74536350047063,0.00037016068074535724,0.00037016068074535724
mAP,LG-GNN,153,87.5,91.46861832548655,91.46823340065541,0.000384924831138278,0.000384924831138278
mAP,LG-GNN,154,87.5,86.99304887870645,86.99263194307156,0.00041693563488820473,0.00041693563488820473
mAP,LG-GNN,155,87.5,87.73910842625412,87.7387206048265,0.0003878214276227254,0.0003878214276227254
mAP,LG-GNN,156,87.5,89.77690563636668,89.77647324849083,0.00043238787584698457,0.00043238787584698457
mAP,LG-GNN,157,87.5,89.58937655438817,89.58896858624097,0.00040796814720067687,0.00040796814720067687
mAP,LG-GNN,158,87.5,88.33682503840551,88.33639943715639,0.0004256012491197225,0.0004256012491197225
mAP,LG-GNN,159,87.5,86.87439099268656,86.87399488633861,0.0003961063479493987,0.0003961063479493987
mAP,LG-GNN,160,87.5,86.56238342677123,86.56199466280293,0.0003887639683028965,0.0003887639683028965
mAP,LG-GNN,161,87.5,90.07409713485707,90.07369647587403,0.00040065898303964786,0.00040065898303964786
mAP,LG-GNN,162,87.5,89.16112165310543,89.16070859320338,0.0004130599020442105,0.0004130599020442105
mAP,LG-GNN,163,87.5,86.72851152246926,86.72809999814663,0.00041152432262947514,0.00041152432262947514
mAP,LG-GNN,164,87.5,90.74675835473295,90.74633693897943,0.00042141575352161453,0.00042141575352161453
mAP,LG-GNN,165,87.5,87.11330595930552,87.11289765461065,0.0004083046948721858,0.0004083046948721858
mAP,LG-GNN,166,87.5,84.94542132544527,84.94501347699682,0.00040784844844665713,0.00040784844844665713
mAP,LG-GNN,167,87.5,85.22350480047096,85.22308790328997,0.0004168971809974664,0.0004168971809974664
mAP,LG-GNN,168,87.5,84.56421331762854,84.5637774910707,0.00043582655784746294,0.00043582655784746294
mAP,LG-GNN,169,87.5,86.68321668777017,86.68276995018894,0.00044673758122826257,0.00044673758122826257
mAP,LG-GNN,170,87.5,91.20163514224589,91.20117283500858,0.00046230723731355283,0.00046230723731355283
mAP,LG-GNN,171,87.5,85.08511567545183,85.08471445690847,0.000401218543359505,0.000401218543359505
mAP,LG-GNN,172,87.5,88.06584974810869,88.0654272830543,0.00042246505438470194,0.00042246505438470194
mAP,LG-GNN,173,87.5,85.53036789853041,85.52993196311776,0.00043593541265352087,0.00043593541265352087
mAP,LG-GNN,174,87.5,86.71951605296127,86.71907287618569,0.00044317677557614843,0.00044317677557614843
mAP,LG-GNN,175,87.5,82.97029843229693,82.96987636404424,0.00042206825268920056,0.00042206825268920056
mAP,LG-GNN,176,87.5,86.83884418965037,86.83838531253039,0.0004588771199820485,0.0004588771199820485
mAP,LG-GNN,177,87.5,86.91935658144288,86.91888386058511,0.0004727208577719466,0.0004727208577719466
mAP,LG-GNN,178,87.5,89.12131817038049,89.12086383210709,0.0004543382733999124,0.0004543382733999124
mAP,LG-GNN,179,87.5,88.17029126467084,88.16984273976611,0.0004485249047263551,0.0004485249047263551
mAP,LG-GNN,180,87.5,83.90527459829624,83.90482362514386,0.0004509731523825167,0.0004509731523825167
mAP,LG-GNN,181,87.5,90.75307282156405,90.75259473213063,0.0004780894334146524,0.0004780894334146524
mAP,LG-GNN,182,87.5,88.13139320828854,88.13090912066599,0.00048408762255292004,0.00048408762255292004
mAP,LG-GNN,183,87.5,88.09563474714628,88.09518055153247,0.00045419561381265794,0.00045419561381265794
mAP,LG-GNN,184,87.5,87.4729130815194,87.47245293984459,0.00046014167480734613,0.00046014167480734613
mAP,LG-GNN,185,87.5,85.94717562390984,85.94672765833334,0.00044796557649817714,0.00044796557649817714
mAP,LG-GNN,186,87.5,88.15387600266669,88.15340701924617,0.0004689834205180432,0.0004689834205180432
mAP,LG-GNN,187,87.5,88.92723356650563,88.92676530778574,0.0004682587198914234,0.0004682587198914234
mAP,LG-GNN,188,87.5,82.2597621702181,82.25931292596334,0.0004492442547530118,0.0004492442547530118
mAP,LG-GNN,189,87.5,85.88419557857017,85.88371748796172,0.00047809060845338536,0.00047809060845338536
mAP,LG-GNN,190,87.5,86.73563734537365,86.73515908878923,0.00047825658441524865,0.00047825658441524865
mAP,LG-GNN,191,87.5,88.2690062535854,88.26851181708284,0.0004944365025636444,0.0004944365025636444
mAP,LG-GNN,192,87.5,91.08041384138582,91.07993301778137,0.0004808236044482328,0.0004808236044482328
mAP,LG-GNN,193,87.5,85.18524171840687,85.18477755620965,0.00046416219721834295,0.00046416219721834295
mAP,LG-GNN,194,87.5,86.0065927577973,86.00611445954647,0.0004782982508402256,0.0004782982508402256
mAP,LG-GNN,195,87.5,85.96289711767741,85.96239766806035,0.0004994496170667162,0.0004994496170667162
mAP,LG-GNN,196,87.5,85.0959043594696,85.09541722968638,0.0004871297832238497,0.0004871297832238497
mAP,LG-GNN,197,87.5,86.45892964803741,86.45844051466321,0.0004891333742023107,0.0004891333742023107
mAP,LG-GNN,198,87.5,89.81291103196601,89.81240665996391,0.0005043720020978526,0.0005043720020978526
mAP,LG-GNN,199,87.5,84.33902085155314,84.33849351390697,0.0005273376461758517,0.0005273376461758517
mAP,LG-GNN,200,87.5,88.78395866687138,88.78344318545871,0.000515481412676877,0.000515481412676877
mAP,LG-GNN,201,87.5,82.39481180067477,82.394293309945,0.0005184907297746122,0.0005184907297746122
mAP,LG-GNN,202,87.5,85.81650026097861,85.81598601067338,0.0005142503052297798,0.0005142503052297798
mAP,LG-GNN,203,87.5,86.51204407387745,86.51153209934604,0.0005119745314061674,0.0005119745314061674
mAP,LG-GNN,204,87.5,92.52512152072137,92.5245790187422,0.0005425019791687191,0.0005425019791687191
mAP,LG-GNN,205,87.5,86.67612614121681,86.67559308574194,0.0005330554748752547,0.0005330554748752547
mAP,LG-GNN,206,87.5,80.89677803739313,80.89626957964724,0.000508457745894475,0.000508457745894475
mAP,LG-GNN,207,87.5,81.5038370031708,81.50333327941625,0.0005037237545479911,0.0005037237545479911
mAP,LG-GNN,208,87.5,87.60264774175697,87.60208875904004,0.0005589827169245609,0.0005589827169245609
mAP,LG-GNN,209,87.5,89.34183064055499,89.34131256736973,0.0005180731852618692,0.0005180731852618692
mAP,LG-GNN,210,87.5,88.6268848345997,88.62636757288176,0.0005172617179312056,0.0005172617179312056
mAP,LG-GNN,211,87.5,88.00325774263015,88.00271031740297,0.0005474252271824298,0.0005474252271824298
mAP,LG-GNN,212,87.5,90.98730779228212,90.986778792517,0.000528999765123217,0.000528999765123217
mAP,LG-GNN,213,87.5,85.8817497515667,85.8812263377886,0.0005234137780973924,0.0005234137780973924
mAP,LG-GNN,214,87.5,90.18527643446247,90.18473166808047,0.00054476638199219,0.00054476638199219
mAP,LG-GNN,215,87.5,82.60445915473765,82.60395534492075,0.0005038098169052319,0.0005038098169052319
mAP,LG-GNN,216,87.5,84.78569000806402,84.7851565011858,0.0005335068782272856,0.0005335068782272856
mAP,LG-GNN,217,87.5,82.07941770506233,82.07887581520455,0.0005418898577715936,0.0005418898577715936
mAP,LG-GNN,218,87.5,86.67599679459643,86.67546409799063,0.0005326966058021299,0.0005326966058021299
mAP,LG-GNN,219,87.5,87.361733781914,87.36121634820097,0.0005174337130284812,0.0005174337130284812
mAP,LG-GNN,220,87.5,87.84283265701235,87.84230447667956,0.0005281803327932266,0.0005281803327932266
mAP,LG-GNN,221,87.5,87.68620565852015,87.68565005866141,0.0005555998587425393,0.0005555998587425393
mAP,LG-GNN,222,87.5,84.71787710263575,84.71734000756481,0.0005370950709391309,0.0005370950709391309
mAP,LG-GNN,223,87.5,86.92985717526071,86.92927746676035,0.000579708500353604,0.000579708500353604
mAP,LG-GNN,224,87.5,83.0082087508509,83.00765999418276,0.0005487566681381395,0.0005487566681381395
mAP,LG-GNN,225,87.5,91.59026294255877,91.58968692539675,0.0005760171620181609,0.0005760171620181609
mAP,LG-GNN,226,87.5,86.58968144306249,86.58912178130599,0.0005596617564975759,0.0005596617564975759
mAP,LG-GNN,227,87.5,86.03390841226408,86.03334164286893,0.0005667693951494357,0.0005667693951494357
mAP,LG-GNN,228,87.5,92.26742777658048,92.26682098533225,0.0006067912482308202,0.0006067912482308202
mAP,LG-GNN,229,87.5,83.77382315564276,83.77326039935231,0.0005627562904493288,0.0005627562904493288
mAP,LG-GNN,230,87.5,84.12382335159775,84.1232386579041,0.0005846936936535485,0.0005846936936535485
mAP,LG-GNN,231,87.5,84.21190840007411,84.21133902539431,0.0005693746797987842,0.0005693746797987842
mAP,LG-GNN,232,87.5,87.29698403963191,87.29638585490156,0.0005981847303502263,0.0005981847303502263
mAP,LG-GNN,233,87.5,88.79545875730122,88.7948948889128,0.0005638683884257034,0.0005638683884257034
mAP,LG-GNN,234,87.5,89.71962860110725,89.7190264043535,0.0006021967537463979,0.0006021967537463979
mAP,LG-GNN,235,87.5,95.21660715325731,95.21598595248491,0.0006212007724002433,0.0006212007724002433
mAP,LG-GNN,236,87.5,80.75228610364897,80.75170263739771,0.0005834662512569366,0.0005834662512569366
mAP,LG-GNN,237,87.5,89.32680291502399,89.32620676737325,0.0005961476507394536,0.0005961476507394536
mAP,LG-GNN,238,87.5,85.82921150612651,85.82860828228331,0.0006032238431998849,0.0006032238431998849
mAP,LG-GNN,239,87.5,85.74136163332356,85.74075455333367,0.0006070799898907353,0.0006070799898907353
mAP,LG-GNN,240,87.5,85.64125910793587,85.64068361523837,0.0005754926974930186,0.0005754926974930186
mAP,LG-GNN,241,87.5,84.7742898672954,84.77369098757607,0.0005988797193197115,0.0005988797193197115
mAP,LG-GNN,242,87.5,92.55417747517139,92.55357450381035,0.0006029713610331555,0.0006029713610331555
mAP,LG-GNN,243,87.5,90.0274735576032,90.02689198104171,0.0005815765614869406,0.0005815765614869406
mAP,LG-GNN,244,87.5,87.5701699812588,87.56958793567212,0.0005820455866825114,0.0005820455866825114
mAP,LG-GNN,245,87.5,91.55363433142489,91.553047257461,0.0005870739638851319,0.0005870739638851319
mAP,LG-GNN,246,87.5,82.96297271007016,82.96241310410338,0.0005596059667851705,0.0005596059667851705
mAP,LG-GNN,247,87.5,83.50849796089966,83.50788460600722,0.000613354892436746,0.000613354892436746
mAP,LG-GNN,248,87.5,80.9666722475311,80.96609680341594,0.0005754441151566425,0.0005754441151566425
mAP,LG-GNN,249,87.5,85.4023441413169,85.40175637963014,0.000587761686759336,0.000587761686759336
mAP,LG-GNN,250,87.5,87.98572539617732,87.98509558011426,0.0006298160630535676,0.0006298160630535676
mAP,LG-GNN,251,87.5,87.80917901814713,87.808575733797,0.0006032843501344587,0.0006032843501344587
mAP,LG-GNN,252,87.5,87.94863819248029,87.94802573317965,0.0006124593006404666,0.0006124593006404666
mAP,LG-GNN,253,87.5,83.26740761930164,83.26682950680176,0.0005781124998804898,0.0005781124998804898
mAP,LG-GNN,254,87.5,89.91010913778707,89.90946422784207,0.0006449099450094309,0.0006449099450094309
mAP,LG-GNN,255,87.5,88.2195135331159,88.218882554717,0.0006309783989024709,0.0006309783989024709
mAP,LG-GNN,256,87.5,89.69980329183865,89.69916284439799,0.0006404474406593863,0.0006404474406593863
mAP,LG-GNN,257,87.5,81.82233541767229,81.82171346722984,0.000621950442450725,0.000621950442450725
mAP,LG-GNN,258,87.5,88.43509907293243,88.43447257639338,0.0006264965390556654,0.0006264965390556654
mAP,LG-GNN,259,87.5,83.9373525601496,83.93670428024743,0.0006482799021796382,0.0006482799021796382
mAP,LG-GNN,260,87.5,86.30867591029467,86.30803024234592,0.000645667948745654,0.000645667948745654
mAP,LG-GNN,261,87.5,89.1037270300093,89.10309469590915,0.0006323341001461813,0.0006323341001461813
mAP,LG-GNN,262,87.5,87.77393794348639,87.77328081876774,0.0006571247186428764,0.0006571247186428764
mAP,LG-GNN,263,87.5,84.94602102341247,84.94538006066205,0.0006409627504240234,0.0006409627504240234
mAP,LG-GNN,264,87.5,87.5194778648549,87.51881946855326,0.0006583963016453254,0.0006583963016453254
mAP,LG-GNN,265,87.5,82.90602492075351,82.90539405426907,0.0006308664844425493,0.0006308664844425493
mAP,LG-GNN,266,87.5,90.9514552608705,90.95080218769489,0.0006530731756129171,0.0006530731756129171
mAP,LG-GNN,267,87.5,86.88479163684319,86.88414794151124,0.0006436953319450822,0.0006436953319450822
mAP,LG-GNN,268,87.5,90.85633845975913,90.85564983276598,0.0006886269931527522,0.0006886269931527522
mAP,LG-GNN,269,87.5,85.92107112416113,85.92040493871187,0.0006661854492620023,0.0006661854492620023
mAP,LG-GNN,270,87.5,85.92993136765692,85.92927203478025,0.0006593328766655304,0.0006593328766655304
mAP,LG-GNN,271,87.5,85.20808903507883,85.20743964008646,0.0006493949923651599,0.0006493949923651599
mAP,LG-GNN,272,87.5,90.12923407148844,90.12852179507922,0.0007122764092173384,0.0007122764092173384
mAP,LG-GNN,273,87.5,85.37237100174058,85.37170652801457,0.000664473726004644,0.000664473726004644
mAP,LG-GNN,274,87.5,89.43447809709554,89.43378629724553,0.0006917998500028943,0.0006917998500028943
mAP,LG-GNN,275,87.5,86.35331225310821,86.35264280699212,0.0006694461160918763,0.0006694461160918763
mAP,LG-GNN,276,87.5,81.57279051061512,81.57211010032515,0.0006804102899735653,0.0006804102899735653
mAP,LG-GNN,277,87.5,85.78973726934436,85.7890577966406,0.0006794727037515713,0.0006794727037515713
mAP,LG-GNN,278,87.5,83.96333947206159,83.96267535691146,0.0006641151501298737,0.0006641151501298737
mAP,LG-GNN,279,87.5,87.60240080729989,87.60170817104701,0.0006926362528787422,0.0006926362528787422
mAP,LG-GNN,280,87.5,83.92945065752296,83.92877679297654,0.000673864546428149,0.000673864546428149
mAP,LG-GNN,281,87.5,90.27864117680691,90.27792530214386,0.0007158746630580026,0.0007158746630580026
mAP,LG-GNN,282,87.5,87.22747198996325,87.22677241894093,0.0006995710223236529,0.0006995710223236529
mAP,LG-GNN,283,87.5,86.96790859921873,86.96721201572379,0.0006965834949426153,0.0006965834949426153
mAP,LG-GNN,284,87.5,89.46836691163416,89.46767641336275,0.0006904982714104335,0.0006904982714104335
mAP,LG-GNN,285,87.5,90.39244268517085,90.39172080222758,0.0007218829432673601,0.0007218829432673601
mAP,LG-GNN,286,87.5,87.44041180345388,87.43970374469104,0.0007080587628394142,0.0007080587628394142
mAP,LG-GNN,287,87.5,85.1871113650105,85.18639910135212,0.0007122636583716258,0.0007122636583716258
mAP,LG-GNN,288,87.5,82.17876766829511,82.17809115166361,0.0006765166315005899,0.0006765166315005899
mAP,LG-GNN,289,87.5,85.44257094025397,85.44185072889447,0.0007202113595070614,0.0007202113595070614
mAP,LG-GNN,290,87.5,85.64907869907681,85.64836326005612,0.0007154390206949302,0.0007154390206949302
mAP,LG-GNN,291,87.5,87.82189026329505,87.8211723589769,0.000717904318150886,0.000717904318150886
mAP,LG-GNN,292,87.5,86.46526763243585,86.46455935658592,0.0007082758499308284,0.0007082758499308284
mAP,LG-GNN,293,87.5,89.56454200327589,89.56379891615428,0.0007430871216058677,0.0007430871216058677
mAP,LG-GNN,294,87.5,85.66175466787371,85.66105018618794,0.000704481685772862,0.000704481685772862
mAP,LG-GNN,295,87.5,87.32959702614228,87.32887649944118,0.0007205267011016758,0.0007205267011016758
mAP,LG-GNN,296,87.5,91.05271014705792,91.05196232959067,0.0007478174672570503,0.0007478174672570503
mAP,LG-GNN,297,87.5,88.52620612881213,88.5254756418649,0.000730486947233544,0.000730486947233544
mAP,LG-GNN,298,87.5,87.32060155663429,87.31988737493431,0.0007141816999762796,0.0007141816999762796
mAP,LG-GNN,299,87.5,85.69489092025741,85.69416667419446,0.0007242460629441894,0.0007242460629441894
mAP,LG-GNN,300,87.5,85.6010323089988,85.60030580985507,0.0007264991437239132,0.0007264991437239132
mAP,LG-GNN,301,87.5,82.39704596957219,82.39632048228832,0.0007254872838728943,0.0007254872838728943
mAP,LG-GNN,302,87.5,84.25467509628403,84.2539588053026,0.0007162909814297791,0.0007162909814297791
mAP,LG-GNN,303,87.5,92.03475672409058,92.03399503246588,0.0007616916247030758,0.0007616916247030758
mAP,LG-GNN,304,87.5,86.16940487650024,86.16867037224638,0.0007345042538560165,0.0007345042538560165
mAP,LG-GNN,305,87.5,79.40209552745759,79.40136158371261,0.0007339437449758179,0.0007339437449758179
mAP,LG-GNN,306,87.5,98.10980884027033,98.10901575835871,0.0007930819116239718,0.0007930819116239718
mAP,LG-GNN,307,87.5,89.42053217966223,89.41979114687098,0.000741032791253815,0.000741032791253815
mAP,LG-GNN,308,87.5,79.05905065204375,79.05833959692099,0.0007110551227640372,0.0007110551227640372
mAP,LG-GNN,309,87.5,84.84963427366468,84.84890643655505,0.0007278371096219871,0.0007278371096219871
mAP,LG-GNN,310,87.5,88.1660698613331,88.16531829697051,0.000751564362587942,0.000751564362587942
mAP,LG-GNN,311,87.5,97.72833038042917,97.72755255978426,0.000777820644913163,0.000777820644913163
mAP,LG-GNN,312,87.5,80.85208290066123,80.85132525044679,0.0007576502144388542,0.0007576502144388542
mAP,LG-GNN,313,87.5,93.35703194784799,93.35624431613567,0.0007876317123134413,0.0007876317123134413
mAP,LG-GNN,314,87.5,95.89772293859234,95.89691856183406,0.0008043767582819328,0.0008043767582819328
mAP,LG-GNN,315,87.5,83.72885756688643,83.72807416955258,0.0007833973338478017,0.0007833973338478017
mAP,LG-GNN,316,87.5,85.83570823410452,85.8349182868386,0.0007899472659147477,0.0007899472659147477
mAP,LG-GNN,317,87.5,81.28293649313518,81.28214451575738,0.000791977377801345,0.000791977377801345
mAP,LG-GNN,318,87.5,86.28000799570577,86.27923315351818,0.0007748421875959366,0.0007748421875959366
mAP,LG-GNN,319,87.5,87.28128018403984,87.28046015394241,0.0008200300974294805,0.0008200300974294805
mAP,LG-GNN,320,87.5,91.45869391206858,91.45789998849422,0.0007939235743634754,0.0007939235743634754
mAP,LG-GNN,321,87.5,94.04192230274127,94.04110082612269,0.0008214766185830058,0.0008214766185830058
mAP,LG-GNN,322,87.5,83.01221849608257,83.01142361227012,0.0007948838124463009,0.0007948838124463009
mAP,LG-GNN,323,87.5,75.69682048137024,75.69604961464404,0.0007708667261994151,0.0007708667261994151
mAP,LG-GNN,324,87.5,87.37335146018053,87.37253132434255,0.000820135837983571,0.000820135837983571
mAP,LG-GNN,325,87.5,89.2620355345664,89.26122517981185,0.0008103547545488254,0.0008103547545488254
mAP,LG-GNN,326,87.5,88.99732179657417,88.99650612611025,0.000815670463921947,0.000815670463921947
mAP,LG-GNN,327,87.5,85.54076854268705,85.53996051494573,0.0008080277413142767,0.0008080277413142767
mAP,LG-GNN,328,87.5,88.24935732607186,88.2485125979836,0.0008447280882535324,0.0008447280882535324
mAP,LG-GNN,329,87.5,96.59350192716458,96.59266885011348,0.0008330770510980301,0.0008330770510980301
mAP,LG-GNN,330,87.5,89.79123959366112,89.79040501377506,0.0008345798860602827,0.0008345798860602827
mAP,LG-GNN,331,87.5,85.260627280519,85.2597894499815,0.000837830537506079,0.000837830537506079
mAP,LG-GNN,332,87.5,84.49965759527703,84.49881309742402,0.0008444978530093294,0.0008444978530093294
mAP,LG-GNN,333,87.5,86.48171817079101,86.48088585393361,0.0008323168573980411,0.0008323168573980411
mAP,LG-GNN,334,87.5,97.32128832488817,97.32043977098384,0.0008485539043334711,0.0008485539043334711
mAP,LG-GNN,335,87.5,86.40105291481079,86.40019574284281,0.0008571719679792977,0.0008571719679792977
mAP,LG-GNN,336,87.5,87.38207647766411,87.38123393287576,0.0008425447883553261,0.0008425447883553261
mAP,LG-GNN,337,87.5,84.60694473748745,84.60611857438218,0.000826163105273281,0.000826163105273281
mAP,LG-GNN,338,87.5,94.09476627655688,94.09390014465178,0.0008661319050986549,0.0008661319050986549
mAP,LG-GNN,339,87.5,99.25988843595566,99.25902352846805,0.0008649074876103668,0.0008649074876103668
mAP,LG-GNN,340,87.5,90.2045255633312,90.20367829658834,0.0008472667428662817,0.0008472667428662817
mAP,LG-GNN,341,87.5,87.99749593863157,87.99663742271255,0.0008585159190204195,0.0008585159190204195
mAP,LG-GNN,342,87.5,87.72153492405842,87.72069699904542,0.00083792501300195,0.00083792501300195
mAP,LG-GNN,343,87.5,73.19497463248167,73.19415926728553,0.0008153651961464448,0.0008153651961464448
mAP,LG-GNN,344,87.5,91.97177667875093,91.9709051857089,0.0008714930420268274,0.0008714930420268274
mAP,LG-GNN,345,87.5,88.30588179917636,88.30499849597506,0.0008833032013058073,0.0008833032013058073
mAP,LG-GNN,346,87.5,90.07091638387418,90.07005230396435,0.0008640799098316165,0.0008640799098316165
mAP,LG-GNN,347,87.5,83.23209599193886,83.23122683549776,0.0008691564410980845,0.0008691564410980845
mAP,LG-GNN,348,87.5,85.19412547947,85.19325872613744,0.0008667533325592558,0.0008667533325592558
mAP,LG-GNN,349,87.5,85.0347175286397,85.03385038098097,0.0008671476587380766,0.0008671476587380766
mAP,LG-GNN,350,87.5,93.6306235675115,93.62973790443823,0.0008856630732765325,0.0008856630732765325
mAP,LG-GNN,351,87.5,85.22833766055957,85.22744098038145,0.0008966801781298273,0.0008966801781298273
mAP,LG-GNN,352,87.5,99.99688196129331,99.99596193265879,0.0009200286345247832,0.0009200286345247832
mAP,LG-GNN,353,87.5,90.0860793354174,90.08517451409023,0.0009048213271682926,0.0009048213271682926
mAP,LG-GNN,354,87.5,79.84676569074448,79.84590404002562,0.0008616507188605738,0.0008616507188605738
mAP,LG-GNN,355,87.5,86.72962860691797,86.72872224048825,0.0009063664297173091,0.0009063664297173091
mAP,LG-GNN,356,87.5,83.59082120537742,83.58994926706151,0.00087193831591037,0.00087193831591037
mAP,LG-GNN,357,87.5,74.33458891070019,74.33370518107985,0.0008837296203410006,0.0008837296203410006
mAP,LG-GNN,358,87.5,97.09777736487767,97.09682564068274,0.000951724194933945,0.000951724194933945
mAP,LG-GNN,359,87.5,91.71976242712293,91.71885525332003,0.0009071738029007292,0.0009071738029007292
mAP,LG-GNN,360,87.5,90.70017005383008,90.69924390739587,0.0009261464342102954,0.0009261464342102954
mAP,LG-GNN,361,87.5,88.4933168108855,88.49242196179823,0.0008948490872739967,0.0008948490872739967
mAP,LG-GNN,362,87.5,79.2088046414805,79.20789458784537,0.0009100536351240862,0.0009100536351240862
mAP,LG-GNN,363,87.5,84.59921921661588,84.59829716266738,0.000922053948499979,0.000922053948499979
mAP,LG-GNN,364,87.5,92.55161406033119,92.55068464870408,0.0009294116271121311,0.0009294116271121311
mAP,LG-GNN,365,87.5,81.19360501358973,81.19267982130498,0.0009251922847539618,0.0009251922847539618
mAP,LG-GNN,366,87.5,72.31027902545779,72.30938410249512,0.0008949229626722399,0.0008949229626722399
mAP,LG-GNN,367,87.5,86.13829113490787,86.13736395331445,0.0009271815934255301,0.0009271815934255301
mAP,LG-GNN,368,87.5,86.65040968132924,86.64945467583478,0.0009550054944611475,0.0009550054944611475
mAP,LG-GNN,369,87.5,88.31434224402734,88.31338049848826,0.000961745539086678,0.000961745539086678
mAP,LG-GNN,370,87.5,91.87209746957537,91.87111186108721,0.0009856084881505467,0.0009856084881505467
mAP,LG-GNN,371,87.5,91.32658985692137,91.32563487338726,0.0009549835341147173,0.0009549835341147173
mAP,LG-GNN,372,87.5,89.05355817947874,89.05261883146353,0.0009393480152084521,0.0009393480152084521
mAP,LG-GNN,373,87.5,94.67418034192501,94.67318832852025,0.0009920134047547435,0.0009920134047547435
mAP,LG-GNN,374,87.5,78.38713023553913,78.38618131512011,0.0009489204190202827,0.0009489204190202827
mAP,LG-GNN,375,87.5,90.52845653588851,90.52749088686434,0.000965649024166737,0.000965649024166737
mAP,LG-GNN,376,87.5,91.26020564370909,91.25923018002166,0.000975463687424849,0.000975463687424849
mAP,LG-GNN,377,87.5,80.06359766163008,80.06262628351857,0.0009713781115152642,0.0009713781115152642
mAP,LG-GNN,378,87.5,78.48372276400116,78.48277634790567,0.0009464160954877343,0.0009464160954877343
mAP,LG-GNN,379,87.5,83.0253177810916,83.02434724114639,0.0009705399452144547,0.0009705399452144547
mAP,LG-GNN,380,87.5,83.53173331743274,83.53075134490825,0.0009819725244852862,0.0009819725244852862
mAP,LG-GNN,381,87.5,98.5029520135127,98.50193178699905,0.001020226513645639,0.001020226513645639
mAP,LG-GNN,382,87.5,100.00104457071271,100.0,0.001044570712707582,0.001044570712707582
mAP,LG-GNN,383,87.5,98.61974025292896,98.61869542618578,0.0010448267431826253,0.0010448267431826253
mAP,LG-GNN,384,87.5,98.26714136578276,98.2660852882006,0.0010560775821630841,0.0010560775821630841
mAP,LG-GNN,385,87.5,99.5181230841454,99.51705384317212,0.0010692409732797614,0.0010692409732797614
mAP,LG-GNN,386,87.5,100.00105632949638,100.0,0.001056329496378794,0.001056329496378794
mAP,LG-GNN,387,87.5,98.46646450778287,98.46539881535,0.0010656924328742434,0.0010656924328742434
mAP,LG-GNN,388,87.5,97.81522779175481,97.8141449711712,0.001082820583604871,0.001082820583604871
mAP,LG-GNN,389,87.5,98.92669154186594,98.92561894339866,0.001072598467274588,0.001072598467274588
mAP,LG-GNN,390,87.5,100.00110336463106,100.0,0.0011033646310636414,0.0011033646310636414
mAP,LG-GNN,391,87.5,75.29825650885573,75.29723782122082,0.0010186876349109752,0.0010186876349109752
mAP,LG-GNN,392,87.5,74.23385141099428,74.2328265217026,0.001024889291670661,0.001024889291670661
mAP,LG-GNN,393,87.5,73.66264497662821,73.66163140956306,0.001013567065157872,0.001013567065157872
mAP,LG-GNN,394,87.5,74.33039102492978,74.32935009299354,0.0010409319362452152,0.0010409319362452152
mAP,LG-GNN,395,87.5,75.08583408184658,75.08478768462498,0.0010463972216001594,0.0010463972216001594
mAP,LG-GNN,396,87.5,75.52767037826885,75.52663364779048,0.0010367304783756026,0.0010367304783756026
mAP,LG-GNN,397,87.5,77.34079250878753,77.33972365460693,0.0010688541806018748,0.0010688541806018748
mAP,LG-GNN,398,87.5,73.56375360595858,73.56271208474384,0.0010415212147449893,0.0010415212147449893
mAP,LG-GNN,399,87.5,75.967119641606,75.96607550969983,0.0010441319061698096,0.0010441319061698096
mAP,LG-GNN,400,87.5,76.89213611783632,76.89108714433253,0.0010489735037850778,0.0010489735037850778
mAP,BNT,1,82.2,78.50270144084548,78.502706282508,-4.84166251624174e-06,4.84166251624174e-06
mAP,BNT,2,82.2,85.05737670477292,85.0573859116085,-9.206835585473527e-06,9.206835585473527e-06
mAP,BNT,3,82.2,87.26758120106362,87.26756680095504,1.4400108582890425e-05,1.4400108582890425e-05
mAP,BNT,4,82.2,87.20978677932268,87.20976834421393,1.8435108756875707e-05,1.8435108756875707e-05
mAP,BNT,5,82.2,85.87184885571607,85.87184625943802,2.59627805121454e-06,2.59627805121454e-06
mAP,BNT,6,82.2,81.6071379177169,81.6071385966121,-6.788952049419095e-07,6.788952049419095e-07
mAP,BNT,7,82.2,81.10430881039531,81.10427706753046,3.174286484863842e-05,3.174286484863842e-05
mAP,BNT,8,82.2,77.1864937494621,77.18649068251781,3.0669442878661357e-06,3.0669442878661357e-06
mAP,BNT,9,82.2,88.30763385794327,88.30762060554538,1.3252397891960754e-05,1.3252397891960754e-05
mAP,BNT,10,82.2,83.60696601535714,83.6069342344454,3.1780911740497686e-05,3.1780911740497686e-05
mAP,BNT,11,82.2,80.72415909310892,80.72412928539156,2.9807717368157682e-05,2.9807717368157682e-05
mAP,BNT,12,82.2,86.18422094392518,86.18417066696091,5.027696427362116e-05,5.027696427362116e-05
mAP,BNT,13,82.2,79.28174437658915,79.28170644972,3.792686914039223e-05,3.792686914039223e-05
mAP,BNT,14,82.2,83.41989552594178,83.41986610266802,2.94232737587663e-05,2.94232737587663e-05
mAP,BNT,15,82.2,81.68215895753524,81.6821125971275,4.6360407736756315e-05,4.6360407736756315e-05
mAP,BNT,16,82.2,84.11609783072618,84.1160314196409,6.641108527105644e-05,6.641108527105644e-05
mAP,BNT,17,82.2,82.0093471131693,82.00927938244163,6.773072766463883e-05,6.773072766463883e-05
mAP,BNT,18,82.2,77.84726683904701,77.84721632666633,5.0512380681766444e-05,5.0512380681766444e-05
mAP,BNT,19,82.2,82.42679569225878,82.42672911801012,6.657424866318706e-05,6.657424866318706e-05
mAP,BNT,20,82.2,85.34666630063668,85.34659242562608,7.387501059952228e-05,7.387501059952228e-05
mAP,BNT,21,82.2,82.11237757569097,82.11235078243804,2.679325292831436e-05,2.679325292831436e-05
mAP,BNT,22,82.2,84.52539757273193,84.52534536476726,5.2207964671424634e-05,5.2207964671424634e-05
mAP,BNT,23,82.2,79.06346607531206,79.06341154297785,5.453233421803816e-05,5.453233421803816e-05
mAP,BNT,24,82.2,82.12127897492961,82.12121762019045,6.135473915946932e-05,6.135473915946932e-05
mAP,BNT,25,82.2,80.32650054693704,80.32646863473427,3.1912202771877674e-05,3.1912202771877674e-05
mAP,BNT,26,82.2,84.44099302354446,84.44094252031414,5.050323032662618e-05,5.050323032662618e-05
mAP,BNT,27,82.2,82.29453877292386,82.29447468678599,6.408613786845763e-05,6.408613786845763e-05
mAP,BNT,28,82.2,84.2702790022149,84.27022102900985,5.797320505962489e-05,5.797320505962489e-05
mAP,BNT,29,82.2,85.46318408802851,85.4631312784736,5.280955491571149e-05,5.280955491571149e-05
mAP,BNT,30,82.2,84.27492372176478,84.27485572536416,6.799640061672108e-05,6.799640061672108e-05
mAP,BNT,31,82.2,83.0194031129053,83.01935530288094,4.781002435549908e-05,4.781002435549908e-05
mAP,BNT,32,82.2,79.20543574995888,79.20536322446578,7.252549309555434e-05,7.252549309555434e-05
mAP,BNT,33,82.2,82.19171408911642,82.19164166799929,7.2421117124577e-05,7.2421117124577e-05
mAP,BNT,34,82.2,80.6007800554453,80.6007287939525,5.1261492799881125e-05,5.1261492799881125e-05
mAP,BNT,35,82.2,81.16786503613481,81.16780812988732,5.6906247493770934e-05,5.6906247493770934e-05
mAP,BNT,36,82.2,81.0764875282307,81.07639754774925,8.998048144803761e-05,8.998048144803761e-05
mAP,BNT,37,82.2,79.26031987274133,79.26022327565327,9.65970880599798e-05,9.65970880599798e-05
mAP,BNT,38,82.2,76.32807902394198,76.32798423259803,9.479134395462552e-05,9.479134395462552e-05
mAP,BNT,39,82.2,80.19564880225077,80.1955708550167,7.794723407528181e-05,7.794723407528181e-05
mAP,BNT,40,82.2,82.78024121182925,82.78013835577248,0.00010285605677040621,0.00010285605677040621
mAP,BNT,41,82.2,78.1555351117551,78.15546886371753,6.624803756949404e-05,6.624803756949404e-05
mAP,BNT,42,82.2,82.24714499533955,82.24704670941487,9.828592467897579e-05,9.828592467897579e-05
mAP,BNT,43,82.2,87.90092104834505,87.9008052729329,0.00011577541215501697,0.00011577541215501697
mAP,BNT,44,82.2,85.26927586590871,85.26916966575672,0.00010620015198981037,0.00010620015198981037
mAP,BNT,45,82.2,87.13075599427268,87.13062452736159,0.00013146691108545383,0.00013146691108545383
mAP,BNT,46,82.2,83.37348360679398,83.37338363079819,9.997599579492089e-05,9.997599579492089e-05
mAP,BNT,47,82.2,85.70263995869632,85.70252946895934,0.00011048973698279951,0.00011048973698279951
mAP,BNT,48,82.2,80.02822724034897,80.02810580859664,0.00012143175233347847,0.00012143175233347847
mAP,BNT,49,82.2,80.26708341304958,80.26697919893405,0.00010421411552385962,0.00010421411552385962
mAP,BNT,50,82.2,73.98268379179056,73.98257938158758,0.0001044102029794658,0.0001044102029794658
mAP,BNT,51,82.2,85.75856473383364,85.7584364221269,0.00012831170673166525,0.00012831170673166525
mAP,BNT,52,82.2,86.82110018509147,86.82097193945967,0.0001282456317994729,0.0001282456317994729
mAP,BNT,53,82.2,80.54061623879475,80.54046826395819,0.0001479748365653677,0.0001479748365653677
mAP,BNT,54,82.2,81.43825826663995,81.4381448808083,0.00011338583165354521,0.00011338583165354521
mAP,BNT,55,82.2,79.93856651486074,79.93841365892712,0.00015285593362079908,0.00015285593362079908
mAP,BNT,56,82.2,83.3481316692002,83.34796065443248,0.00017101476771586022,0.00017101476771586022
mAP,BNT,57,82.2,85.57496308560111,85.57479763590973,0.00016544969138010401,0.00016544969138010401
mAP,BNT,58,82.2,76.97183715355555,76.97168407835687,0.0001530751986820178,0.0001530751986820178
mAP,BNT,59,82.2,83.42846767923764,83.42831559192676,0.00015208731088023342,0.00015208731088023342
mAP,BNT,60,82.2,81.37015139161991,81.36998468484256,0.00016670677734964556,0.00016670677734964556
mAP,BNT,61,82.2,82.54032674859829,82.54018317590007,0.00014357269822085073,0.00014357269822085073
mAP,BNT,62,82.2,83.57714573996854,83.57698200502287,0.0001637349456728998,0.0001637349456728998
mAP,BNT,63,82.2,81.63553538028137,81.63539268368154,0.00014269659982346639,0.00014269659982346639
mAP,BNT,64,82.2,81.88941927851299,81.88923943978266,0.0001798387303324489,0.0001798387303324489
mAP,BNT,65,82.2,81.55855062359004,81.55837449733609,0.00017612625394747283,0.00017612625394747283
mAP,BNT,66,82.2,85.11112610493117,85.11094860536485,0.00017749956631973873,0.00017749956631973873
mAP,BNT,67,82.2,83.45644182558998,83.4562798803825,0.00016194520748058494,0.00016194520748058494
mAP,BNT,68,82.2,82.86190596442147,82.86175061321208,0.00015535120938636737,0.00015535120938636737
mAP,BNT,69,82.2,78.38730073790235,78.38714483672315,0.00015590117919828117,0.00015590117919828117
mAP,BNT,70,82.2,81.06444653375202,81.06426077036053,0.00018576339148523857,0.00018576339148523857
mAP,BNT,71,82.2,84.8961990570002,84.89600748101752,0.0001915759826829344,0.0001915759826829344
mAP,BNT,72,82.2,82.31326463591927,82.31308971937177,0.0001749165474933534,0.0001749165474933534
mAP,BNT,73,82.2,84.17880742404141,84.17859440876742,0.00021301527398520648,0.00021301527398520648
mAP,BNT,74,82.2,87.499734867072,87.49953540098291,0.0001994660890858313,0.0001994660890858313
mAP,BNT,75,82.2,85.3160346691748,85.31581820762645,0.00021646154834797926,0.00021646154834797926
mAP,BNT,76,82.2,82.47968082181724,82.47947501309923,0.0002058087180074608,0.0002058087180074608
mAP,BNT,77,82.2,80.66724658014328,80.66703248941282,0.0002140907304664097,0.0002140907304664097
mAP,BNT,78,82.2,74.53952099251116,74.53935121183231,0.00016978067884565462,0.00016978067884565462
mAP,BNT,79,82.2,81.6950465844382,81.69484523258144,0.00020135185675940193,0.00020135185675940193
mAP,BNT,80,82.2,81.22215534034191,81.22196251254945,0.00019282779246054815,0.00019282779246054815
mAP,BNT,81,82.2,83.37130823181492,83.37109858318613,0.00020964862879679913,0.00020964862879679913
mAP,BNT,82,82.2,81.73847177253369,81.73828431907594,0.00018745345774107136,0.00018745345774107136
mAP,BNT,83,82.2,81.23905271247655,81.23884482168963,0.00020789078692473595,0.00020789078692473595
mAP,BNT,84,82.2,76.86202187285595,76.86180320847834,0.00021866437761275392,0.00021866437761275392
mAP,BNT,85,82.2,79.380306501316,79.3800965125498,0.0002099887662012634,0.0002099887662012634
mAP,BNT,86,82.2,83.63020137189022,83.62995312240167,0.0002482494885498454,0.0002482494885498454
mAP,BNT,87,82.2,87.3479760050194,87.34772289339809,0.00025311162131913534,0.00025311162131913534
mAP,BNT,88,82.2,81.90768066955341,81.90742384876313,0.00025682079028399585,0.00025682079028399585
mAP,BNT,89,82.2,83.18367920017522,83.18343322072238,0.0002459794528419934,0.0002459794528419934
mAP,BNT,90,82.2,85.05768243314836,85.05743447085842,0.000247962289932957,0.000247962289932957
mAP,BNT,91,82.2,79.76758204150676,79.76731819139926,0.00026385010750118454,0.00026385010750118454
mAP,BNT,92,82.2,83.3007202534404,83.30044212985634,0.0002781235840672025,0.0002781235840672025
mAP,BNT,93,82.2,79.97879331379782,79.97852968100352,0.00026363279430086095,0.00026363279430086095
mAP,BNT,94,82.2,84.79475015088222,84.79447331547304,0.00027683540918133076,0.00027683540918133076
mAP,BNT,95,82.2,82.654492779256,82.6542091438552,0.00028363540080533767,0.00028363540080533767
mAP,BNT,96,82.2,83.0956000310907,83.09535544194432,0.00024458914637648377,0.00024458914637648377
mAP,BNT,97,82.2,79.85246870082472,79.85220420774424,0.00026449308047915565,0.00026449308047915565
mAP,BNT,98,82.2,84.3213709172636,84.32109707883235,0.00027383843124084706,0.00027383843124084706
mAP,BNT,99,82.2,88.45441875450321,88.45413876369305,0.0002799908101565052,0.0002799908101565052
mAP,BNT,100,82.2,79.17651502152107,79.17626491371539,0.00025010780568379687,0.00025010780568379687
mAP,BNT,101,82.2,81.18098783871119,81.18072297705743,0.00026486165376127246,0.00026486165376127246
mAP,BNT,102,82.2,82.89510101072354,82.89482242250428,0.00027858821925974553,0.00027858821925974553
mAP,BNT,103,82.2,84.55949804537664,84.55921863598745,0.0002794093891935745,0.0002794093891935745
mAP,BNT,104,82.2,80.52163756195043,80.52136114413159,0.0002764178188385813,0.0002764178188385813
mAP,BNT,105,82.2,73.70115499314939,73.70090912957178,0.0002458635776036999,0.0002458635776036999
mAP,BNT,106,82.2,86.27786789707773,86.27756848249207,0.00029941458565474477,0.00029941458565474477
mAP,BNT,107,82.2,84.48179600288141,84.48151835875242,0.00027764412898534374,0.00027764412898534374
mAP,BNT,108,82.2,76.97141383734342,76.97115740854001,0.0002564288034108131,0.0002564288034108131
mAP,BNT,109,82.2,80.3775689444184,80.37729362466133,0.0002753197570655175,0.0002753197570655175
mAP,BNT,110,82.2,86.90485212178521,86.90454728858198,0.0003048332032307144,0.0003048332032307144
mAP,BNT,111,82.2,86.54367520195133,86.5433892553736,0.00028594657773339804,0.00028594657773339804
mAP,BNT,112,82.2,85.01620332375036,85.01592006803683,0.0002832557135263869,0.0002832557135263869
mAP,BNT,113,82.2,81.67194645391734,81.67166269812041,0.00028375579692863084,0.00028375579692863084
mAP,BNT,114,82.2,82.44927848663693,82.44896225643754,0.00031623019938820107,0.00031623019938820107
mAP,BNT,115,82.2,81.80751935024736,81.80722258462163,0.0002967656257339968,0.0002967656257339968
mAP,BNT,116,82.2,85.5850403632068,85.58471934980652,0.00032101340028134473,0.00032101340028134473
mAP,BNT,117,82.2,79.5727507548688,79.57247278051467,0.00027797435413390303,0.00027797435413390303
mAP,BNT,118,82.2,79.78288021906218,79.78260103534738,0.0002791837147952947,0.0002791837147952947
mAP,BNT,119,82.2,85.23111273350582,85.23082376050804,0.0002889729977795241,0.0002889729977795241
mAP,BNT,120,82.2,82.06720032882858,82.06691563346531,0.0002846953632626992,0.0002846953632626992
mAP,BNT,121,82.2,86.335685836386,86.33540206636142,0.0002837700245805763,0.0002837700245805763
mAP,BNT,122,82.2,80.1857243888328,80.18546337905836,0.0002610097744337736,0.0002610097744337736
mAP,BNT,123,82.2,82.03597487879134,82.03566491898353,0.00030995980780801347,0.00030995980780801347
mAP,BNT,124,82.2,79.43305640486224,79.43276104546814,0.00029535939410152423,0.00029535939410152423
mAP,BNT,125,82.2,82.22240451449665,82.2220880442707,0.0003164702259397245,0.0003164702259397245
mAP,BNT,126,82.2,77.76463786619381,77.76435918900361,0.0002786771901952534,0.0002786771901952534
mAP,BNT,127,82.2,80.73741124230568,80.73709973713511,0.0003115051705719907,0.0003115051705719907
mAP,BNT,128,82.2,77.89153865956678,77.89123840521565,0.00030025435113145704,0.00030025435113145704
mAP,BNT,129,82.2,84.2821083385875,84.28176969957377,0.0003386390137336548,0.0003386390137336548
mAP,BNT,130,82.2,84.35009762577084,84.34976801927895,0.0003296064918885122,0.0003296064918885122
mAP,BNT,131,82.2,77.00952405521979,77.00921180854697,0.00031224667282003793,0.00031224667282003793
mAP,BNT,132,82.2,86.2020002248351,86.20165723650172,0.0003429883333865291,0.0003429883333865291
mAP,BNT,133,82.2,89.69261867501592,89.69224537925956,0.00037329575636135814,0.00037329575636135814
mAP,BNT,134,82.2,82.33834612148863,82.33801916020903,0.0003269612795975263,0.0003269612795975263
mAP,BNT,135,82.2,80.27698430890021,80.27665721932607,0.0003270895741422919,0.0003270895741422919
mAP,BNT,136,82.2,90.67337178584482,90.67299177300914,0.00038001283567723476,0.00038001283567723476
mAP,BNT,137,82.2,78.2434437784764,78.24309450509247,0.00034927338393231366,0.00034927338393231366
mAP,BNT,138,82.2,82.26066759656074,82.2603194006073,0.0003481959534354928,0.0003481959534354928
mAP,BNT,139,82.2,82.73920305681891,82.73886681789577,0.00033623892313983106,0.00033623892313983106
mAP,BNT,140,82.2,86.23579496910438,86.23544286135724,0.0003521077471333456,0.0003521077471333456
mAP,BNT,141,82.2,83.27956620161702,83.27921692538037,0.0003492762366477109,0.0003492762366477109
mAP,BNT,142,82.2,80.70445137167702,80.70409831263464,0.00035305904238214225,0.00035305904238214225
mAP,BNT,143,82.2,79.3468057266385,79.34644688883614,0.00035883780235224094,0.00035883780235224094
mAP,BNT,144,82.2,81.17489678876983,81.1745345392616,0.00036224950822827395,0.00036224950822827395
mAP,BNT,145,82.2,79.17956054649176,79.17921791716456,0.0003426293271928671,0.0003426293271928671
mAP,BNT,146,82.2,82.34383747346278,82.34347595935405,0.00036151410873230816,0.00036151410873230816
mAP,BNT,147,82.2,80.50778571478648,80.50741146041854,0.00037425436794080724,0.00037425436794080724
mAP,BNT,148,82.2,77.71822594704601,77.71788662013076,0.00033932691525251357,0.00033932691525251357
mAP,BNT,149,82.2,85.96582505481139,85.96543736512471,0.00038768968667568515,0.00038768968667568515
mAP,BNT,150,82.2,80.70733815306815,80.70698242971288,0.00035572335526978804,0.00035572335526978804
mAP,BNT,151,82.2,78.39593168511657,78.39558958507406,0.0003421000425021248,0.0003421000425021248
mAP,BNT,152,82.2,81.69558748848705,81.69522259653738,0.00036489194967259664,0.00036489194967259664
mAP,BNT,153,82.2,82.40546525868034,82.40511469790297,0.0003505607773632846,0.0003505607773632846
mAP,BNT,154,82.2,76.96097203744394,76.9605998232629,0.00037221418104138593,0.00037221418104138593
mAP,BNT,155,82.2,83.1953380341846,83.1949430013773,0.0003950328073045739,0.0003950328073045739
mAP,BNT,156,82.2,79.05888014968053,79.0585272939292,0.0003528557513305941,0.0003528557513305941
mAP,BNT,157,82.2,87.33348918353725,87.33308642757237,0.00040275596488470455,0.00040275596488470455
mAP,BNT,158,82.2,83.7722474786309,83.77188153623021,0.0003659424006912104,0.0003659424006912104
mAP,BNT,159,82.2,81.00067864990643,81.00030002967205,0.0003786202343860623,0.0003786202343860623
mAP,BNT,160,82.2,79.96488267271552,79.96449668904795,0.00038598366757014446,0.00038598366757014446
mAP,BNT,161,82.2,81.88546832719967,81.88509687730914,0.0003714498905367236,0.0003714498905367236
mAP,BNT,162,82.2,84.03872503417372,84.03837222474988,0.00035280942384474656,0.00035280942384474656
mAP,BNT,163,82.2,82.12390118368815,82.1235176142444,0.000383569443741294,0.000383569443741294
mAP,BNT,164,82.2,81.54892017976383,81.54852357858944,0.00039660117438700127,0.00039660117438700127
mAP,BNT,165,82.2,82.37546860153667,82.37511087245369,0.0003577290829781532,0.0003577290829781532
mAP,BNT,166,82.2,80.3887809446483,80.38842320628913,0.00035773835917041197,0.00035773835917041197
mAP,BNT,167,82.2,81.17073417935045,81.1703822194709,0.0003519598795520551,0.0003519598795520551
mAP,BNT,168,82.2,75.94297885873029,75.942622683285,0.00035617544529031875,0.00035617544529031875
mAP,BNT,169,82.2,85.12156790483066,85.12117869255711,0.0003892122735464909,0.0003892122735464909
mAP,BNT,170,82.2,83.09677590945776,83.09639334096529,0.0003825684924692041,0.0003825684924692041
mAP,BNT,171,82.2,79.87999601339756,79.87963246789971,0.0003635454978478947,0.0003635454978478947
mAP,BNT,172,82.2,87.8965820571706,87.89620494406572,0.00037711310488930394,0.00037711310488930394
mAP,BNT,173,82.2,82.46141355138498,82.46104944117717,0.0003641102078120184,0.0003641102078120184
mAP,BNT,174,82.2,79.09195760814589,79.09156928407441,0.00038832407147992853,0.00038832407147992853
mAP,BNT,175,82.2,84.77062700618201,84.77021226441138,0.0004147417706263923,0.0004147417706263923
mAP,BNT,176,82.2,83.394543588348,83.39414464952779,0.00039893882021146965,0.00039893882021146965
mAP,BNT,177,82.2,83.38414294419137,83.38373995645266,0.0004029877387097258,0.0004029877387097258
mAP,BNT,178,82.2,80.92311771281524,80.92273318604524,0.0003845267700057775,0.0003845267700057775
mAP,BNT,179,82.2,83.55186435507677,83.5514871713341,0.00037718374267114996,0.00037718374267114996
mAP,BNT,180,82.2,81.41511698037624,81.41472512933672,0.00039185103952377176,0.00039185103952377176
mAP,BNT,181,82.2,83.86820503277471,83.86782435493753,0.000380677837185317,0.000380677837185317
mAP,BNT,182,82.2,76.4855585342503,76.48516663796809,0.00039189628220981376,0.00039189628220981376
mAP,BNT,183,82.2,80.89876527183345,80.89837961106244,0.0003856607710162052,0.0003856607710162052
mAP,BNT,184,82.2,87.36689588794539,87.36646529342458,0.00043059452080740357,0.00043059452080740357
mAP,BNT,185,82.2,79.89918634834795,79.8987976337991,0.00038871454884770174,0.00038871454884770174
mAP,BNT,186,82.2,80.38888089430951,80.38848510752044,0.0003957867890704847,0.0003957867890704847
mAP,BNT,187,82.2,80.85651596210505,80.85611598465007,0.000399977454975442,0.000399977454975442
mAP,BNT,188,82.2,78.55596873087323,78.55558159233408,0.0003871385391533977,0.0003871385391533977
mAP,BNT,189,82.2,75.57556390415915,75.57515767131525,0.0004062328439005114,0.0004062328439005114
mAP,BNT,190,82.2,81.5086345869084,81.50824080442916,0.0003937824792359379,0.0003937824792359379
mAP,BNT,191,82.2,82.60798678983883,82.60757827224498,0.0004085175938541852,0.0004085175938541852
mAP,BNT,192,82.2,82.04290668176515,82.04248479438405,0.0004218873810941659,0.0004218873810941659
mAP,BNT,193,82.2,81.76576978882494,81.76536431415634,0.0004054746685966393,0.0004054746685966393
mAP,BNT,194,82.2,82.3295623100867,82.32912261255116,0.0004396975355405175,0.0004396975355405175
mAP,BNT,195,82.2,85.26895249935778,85.26852441465229,0.0004280847054900505,0.0004280847054900505
mAP,BNT,196,82.2,81.62910332561356,81.62866144221235,0.00044188340120854264,0.00044188340120854264
mAP,BNT,197,82.2,80.47821237385494,80.4777522687382,0.0004601051167441028,0.0004601051167441028
mAP,BNT,198,82.2,81.35705210661088,81.35662354533575,0.0004285612751289136,0.0004285612751289136
mAP,BNT,199,82.2,83.9384696445983,83.93804027927033,0.0004293653279745513,0.0004293653279745513
mAP,BNT,200,82.2,86.43654092392862,86.43608063562975,0.00046028829886779477,0.00046028829886779477
mAP,BNT,201,82.2,80.31599995311922,80.31556878249246,0.00043117062675435136,0.00043117062675435136
mAP,BNT,202,82.2,82.4972660827966,82.49680136108665,0.00046472170994604767,0.00046472170994604767
mAP,BNT,203,82.2,83.215527865747,83.21507232580788,0.0004555399391250603,0.0004555399391250603
mAP,BNT,204,82.2,79.2227152825628,79.22226597981353,0.0004493027492742385,0.0004493027492742385
mAP,BNT,205,82.2,82.26172588709109,82.26125150163875,0.00047438545233546847,0.00047438545233546847
mAP,BNT,206,82.2,77.8034183347394,77.80297842797371,0.0004399067656919442,0.0004399067656919442
mAP,BNT,207,82.2,76.89331199620338,76.8928490887818,0.00046290742157850673,0.00046290742157850673
mAP,BNT,208,82.2,83.3007202534404,83.30023922367677,0.00048102976363395555,0.00048102976363395555
mAP,BNT,209,82.2,81.04884262782114,81.04837577600766,0.00046685181348493643,0.00046685181348493643
mAP,BNT,210,82.2,82.80730993183894,82.80684122286365,0.0004687089752906104,0.0004687089752906104
mAP,BNT,211,82.2,82.14680729427845,82.14631506897496,0.0004922253034891355,0.0004922253034891355
mAP,BNT,212,82.2,79.27126142094681,79.27079985400862,0.00046156693819909833,0.00046156693819909833
mAP,BNT,213,82.2,82.0647192254741,82.064237094107,0.0004821313670930749,0.0004821313670930749
mAP,BNT,214,82.2,78.50116104018463,78.50069608495544,0.0004649552291908776,0.0004649552291908776
mAP,BNT,215,82.2,86.37340801440124,86.3729170740042,0.000490940397028794,0.000490940397028794
mAP,BNT,216,82.2,78.13257020724645,78.13208896542011,0.00048124182633557666,0.00048124182633557666
mAP,BNT,217,82.2,81.61311137982156,81.61264418709426,0.00046719272729944805,0.00046719272729944805
mAP,BNT,218,82.2,79.07367857892996,79.07318523585826,0.0004933430716960174,0.0004933430716960174
mAP,BNT,219,82.2,83.9117654468824,83.91126352008239,0.0005019268000125976,0.0005019268000125976
mAP,BNT,220,82.2,81.20622218846827,81.2057058861555,0.0005163023127749966,0.0005163023127749966
mAP,BNT,221,82.2,80.64449333374071,80.64399984113638,0.0004934926043347332,0.0004934926043347332
mAP,BNT,222,82.2,84.76012641236417,84.75960463515466,0.0005217772095136297,0.0005217772095136297
mAP,BNT,223,82.2,82.28879460710078,82.28829177503266,0.0005028320681219611,0.0005028320681219611
mAP,BNT,224,82.2,83.75043493492197,83.7499333378079,0.0005015971140664988,0.0005015971140664988
mAP,BNT,225,82.2,79.25654530318309,79.25602219044761,0.0005231127354790033,0.0005231127354790033
mAP,BNT,226,82.2,77.98605576271095,77.98554916821749,0.0005065944934585787,0.0005065944934585787
mAP,BNT,227,82.2,82.52215942782723,82.52162388612041,0.0005355417068244606,0.0005355417068244606
mAP,BNT,228,82.2,81.24400316040186,81.2434609335158,0.000542226886054209,0.000542226886054209
mAP,BNT,229,82.2,84.07985725945343,84.07930401736184,0.0005532420915983494,0.0005532420915983494
mAP,BNT,230,82.2,81.9608186129608,81.96027464201235,0.0005439709484420518,0.0005439709484420518
mAP,BNT,231,82.2,82.81576449729809,82.81522601770389,0.0005384795941978382,0.0005384795941978382
mAP,BNT,232,82.2,77.33035070888805,77.32985241017627,0.0004982987117756466,0.0004982987117756466
mAP,BNT,233,82.2,87.86585635543936,87.86531081884277,0.0005455365965900683,0.0005455365965900683
mAP,BNT,234,82.2,81.70780486472079,81.70727404490391,0.000530819816873418,0.000530819816873418
mAP,BNT,235,82.2,84.2933027006419,84.2927609110176,0.0005417896243073983,0.0005417896243073983
mAP,BNT,236,82.2,79.69225527331298,79.69172498934113,0.0005302839718552832,0.0005302839718552832
mAP,BNT,237,82.2,83.12457367405501,83.12402970665202,0.0005439674029901198,0.0005439674029901198
mAP,BNT,238,82.2,78.29199579625225,78.29146570942576,0.0005300868264868086,0.0005300868264868086
mAP,BNT,239,82.2,83.55673837090823,83.55620351477901,0.0005348561292208842,0.0005348561292208842
mAP,BNT,240,82.2,81.13260632329857,81.1320777468425,0.0005285764560767348,0.0005285764560767348
mAP,BNT,241,82.2,82.28810083886421,82.2875715118067,0.0005293270575066344,0.0005293270575066344
mAP,BNT,242,82.2,84.29447857900897,84.2939220903903,0.0005564886186704143,0.0005564886186704143
mAP,BNT,243,82.2,78.50291309895155,78.50237906633916,0.0005340326123928207,0.0005340326123928207
mAP,BNT,244,82.2,80.14709678447491,80.14652480816162,0.0005719763132958633,0.0005719763132958633
mAP,BNT,245,82.2,83.57253629676967,83.5719728432603,0.0005634535093719251,0.0005634535093719251
mAP,BNT,246,82.2,88.49524525140748,88.49466442364024,0.0005808277672372242,0.0005808277672372242
mAP,BNT,247,82.2,81.78633002207296,81.78575299601556,0.0005770260573996211,0.0005770260573996211
mAP,BNT,248,82.2,83.97399293006714,83.9734083537718,0.0005845762953384792,0.0005845762953384792
mAP,BNT,249,82.2,81.87967124685008,81.87908559042457,0.0005856564255140029,0.0005856564255140029
mAP,BNT,250,82.2,88.02733973158752,88.0267367842689,0.0006029473186117684,0.0006029473186117684
mAP,BNT,251,82.2,76.95889073273423,76.95833499910424,0.0005557336299943927,0.0005557336299943927
mAP,BNT,252,82.2,82.48443724981199,82.48386313400808,0.0005741158039143102,0.0005741158039143102
mAP,BNT,253,82.2,77.32395393057125,77.32336789931382,0.0005860312574270665,0.0005860312574270665
mAP,BNT,254,82.2,74.68084981344794,74.68028528838985,0.0005645250580812444,0.0005645250580812444
mAP,BNT,255,82.2,83.09297782233216,83.09238615935345,0.0005916629787066086,0.0005916629787066086
mAP,BNT,256,82.2,82.61908708162387,82.61849338844237,0.0005936931815000435,0.0005936931815000435
mAP,BNT,257,82.2,81.34606940266255,81.34548918677339,0.0005802158891583531,0.0005802158891583531
mAP,BNT,258,82.2,81.88199948601685,81.88141772988074,0.0005817561361141088,0.0005817561361141088
mAP,BNT,259,82.2,91.49551066374119,91.49489830221377,0.000612361527416283,0.000612361527416283
mAP,BNT,260,82.2,81.42609968432456,81.4254745859057,0.0006250984188511666,0.0006250984188511666
mAP,BNT,261,82.2,83.73099766551448,83.73037308375022,0.0006245817642565044,0.0006245817642565044
mAP,BNT,262,82.2,80.25253779764905,80.25190554115837,0.0006322564906895423,0.0006322564906895423
mAP,BNT,263,82.2,83.08631059199094,83.08569772512182,0.0006128668691189887,0.0006128668691189887
mAP,BNT,264,82.2,81.48594013442417,81.48529897483316,0.0006411595910122969,0.0006411595910122969
mAP,BNT,265,82.2,80.96908279818356,80.96844455181082,0.0006382463727447885,0.0006382463727447885
mAP,BNT,266,82.2,87.65732608582519,87.65669559660098,0.0006304892242070537,0.0006304892242070537
mAP,BNT,267,82.2,85.73218978206052,85.73155488955302,0.0006348925074917133,0.0006348925074917133
mAP,BNT,268,82.2,82.61085593305445,82.6102399421977,0.0006159908567582306,0.0006159908567582306
mAP,BNT,269,82.2,75.28796757314396,75.2873641921681,0.0006033809758605457,0.0006033809758605457
mAP,BNT,270,82.2,81.11761975351041,81.11697233024229,0.000647423268119951,0.000647423268119951
mAP,BNT,271,82.2,90.30975491839928,90.30908269321526,0.000672225184018771,0.000672225184018771
mAP,BNT,272,82.2,81.5086345869084,81.50801500008087,0.0006195868275256089,0.0006195868275256089
mAP,BNT,273,82.2,85.51028977541289,85.50965271616097,0.0006370592519147067,0.0006370592519147067
mAP,BNT,274,82.2,86.52647210144126,86.52582720585781,0.0006448955834486014,0.0006448955834486014
mAP,BNT,275,82.2,82.85753169689602,82.85689174756793,0.0006399493280895285,0.0006399493280895285
mAP,BNT,276,82.2,79.67516976063962,79.67453510439555,0.0006346562440739945,0.0006346562440739945
mAP,BNT,277,82.2,74.8946774151057,74.89406300465134,0.0006144104543608364,0.0006144104543608364
mAP,BNT,278,82.2,84.25313469562319,84.25248962582687,0.0006450697963202856,0.0006450697963202856
mAP,BNT,279,82.2,79.75641119701969,79.75573199152936,0.0006792054903286271,0.0006792054903286271
mAP,BNT,280,82.2,82.7290905028622,82.72845135566308,0.0006391471991236131,0.0006391471991236131
mAP,BNT,281,82.2,78.45118620958465,78.45053898123192,0.0006472283527330092,0.0006472283527330092
mAP,BNT,282,82.2,81.40494563250118,81.4042873785894,0.0006582539117800934,0.0006582539117800934
mAP,BNT,283,82.2,82.30183509819146,82.30115716470316,0.000677933488304916,0.000677933488304916
mAP,BNT,284,82.2,83.00645669208399,83.0057807431329,0.0006759489510841377,0.0006759489510841377
mAP,BNT,285,82.2,78.85620575433431,78.85553343794275,0.0006723163915580699,0.0006723163915580699
mAP,BNT,286,82.2,85.79143641358476,85.79073284628406,0.0007035673007038667,0.0007035673007038667
mAP,BNT,287,82.2,80.40997615221454,80.40931564580409,0.0006605064104547864,0.0006605064104547864
mAP,BNT,288,82.2,77.17724546610519,77.17659161864027,0.0006538474649175896,0.0006538474649175896
mAP,BNT,289,82.2,81.87360371447605,81.87292974010961,0.0006739743664354592,0.0006739743664354592
mAP,BNT,290,82.2,82.30382233263178,82.30312592707938,0.0006964055524036894,0.0006964055524036894
mAP,BNT,291,82.2,82.68246692560832,82.68176829951528,0.0006986260930403887,0.0006986260930403887
mAP,BNT,292,82.2,86.28709854225914,86.28639721105525,0.0007013312038992581,0.0007013312038992581
mAP,BNT,293,82.2,81.49133153673714,81.49065348979242,0.0006780469447136284,0.0006780469447136284
mAP,BNT,294,82.2,81.84183148099812,81.84114112689369,0.0006903541044351869,0.0006903541044351869
mAP,BNT,295,82.2,78.89111758305228,78.89044685630073,0.0006707267515508875,0.0006707267515508875
mAP,BNT,296,82.2,84.66235212614325,84.66166050866369,0.0006916174795605912,0.0006916174795605912
mAP,BNT,297,82.2,82.75361344620721,82.75292719223431,0.0006862539729013406,0.0006862539729013406
mAP,BNT,298,82.2,80.94062654170075,80.93991681811751,0.0007097235832418392,0.0007097235832418392
mAP,BNT,299,82.2,76.48663446295616,76.48597591960362,0.0006585433525430062,0.0006585433525430062
mAP,BNT,300,82.2,86.53392717028841,86.53323658516527,0.0006905851231380211,0.0006905851231380211
mAP,BNT,301,82.2,74.8345723923735,74.83392021326367,0.0006521791098350604,0.0006521791098350604
mAP,BNT,302,82.2,78.65301397250659,78.65233194378177,0.0006820287248103796,0.0006820287248103796
mAP,BNT,303,82.2,84.3507913940074,84.35006706645602,0.0007243275513815206,0.0007243275513815206
mAP,BNT,304,82.2,75.02131363584608,75.02065242829988,0.000661207546201581,0.000661207546201581
mAP,BNT,305,82.2,73.23961097529521,73.23894133048114,0.0006696448140672828,0.0006696448140672828
mAP,BNT,306,82.2,69.45698665022275,69.45631450379601,0.0006721464267371857,0.0006721464267371857
mAP,BNT,307,82.2,86.52668375954732,86.52598171743382,0.0007020421135024435,0.0007020421135024435
mAP,BNT,308,82.2,78.9295688056551,78.92888253164207,0.0006862740130202383,0.0006862740130202383
mAP,BNT,309,82.2,99.76438729055849,99.76362055483997,0.0007667357185141555,0.0007667357185141555
mAP,BNT,310,82.2,76.23456141740981,76.23386960621477,0.0006918111950398043,0.0006918111950398043
mAP,BNT,311,82.2,76.67198816995561,76.67129385942647,0.0006943105291412621,0.0006943105291412621
mAP,BNT,312,82.2,78.80831222844401,78.8076421782876,0.0006700501564154138,0.0006700501564154138
mAP,BNT,313,82.2,83.65950426079732,83.65880793083093,0.0006963299663880207,0.0006963299663880207
mAP,BNT,314,82.2,79.37949514524273,79.37877996728814,0.0007151779545893078,0.0007151779545893078
mAP,BNT,315,82.2,85.87471799893169,85.87399328401507,0.0007247149166147437,0.0007247149166147437
mAP,BNT,316,82.2,76.32919610839069,76.32846966006808,0.0007264483226094853,0.0007264483226094853
mAP,BNT,317,82.2,73.91113159315505,73.91044968921852,0.0006819039365240087,0.0006819039365240087
mAP,BNT,318,82.2,71.41140232532717,71.41071156354536,0.0006907617818114886,0.0006907617818114886
mAP,BNT,319,82.2,68.85925239989584,68.85855499237682,0.000697407519012927,0.000697407519012927
mAP,BNT,320,82.2,79.09228685408867,79.09158588314966,0.0007009709390075614,0.0007009709390075614
mAP,BNT,321,82.2,80.39483083884683,80.39411812564067,0.000712713206155513,0.000712713206155513
mAP,BNT,322,82.2,78.41207649509627,78.41137783510091,0.000698659995364892,0.000698659995364892
mAP,BNT,323,82.2,89.66117568748076,89.66043478312298,0.0007409043577837338,0.0007409043577837338
mAP,BNT,324,82.2,89.56891627080135,89.56818125764882,0.0007350131525356574,0.0007350131525356574
mAP,BNT,325,82.2,80.19190950904353,80.19118207533299,0.0007274337105371842,0.0007274337105371842
mAP,BNT,326,82.2,71.43720109670045,71.43647332084822,0.0007277758522263866,0.0007277758522263866
mAP,BNT,327,82.2,78.80046911973574,78.79976935166968,0.0006997680660560945,0.0006997680660560945
mAP,BNT,328,82.2,78.60180446962119,78.60107163649764,0.0007328331235498808,0.0007328331235498808
mAP,BNT,329,82.2,78.25793059995856,78.25719022633166,0.0007403736268969396,0.0007403736268969396
mAP,BNT,330,82.2,78.01441794892439,78.01368657661054,0.0007313723138508976,0.0007313723138508976
mAP,BNT,331,82.2,78.27995480177357,78.27922262565116,0.0007321761224119427,0.0007321761224119427
mAP,BNT,332,82.2,79.88150113770739,79.88075030461344,0.0007508330939458574,0.0007508330939458574
mAP,BNT,333,82.2,78.38751239600842,78.38675340710667,0.0007589889017509677,0.0007589889017509677
mAP,BNT,334,82.2,83.45070353915872,83.44993505175356,0.0007684874051676616,0.0007684874051676616
mAP,BNT,335,82.2,84.3629852526738,84.36221229542917,0.0007729572446208977,0.0007729572446208977
mAP,BNT,336,82.2,76.7368731382499,76.73612947690506,0.0007436613448419394,0.0007436613448419394
mAP,BNT,337,82.2,89.82719207473394,89.8263919560422,0.0008001186917425684,0.0008001186917425684
mAP,BNT,338,82.2,76.32039465881326,76.31962618895632,0.0007684698569363491,0.0007684698569363491
mAP,BNT,339,82.2,72.49393946760867,72.49319631710799,0.0007431505006820771,0.0007431505006820771
mAP,BNT,340,82.2,84.4854765021703,84.48466842819032,0.0008080739799822823,0.0008080739799822823
mAP,BNT,341,82.2,77.29630903016171,77.29555119351396,0.0007578366477503096,0.0007578366477503096
mAP,BNT,342,82.2,84.12856214141699,84.12774882454433,0.0008133168726658369,0.0008133168726658369
mAP,BNT,343,82.2,67.77872013023018,67.77798839339683,0.0007317368333588092,0.0007317368333588092
mAP,BNT,344,82.2,90.55556641164105,90.5547356488984,0.0008307627426518138,0.0008307627426518138
mAP,BNT,345,82.2,86.23456029681896,86.23376044824242,0.0007998485765341456,0.0007998485765341456
mAP,BNT,346,82.2,73.19790256961565,73.197140705022,0.0007618645936560142,0.0007618645936560142
mAP,BNT,347,82.2,73.32811933998372,73.32733725692229,0.0007820830614235774,0.0007820830614235774
mAP,BNT,348,82.2,92.23440323264163,92.23359542458516,0.0008078080564644097,0.0008078080564644097
mAP,BNT,349,82.2,77.77650247891742,77.77572057901224,0.0007818999051778519,0.0007818999051778519
mAP,BNT,350,82.2,77.19566560072516,77.19489090760426,0.0007746931209027252,0.0007746931209027252
mAP,BNT,351,82.2,68.60446307532158,68.6036874351043,0.0007756402172702792,0.0007756402172702792
mAP,BNT,352,82.2,80.09612245726292,80.09533076639067,0.0007916908722478411,0.0007916908722478411
mAP,BNT,353,82.2,80.83449176029004,80.83368231098548,0.0008094493045547324,0.0008094493045547324
mAP,BNT,354,82.2,86.49378268283702,86.49295858061691,0.0008241022201076476,0.0008241022201076476
mAP,BNT,355,82.2,73.80633143369094,73.80552943089315,0.0008020027977977406,0.0008020027977977406
mAP,BNT,356,82.2,73.07909181940805,73.07827924655635,0.0008125728517001107,0.0008125728517001107
mAP,BNT,357,82.2,84.90660558054867,84.90577580865886,0.0008297718898120365,0.0008297718898120365
mAP,BNT,358,82.2,88.24120848898814,88.2403804273624,0.0008280616257394513,0.0008280616257394513
mAP,BNT,359,82.2,72.77390434802166,72.7730858932927,0.0008184547289573629,0.0008184547289573629
mAP,BNT,360,82.2,88.6899236738577,88.68908451779845,0.0008391560592571068,0.0008391560592571068
mAP,BNT,361,82.2,82.4261019240222,82.42525104892093,0.0008508751012783478,0.0008508751012783478
mAP,BNT,362,82.2,88.75166904691196,88.75083203444788,0.00083701246407486,0.00083701246407486
mAP,BNT,363,82.2,81.77950992754403,81.77867783089431,0.0008320966497166182,0.0008320966497166182
mAP,BNT,364,82.2,67.067125577621,67.0663324950723,0.0007930825486965887,0.0007930825486965887
mAP,BNT,365,82.2,81.28906281942756,81.28819570610376,0.0008671133237925233,0.0008671133237925233
mAP,BNT,366,82.2,88.56172941428098,88.56086291202762,0.0008665022533591582,0.0008665022533591582
mAP,BNT,367,82.2,76.83838671767808,76.83752388549772,0.0008628321803598737,0.0008628321803598737
mAP,BNT,368,82.2,79.87308184859926,79.8722101865553,0.0008716620439628286,0.0008716620439628286
mAP,BNT,369,82.2,81.14405349920189,81.14319897869413,0.0008545205077581386,0.0008545205077581386
mAP,BNT,370,82.2,64.8037302233964,64.80291672078911,0.0008135026072864093,0.0008135026072864093
mAP,BNT,371,82.2,92.22897067458582,92.22808545262487,0.0008852219609565282,0.0008852219609565282
mAP,BNT,372,82.2,76.79260977284848,76.79174592061696,0.0008638522315180808,0.0008638522315180808
mAP,BNT,373,82.2,85.23531061927623,85.2344125948368,0.00089802443943654,0.00089802443943654
mAP,BNT,374,82.2,81.68067735079275,81.67979318311075,0.0008841676820026123,0.0008841676820026123
mAP,BNT,375,82.2,89.74663852719858,89.74571433815616,0.0009241890424220855,0.0009241890424220855
mAP,BNT,376,82.2,84.63721184665553,84.63633673456849,0.0008751120870442719,0.0008751120870442719
mAP,BNT,377,82.2,80.79133702421899,80.79045437087416,0.0008826533448313967,0.0008826533448313967
mAP,BNT,378,82.2,76.83980953050221,76.83890944488432,0.000900085617885793,0.000900085617885793
mAP,BNT,379,82.2,86.98803963686277,86.98710420829283,0.0009354285699316733,0.0009354285699316733
mAP,BNT,380,82.2,70.96024131345413,70.9593521762723,0.0008891371818293692,0.0008891371818293692
mAP,BNT,381,82.2,95.6454029585889,95.64445408024571,0.0009488783431947923,0.0009488783431947923
mAP,BNT,382,82.2,92.5143151985281,92.51335287104803,0.0009623274800674153,0.0009623274800674153
mAP,BNT,383,82.2,92.49123270618274,92.49029919217884,0.0009335140039041789,0.0009335140039041789
mAP,BNT,384,82.2,95.60224822251786,95.6012708326304,0.0009773898874527731,0.0009773898874527731
mAP,BNT,385,82.2,93.05238538051044,93.05140034415344,0.0009850363570080845,0.0009850363570080845
mAP,BNT,386,82.2,94.87599046667144,94.87501301779926,0.0009774488721774333,0.0009774488721774333
mAP,BNT,387,82.2,94.37247934989695,94.37151252944322,0.0009668204537263136,0.0009668204537263136
mAP,BNT,388,82.2,95.5325539117023,95.53157437954891,0.0009795321533800916,0.0009795321533800916
mAP,BNT,389,82.2,92.7013268940251,92.70035563934562,0.0009712546794844457,0.0009712546794844457
mAP,BNT,390,82.2,92.72012918911436,92.71913186289045,0.0009973262239100222,0.0009973262239100222
mAP,BNT,391,82.2,69.97363232835728,69.97272655888678,0.0009057694705063568,0.0009057694705063568
mAP,BNT,392,82.2,68.41542886903324,68.41448538656653,0.0009434824667096109,0.0009434824667096109
mAP,BNT,393,82.2,70.54094660532837,70.54000896651698,0.0009376388113935263,0.0009376388113935263
mAP,BNT,394,82.2,70.89315745261344,70.89223159898123,0.0009258536322107602,0.0009258536322107602
mAP,BNT,395,82.2,69.77415632216946,69.77324270720845,0.0009136149610071698,0.0009136149610071698
mAP,BNT,396,82.2,68.47912032078497,68.47820559781988,0.0009147229650920963,0.0009147229650920963
mAP,BNT,397,82.2,68.85322014387283,68.85228866862151,0.0009314752513205349,0.0009314752513205349
mAP,BNT,398,82.2,68.2189983878161,68.21806555706712,0.0009328307489795407,0.0009328307489795407
mAP,BNT,399,82.2,72.11068543143325,72.10972566719049,0.0009597642427650044,0.0009597642427650044
mAP,BNT,400,82.2,71.74951439099121,71.74856742114895,0.0009469698422606143,0.0009469698422606143
mAP,BrainGNN,1,85.5,89.04298115356706,89.04296971591701,1.1437650044854308e-05,1.1437650044854308e-05
mAP,BrainGNN,2,85.5,86.7098268152167,86.70982368911152,3.1261051844921894e-06,3.1261051844921894e-06
mAP,BrainGNN,3,85.5,82.59989674667347,82.59989432789202,2.4187814489096127e-06,2.4187814489096127e-06
mAP,BrainGNN,4,85.5,83.11180363498876,83.1118075868381,-3.951849336658597e-06,3.951849336658597e-06
mAP,BrainGNN,5,85.5,85.8087512225397,85.80875217156971,-9.49030010133356e-07,9.49030010133356e-07
mAP,BrainGNN,6,85.5,78.5578618950442,78.55786780199969,-5.9069554936286295e-06,5.9069554936286295e-06
mAP,BrainGNN,7,85.5,90.52036649272316,90.52032565686895,4.0835854207443845e-05,4.0835854207443845e-05
mAP,BrainGNN,8,85.5,86.82526279451085,86.82524020913267,2.258537817567685e-05,2.258537817567685e-05
mAP,BrainGNN,9,85.5,89.18113510291276,89.18110379114661,3.1311766150565745e-05,3.1311766150565745e-05
mAP,BrainGNN,10,85.5,80.75820077183528,80.75818817757249,1.2594262784659804e-05,1.2594262784659804e-05
mAP,BrainGNN,11,85.5,89.2337321422713,89.23369548106577,3.666120552736629e-05,3.666120552736629e-05
mAP,BrainGNN,12,85.5,92.1945821117412,92.19449673308324,8.537865795688049e-05,8.537865795688049e-05
mAP,BrainGNN,13,85.5,81.53739657176666,81.53736493386805,3.1637898615599624e-05,3.1637898615599624e-05
mAP,BrainGNN,14,85.5,87.81428233026017,87.8142053847113,7.694554886938931e-05,7.694554886938931e-05
mAP,BrainGNN,15,85.5,85.50337561061458,85.50332983406187,4.577655271020831e-05,4.577655271020831e-05
mAP,BrainGNN,16,85.5,80.86672258633111,80.86669845525526,2.4131075846867134e-05,2.4131075846867134e-05
mAP,BrainGNN,17,85.5,86.97871492141199,86.97865191555562,6.300585637575296e-05,6.300585637575296e-05
mAP,BrainGNN,18,85.5,88.00087070954503,88.00080961451205,6.109503297579977e-05,6.109503297579977e-05
mAP,BrainGNN,19,85.5,83.69668553476372,83.69662034199347,6.519277025063275e-05,6.519277025063275e-05
mAP,BrainGNN,20,85.5,88.99780390670466,88.99774956076567,5.434593899167339e-05,5.434593899167339e-05
mAP,BrainGNN,21,85.5,80.49975446553947,80.49970977963241,4.468590705641873e-05,4.468590705641873e-05
mAP,BrainGNN,22,85.5,81.0158004457068,81.01573156065106,6.888505573954262e-05,6.888505573954262e-05
mAP,BrainGNN,23,85.5,85.90987676210673,85.90979218676625,8.457534048034177e-05,8.457534048034177e-05
mAP,BrainGNN,24,85.5,85.57621539606203,85.57615583391681,5.95621452106343e-05,5.95621452106343e-05
mAP,BrainGNN,25,85.5,83.35036583809762,83.35027953472769,8.630336992609955e-05,8.630336992609955e-05
mAP,BrainGNN,26,85.5,87.92887167713003,87.92878330791565,8.836921438160061e-05,8.836921438160061e-05
mAP,BrainGNN,27,85.5,87.09278688180035,87.09268294264785,0.00010393915249551355,0.00010393915249551355
mAP,BrainGNN,28,85.5,88.0744806953229,88.07441721280205,6.348252085786044e-05,6.348252085786044e-05
mAP,BrainGNN,29,85.5,85.13068096217535,85.13059069394319,9.026823215663171e-05,9.026823215663171e-05
mAP,BrainGNN,30,85.5,87.30780800000069,87.30774080393502,6.719606567173741e-05,6.719606567173741e-05
mAP,BrainGNN,31,85.5,84.1631447241922,84.16304909091002,9.563328217154776e-05,9.563328217154776e-05
mAP,BrainGNN,32,85.5,91.66157996552087,91.66145607025979,0.00012389526108336213,0.00012389526108336213
mAP,BrainGNN,33,85.5,83.06246377870698,83.06236268963404,0.0001010890729418179,0.0001010890729418179
mAP,BrainGNN,34,85.5,91.81603158903401,91.81589228837494,0.0001393006590717505,0.0001393006590717505
mAP,BrainGNN,35,85.5,85.60477160220604,85.60466384126822,0.00010776093782283169,0.00010776093782283169
mAP,BrainGNN,36,85.5,81.37356143888438,81.37346733129377,9.410759061267981e-05,9.410759061267981e-05
mAP,BrainGNN,37,85.5,89.60438076235184,89.6042380514658,0.00014271088603834414,0.00014271088603834414
mAP,BrainGNN,38,85.5,85.87782231782072,85.87770416518488,0.00011815263583514479,0.00011815263583514479
mAP,BrainGNN,39,85.5,88.05350302525457,88.05337229514072,0.0001307301138524508,0.0001307301138524508
mAP,BrainGNN,40,85.5,89.17171631719262,89.17156775562778,0.000148561564841998,0.000148561564841998
mAP,BrainGNN,41,85.5,86.51400779075044,86.51386666243508,0.00014112831536294834,0.00014112831536294834
mAP,BrainGNN,42,85.5,83.72342500883063,83.72327746556155,0.00014754326907961968,0.00014754326907961968
mAP,BrainGNN,43,85.5,88.42729124057516,88.42714013300775,0.00015110756740455145,0.00015110756740455145
mAP,BrainGNN,44,85.5,85.50241139035359,85.50226652236378,0.00014486798980328786,0.00014486798980328786
mAP,BrainGNN,45,85.5,87.557740946919,87.55757345582526,0.00016749109373392912,0.00016749109373392912
mAP,BrainGNN,46,85.5,79.03896077014255,79.03880827862562,0.00015249151692842133,0.00015249151692842133
mAP,BrainGNN,47,85.5,86.84110187611513,86.84094515102956,0.0001567250855742941,0.0001567250855742941
mAP,BrainGNN,48,85.5,83.58438915070961,83.58424252456491,0.00014662614469784785,0.00014662614469784785
mAP,BrainGNN,49,85.5,90.46010272641139,90.4599289115356,0.0001738148757937097,0.0001738148757937097
mAP,BrainGNN,50,85.5,87.36945930278557,87.36926204366729,0.0001972591182806127,0.0001972591182806127
mAP,BrainGNN,51,85.5,86.21974422939402,86.21957323754789,0.00017099184613300622,0.00017099184613300622
mAP,BrainGNN,52,85.5,86.95910127024946,86.95892998005067,0.00017129019879291718,0.00017129019879291718
mAP,BrainGNN,53,85.5,82.50483873948045,82.50467744136985,0.0001612981105978406,0.0001612981105978406
mAP,BrainGNN,54,85.5,90.36995989079269,90.36977007158416,0.0001898192085292294,0.0001898192085292294
mAP,BrainGNN,55,85.5,91.47432133556678,91.47411125525072,0.00021008031606584154,0.00021008031606584154
mAP,BrainGNN,56,85.5,86.6789247317304,86.67874053164465,0.00018420008575503743,0.00018420008575503743
mAP,BrainGNN,57,85.5,90.27139776606583,90.27121070572092,0.0001870603449134478,0.0001870603449134478
mAP,BrainGNN,58,85.5,83.79274303856873,83.7925554039824,0.0001876345863252027,0.0001876345863252027
mAP,BrainGNN,59,85.5,83.10885218028744,83.10865930132506,0.00019287896238040503,0.00019287896238040503
mAP,BrainGNN,60,85.5,85.62297419932811,85.62277424618676,0.00019995314134746422,0.00019995314134746422
mAP,BrainGNN,61,85.5,86.8050141690301,86.8048231151037,0.0001910539264002864,0.0001910539264002864
mAP,BrainGNN,62,85.5,84.31823132202355,84.31803995627064,0.00019136575291156532,0.00019136575291156532
mAP,BrainGNN,63,85.5,87.11349409984426,87.11330457110545,0.00018952873881517007,0.00018952873881517007
mAP,BrainGNN,64,85.5,86.4193966173369,86.41916844622024,0.00022817111666029177,0.00022817111666029177
mAP,BrainGNN,65,85.5,82.5052620556926,82.50507967412683,0.00018238156576444453,0.00018238156576444453
mAP,BrainGNN,66,85.5,87.05660510444596,87.05637905235517,0.00022605209079529232,0.00022605209079529232
mAP,BrainGNN,67,85.5,88.09080188705768,88.09058472756456,0.00021715949311840177,0.00021715949311840177
mAP,BrainGNN,68,85.5,86.01462400704432,86.01440795277118,0.00021605427313886594,0.00021605427313886594
mAP,BrainGNN,69,85.5,88.95817680573478,88.95794430978508,0.00023249594970309317,0.00023249594970309317
mAP,BrainGNN,70,85.5,81.84798132485784,81.84778861950915,0.00019270534869519906,0.00019270534869519906
mAP,BrainGNN,71,85.5,86.90408192145479,86.90385126639555,0.00023065505924080298,0.00023065505924080298
mAP,BrainGNN,72,85.5,81.98936893971297,81.98915788080967,0.00021105890330375132,0.00021105890330375132
mAP,BrainGNN,73,85.5,82.15798401815734,82.15775592530073,0.00022809285660230216,0.00022809285660230216
mAP,BrainGNN,74,85.5,83.60744812548764,83.60720749878664,0.00024062670100022387,0.00024062670100022387
mAP,BrainGNN,75,85.5,82.67404763650019,82.67381944927726,0.00022818722293038718,0.00022818722293038718
mAP,BrainGNN,76,85.5,83.85624634978173,83.85601254377659,0.0002338060051414459,0.0002338060051414459
mAP,BrainGNN,77,85.5,84.85778311074839,84.85754906786643,0.0002340428819564977,0.0002340428819564977
mAP,BrainGNN,78,85.5,88.01173582565666,88.01146345899416,0.0002723666625001897,0.0002723666625001897
mAP,BrainGNN,79,85.5,84.53678007532507,84.5365228838829,0.000257191442173621,0.000257191442173621
mAP,BrainGNN,80,85.5,80.74334942805932,80.74312287969123,0.00022654836809010703,0.00022654836809010703
mAP,BrainGNN,81,85.5,88.92045462771954,88.92020353948548,0.00025108823405162184,0.00025108823405162184
mAP,BrainGNN,82,85.5,82.98898313954949,82.98872959915488,0.00025354039460978584,0.00025354039460978584
mAP,BrainGNN,83,85.5,85.32408943598915,85.32383871868612,0.00025071730303238837,0.00025071730303238837
mAP,BrainGNN,84,85.5,86.83986720382971,86.83960952082214,0.0002576830075753378,0.0002576830075753378
mAP,BrainGNN,85,85.5,86.09908735015014,86.09883125520835,0.0002560949417897973,0.0002560949417897973
mAP,BrainGNN,86,85.5,88.78278278850432,88.78253864256443,0.0002441459398880852,0.0002441459398880852
mAP,BrainGNN,87,85.5,86.93727108836502,86.93700943017828,0.00026165818674428465,0.00026165818674428465
mAP,BrainGNN,88,85.5,82.91631385646527,82.91607126090868,0.0002425955565854565,0.0002425955565854565
mAP,BrainGNN,89,85.5,92.03596787880866,92.03568652197498,0.00028135683368191167,0.00028135683368191167
mAP,BrainGNN,90,85.5,86.08324826854586,86.0830003900147,0.0002478785311552656,0.0002478785311552656
mAP,BrainGNN,91,85.5,85.05826449294005,85.05797932013549,0.0002851728045669688,0.0002851728045669688
mAP,BrainGNN,92,85.5,88.39203840713074,88.39177626916671,0.00026213796402885237,0.00026213796402885237
mAP,BrainGNN,93,85.5,86.24862380208899,86.24835283779022,0.0002709642987639427,0.0002709642987639427
mAP,BrainGNN,94,85.5,86.69797396127676,86.69768457881798,0.00028938245877441204,0.00028938245877441204
mAP,BrainGNN,95,85.5,92.9768469542106,92.97655199580205,0.0002949584085456536,0.0002949584085456536
mAP,BrainGNN,96,85.5,84.67489874831976,84.67463571523486,0.0002630330849058282,0.0002630330849058282
mAP,BrainGNN,97,85.5,84.54701021711847,84.54671731794781,0.0002928991706596662,0.0002928991706596662
mAP,BrainGNN,98,85.5,85.85000103565612,85.84973553603739,0.00026549961873456596,0.00026549961873456596
mAP,BrainGNN,99,85.5,88.71485229523934,88.71454780674311,0.0003044884962264405,0.0003044884962264405
mAP,BrainGNN,100,85.5,80.98068283827459,80.9803979094288,0.00028492884578668054,0.00028492884578668054
mAP,BrainGNN,101,85.5,79.60359404443676,79.60333232557048,0.00026171886628389984,0.00026171886628389984
mAP,BrainGNN,102,85.5,83.73893484449214,83.73865418813956,0.00028065635257235044,0.00028065635257235044
mAP,BrainGNN,103,85.5,80.59852824837239,80.59823112282214,0.00029712555024730136,0.00029712555024730136
mAP,BrainGNN,104,85.5,84.22579552358907,84.22550595742308,0.0002895661659891857,0.0002895661659891857
mAP,BrainGNN,105,85.5,87.00780615221302,87.00749908838787,0.00030706382514722463,0.00030706382514722463
mAP,BrainGNN,106,85.5,82.82804066745018,82.82775340934322,0.0002872581069652824,0.0002872581069652824
mAP,BrainGNN,107,85.5,81.2198035836078,81.21952026965597,0.00028331395182590313,0.00028331395182590313
mAP,BrainGNN,108,85.5,85.70831945120922,85.70801148514605,0.00030796606317551323,0.00030796606317551323
mAP,BrainGNN,109,85.5,88.08793274384205,88.0876304538455,0.00030228999654013933,0.00030228999654013933
mAP,BrainGNN,110,85.5,80.4153675545275,80.41507968445016,0.0002878700773436549,0.0002878700773436549
mAP,BrainGNN,111,85.5,87.96100843290175,87.96069719491796,0.00031123798379439904,0.00031123798379439904
mAP,BrainGNN,112,85.5,87.95222462149982,87.95191861121498,0.00030601028484511517,0.00030601028484511517
mAP,BrainGNN,113,85.5,88.36255913646859,88.36225530646989,0.0003038299986997117,0.0003038299986997117
mAP,BrainGNN,114,85.5,89.15578316531898,89.15544064461506,0.00034252070392426504,0.00034252070392426504
mAP,BrainGNN,115,85.5,92.10636771664446,92.10604177397884,0.00032594266561147833,0.00032594266561147833
mAP,BrainGNN,116,85.5,84.43203283038748,84.43172385414283,0.000308976244653536,0.000308976244653536
mAP,BrainGNN,117,85.5,85.82902336558779,85.82871474023358,0.00030862535420794757,0.00030862535420794757
mAP,BrainGNN,118,85.5,84.25099459699514,84.25068470025592,0.0003098967392247687,0.0003098967392247687
mAP,BrainGNN,119,85.5,85.5062447538302,85.50593053426743,0.0003142195627674482,0.0003142195627674482
mAP,BrainGNN,120,85.5,90.09896696232036,90.09862006690894,0.0003468954114254075,0.0003468954114254075
mAP,BrainGNN,121,85.5,81.46526819273129,81.464956548208,0.0003116445232933529,0.0003116445232933529
mAP,BrainGNN,122,85.5,82.91716048888955,82.91685098350328,0.00030950538626939306,0.00030950538626939306
mAP,BrainGNN,123,85.5,89.63187279857367,89.63154280951369,0.00032998905997772,0.00032998905997772
mAP,BrainGNN,124,85.5,88.56043594807721,88.56010952070626,0.00032642737095045504,0.00032642737095045504
mAP,BrainGNN,125,85.5,84.41093757248245,84.41060505954877,0.000332512933681528,0.000332512933681528
mAP,BrainGNN,126,85.5,88.06355678529293,88.06320600336215,0.00035078193077708875,0.00035078193077708875
mAP,BrainGNN,127,85.5,86.52399099808676,86.5236475274761,0.0003434706106588692,0.0003434706106588692
mAP,BrainGNN,128,85.5,90.00117503792393,90.00082382700296,0.00035121092096801476,0.00035121092096801476
mAP,BrainGNN,129,85.5,85.72388808078908,85.72352878148031,0.00035929930876932303,0.00035929930876932303
mAP,BrainGNN,130,85.5,88.5772745262935,88.57689634161775,0.00037818467573913495,0.00037818467573913495
mAP,BrainGNN,131,85.5,93.42640877150444,93.42603573147787,0.0003730400265737899,0.0003730400265737899
mAP,BrainGNN,132,85.5,87.2946499210733,87.29429746514239,0.0003524559309084907,0.0003524559309084907
mAP,BrainGNN,133,85.5,85.6483261369219,85.64798449738453,0.00034163953736765507,0.00034163953736765507
mAP,BrainGNN,134,85.5,87.66770909180632,87.66734095566294,0.0003681361433791608,0.0003681361433791608
mAP,BrainGNN,135,85.5,84.40450551781464,84.40415742538835,0.00034809242629307846,0.00034809242629307846
mAP,BrainGNN,136,85.5,92.66429848424642,92.6639031165742,0.0003953676722119326,0.0003953676722119326
mAP,BrainGNN,137,85.5,86.0405756426053,86.04021311308794,0.00036252951736059913,0.00036252951736059913
mAP,BrainGNN,138,85.5,84.68154246109364,84.68120003932346,0.000342421770184842,0.000342421770184842
mAP,BrainGNN,139,85.5,82.9932986131566,82.9929329849399,0.00036562821669861023,0.00036562821669861023
mAP,BrainGNN,140,85.5,88.79204871003674,88.79166057481932,0.00038813521742042667,0.00038813521742042667
mAP,BrainGNN,141,85.5,88.10193745519372,88.10156223848321,0.00037521671050910754,0.00037521671050910754
mAP,BrainGNN,142,85.5,84.00830506081792,84.00793688575772,0.0003681750602027023,0.0003681750602027023
mAP,BrainGNN,143,85.5,87.22970615886065,87.22935403536727,0.00035212349338564763,0.00035212349338564763
mAP,BrainGNN,144,85.5,80.97466822042709,80.97433209536143,0.000336125065658166,0.000336125065658166
mAP,BrainGNN,145,85.5,86.05527412219354,86.05491172521947,0.00036239697406870164,0.00036239697406870164
mAP,BrainGNN,146,85.5,86.85861070500063,86.85826905623009,0.0003416487705436566,0.0003416487705436566
mAP,BrainGNN,147,85.5,90.62237982045733,90.62198942867767,0.0003903917796606038,0.0003903917796606038
mAP,BrainGNN,148,85.5,83.18791824168846,83.18754359181393,0.00037464987453006415,0.00037464987453006415
mAP,BrainGNN,149,85.5,81.66532037931896,81.66494211359303,0.00037826572592791763,0.00037826572592791763
mAP,BrainGNN,150,85.5,82.81407123244952,82.81371611722487,0.0003551152246501488,0.0003551152246501488
mAP,BrainGNN,151,85.5,81.49064364789241,81.49029449905524,0.00034914883717362954,0.00034914883717362954
mAP,BrainGNN,152,85.5,89.51034576933816,89.50997207327696,0.0003736960612030771,0.0003736960612030771
mAP,BrainGNN,153,85.5,90.1462843078108,90.14591788507211,0.00036642273869347264,0.00036642273869347264
mAP,BrainGNN,154,85.5,86.46104622909812,86.46064973384648,0.00039649525163554245,0.00039649525163554245
mAP,BrainGNN,155,85.5,89.16426124834547,89.16388483705545,0.0003764112900199734,0.0003764112900199734
mAP,BrainGNN,156,85.5,85.90226882907187,85.9018751417407,0.000393687331168735,0.000393687331168735
mAP,BrainGNN,157,85.5,85.21506199379547,85.2146650568977,0.0003969368977720933,0.0003969368977720933
mAP,BrainGNN,158,85.5,84.50129206620724,84.50088714283872,0.00040492336852082644,0.00040492336852082644
mAP,BrainGNN,159,85.5,84.56922255947221,84.56882702586731,0.0003955336049017433,0.0003955336049017433
mAP,BrainGNN,160,85.5,80.8569745546682,80.85659533107291,0.0003792235952886358,0.0003792235952886358
mAP,BrainGNN,161,85.5,86.29316607463316,86.29276429082202,0.0004017838111423089,0.0004017838111423089
mAP,BrainGNN,162,85.5,85.37940275437559,85.37899826935787,0.00040448501772516465,0.00040448501772516465
mAP,BrainGNN,163,85.5,87.73648621749557,87.73608217223362,0.00040404526194492973,0.00040404526194492973
mAP,BrainGNN,164,85.5,85.78101225186079,85.78057048931583,0.00044176254495198464,0.00044176254495198464
mAP,BrainGNN,165,85.5,85.0122935281799,85.01188889529273,0.0004046328871680771,0.0004046328871680771
mAP,BrainGNN,166,85.5,82.88685810337046,82.8864209099771,0.00043719339335268614,0.00043719339335268614
mAP,BrainGNN,167,85.5,85.71691512207242,85.71645971046529,0.00045541160713469253,0.00045541160713469253
mAP,BrainGNN,168,85.5,87.71512050756611,87.71471169244849,0.0004088151176233623,0.0004088151176233623
mAP,BrainGNN,169,85.5,82.07039871798698,82.06998302674842,0.00041569123855822454,0.00041569123855822454
mAP,BrainGNN,170,85.5,85.76284493108973,85.76242126104222,0.00042367004751042714,0.00042367004751042714
mAP,BrainGNN,171,85.5,86.19955439783162,86.19912885458845,0.0004255432431676809,0.0004255432431676809
mAP,BrainGNN,172,85.5,83.34622674624556,83.3458056491452,0.00042109710035731496,0.00042109710035731496
mAP,BrainGNN,173,85.5,83.73685353978243,83.736431085276,0.000422454506434633,0.000422454506434633
mAP,BrainGNN,174,85.5,86.1922521931722,86.19183254629864,0.00041964687355289243,0.00041964687355289243
mAP,BrainGNN,175,85.5,82.10018371702458,82.09973694512213,0.0004467719024461303,0.0004467719024461303
mAP,BrainGNN,176,85.5,86.55018956810483,86.54977114574818,0.0004184223566454648,0.0004184223566454648
mAP,BrainGNN,177,85.5,82.81437696082496,82.8139368790224,0.00044008180255161733,0.00044008180255161733
mAP,BrainGNN,178,85.5,88.68901824751507,88.68856107909966,0.0004571684154086597,0.0004571684154086597
mAP,BrainGNN,179,85.5,92.5139506762343,92.5134832361649,0.0004674400694000269,0.0004674400694000269
mAP,BrainGNN,180,85.5,82.91818350306889,82.91772959489454,0.0004539081743502038,0.0004539081743502038
mAP,BrainGNN,181,85.5,87.10311109386313,87.10262358712403,0.00048750673910546993,0.00048750673910546993
mAP,BrainGNN,182,85.5,83.32021631676623,83.31977428535394,0.00044203141229104403,0.00044203141229104403
mAP,BrainGNN,183,85.5,88.6233219231475,88.62286252139337,0.0004594017541279527,0.0004594017541279527
mAP,BrainGNN,184,85.5,81.70470054583176,81.70422477274435,0.0004757730874018762,0.0004757730874018762
mAP,BrainGNN,185,85.5,86.94222741568217,86.94176027528314,0.00046714039902440163,0.00046714039902440163
mAP,BrainGNN,186,85.5,82.88151961558401,82.88103309933194,0.00048651625206730387,0.00048651625206730387
mAP,BrainGNN,187,85.5,84.87951334297163,84.8790462327049,0.0004671102667401783,0.0004671102667401783
mAP,BrainGNN,188,85.5,82.4073936992023,82.40692417455809,0.00046952464421678997,0.00046952464421678997
mAP,BrainGNN,189,85.5,87.96755807540626,87.96705141268725,0.0005066627190046802,0.0005066627190046802
mAP,BrainGNN,190,85.5,82.98955931994935,82.98905893668123,0.0005003832681182985,0.0005003832681182985
mAP,BrainGNN,191,85.5,87.15640190145822,87.15589277799549,0.000509123462734351,0.000509123462734351
mAP,BrainGNN,192,85.5,84.46821460774187,84.467705915213,0.0005086925288679822,0.0005086925288679822
mAP,BrainGNN,193,85.5,85.15709706969132,85.15658288460341,0.0005141850879084586,0.0005141850879084586
mAP,BrainGNN,194,85.5,85.94376557664536,85.94326772220039,0.0004978544449727451,0.0004978544449727451
mAP,BrainGNN,195,85.5,83.21500459987367,83.21452598502346,0.00047861485020916916,0.00047861485020916916
mAP,BrainGNN,196,85.5,86.13162390456665,86.13110134062266,0.0005225639439885299,0.0005225639439885299
mAP,BrainGNN,197,85.5,90.09151189347321,90.09100369306323,0.000508200409981896,0.000508200409981896
mAP,BrainGNN,198,85.5,83.16620564764074,83.16571564250185,0.0004900051388858628,0.0004900051388858628
mAP,BrainGNN,199,85.5,89.01597122747572,89.01543042982154,0.0005407976541818016,0.0005407976541818016
mAP,BrainGNN,200,85.5,89.99481941534998,89.99429290046335,0.0005265148866300251,0.0005265148866300251
mAP,BrainGNN,201,85.5,83.05205725515852,83.05153503291587,0.0005222222426510825,0.0005222222426510825
mAP,BrainGNN,202,85.5,81.13532260232647,81.13483618472834,0.0004864175981253993,0.0004864175981253993
mAP,BrainGNN,203,85.5,86.40639140259724,86.40588270051529,0.0005087020819445343,0.0005087020819445343
mAP,BrainGNN,204,85.5,83.85828649874858,83.85777743169938,0.0005090670492080562,0.0005090670492080562
mAP,BrainGNN,205,85.5,91.1063654769468,91.105809657489,0.0005558194578014763,0.0005558194578014763
mAP,BrainGNN,206,85.5,85.60495974274477,85.6044226214995,0.0005371212452729424,0.0005371212452729424
mAP,BrainGNN,207,85.5,83.09394204259314,83.09340177589446,0.0005402666986782378,0.0005402666986782378
mAP,BrainGNN,208,85.5,82.05905149174487,82.05852146696486,0.0005300247800050784,0.0005300247800050784
mAP,BrainGNN,209,85.5,88.77025968389515,88.76971487727249,0.0005448066226563242,0.0005448066226563242
mAP,BrainGNN,210,85.5,83.78698123457015,83.78644807774744,0.0005331568227120442,0.0005331568227120442
mAP,BrainGNN,211,85.5,85.63202846275446,85.63148639838128,0.0005420643731781638,0.0005420643731781638
mAP,BrainGNN,212,85.5,88.36795641817339,88.36740823533744,0.0005481828359563679,0.0005481828359563679
mAP,BrainGNN,213,85.5,84.04777929760007,84.04722494420751,0.0005543533925589372,0.0005543533925589372
mAP,BrainGNN,214,85.5,85.36275231669804,85.36221351377952,0.0005388029185127152,0.0005388029185127152
mAP,BrainGNN,215,85.5,85.4508373651744,85.45029477053244,0.0005425946419563843,0.0005425946419563843
mAP,BrainGNN,216,85.5,87.55055633009627,87.54997353454827,0.0005827955479986713,0.0005827955479986713
mAP,BrainGNN,217,85.5,87.27280210101335,87.27223300653098,0.000569094482372634,0.000569094482372634
mAP,BrainGNN,218,85.5,84.84021548794453,84.83965880623552,0.0005566817090141285,0.0005566817090141285
mAP,BrainGNN,219,85.5,85.6915396669113,85.69094718448956,0.0005924824217373725,0.0005924824217373725
mAP,BrainGNN,220,85.5,84.38522111259488,84.38466296542954,0.0005581471653357539,0.0005581471653357539
mAP,BrainGNN,221,85.5,81.06770371682877,81.06716277924167,0.0005409375871039401,0.0005409375871039401
mAP,BrainGNN,222,85.5,86.27339955928291,86.2728025721944,0.0005969870885138562,0.0005969870885138562
mAP,BrainGNN,223,85.5,91.17718863099475,91.1765752824992,0.0006133484955483937,0.0006133484955483937
mAP,BrainGNN,224,85.5,82.84940637737964,82.84884257792682,0.0005637994528200352,0.0005637994528200352
mAP,BrainGNN,225,85.5,83.18148618702065,83.18091087119188,0.0005753158287689075,0.0005753158287689075
mAP,BrainGNN,226,85.5,82.8883985040313,82.88781668506877,0.0005818189625301784,0.0005818189625301784
mAP,BrainGNN,227,85.5,87.67437632214754,87.67377533616937,0.0006009859781670457,0.0006009859781670457
mAP,BrainGNN,228,85.5,86.84605232404044,86.84545636258932,0.000595961451125504,0.000595961451125504
mAP,BrainGNN,229,85.5,85.02496949697678,85.02438692275064,0.0005825742261436062,0.0005825742261436062
mAP,BrainGNN,230,85.5,82.74650526147833,82.74594281508311,0.0005624463952216274,0.0005624463952216274
mAP,BrainGNN,231,85.5,85.77771391304118,85.77713037491978,0.0005835381214041035,0.0005835381214041035
mAP,BrainGNN,232,85.5,80.80672927204378,80.80613361799259,0.0005956540511959929,0.0005956540511959929
mAP,BrainGNN,233,85.5,85.93087794974241,85.93027970057248,0.0005982491699256798,0.0005982491699256798
mAP,BrainGNN,234,85.5,88.11518960439047,88.11457315826381,0.0006164461266564558,0.0006164461266564558
mAP,BrainGNN,235,85.5,81.74700864947853,81.74640259009897,0.000606059379563817,0.000606059379563817
mAP,BrainGNN,236,85.5,80.90305722787322,80.90244516951101,0.0006120583622077902,0.0006120583622077902
mAP,BrainGNN,237,85.5,90.23893176435135,90.23831367508458,0.0006180892667657645,0.0006180892667657645
mAP,BrainGNN,238,85.5,83.66531897932242,83.66472108148625,0.0005978978361724785,0.0005978978361724785
mAP,BrainGNN,239,85.5,88.90847242715921,88.90784353783147,0.0006288893277428542,0.0006288893277428542
mAP,BrainGNN,240,85.5,85.03860968603466,85.03800700440651,0.0006026816281519132,0.0006026816281519132
mAP,BrainGNN,241,85.5,85.01473935518338,85.01413554917602,0.0006038060073620954,0.0006038060073620954
mAP,BrainGNN,242,85.5,86.81587928514172,86.81523809848994,0.000641186651776593,0.000641186651776593
mAP,BrainGNN,243,85.5,82.84859502130637,82.84800342976068,0.0005915915456853327,0.0005915915456853327
mAP,BrainGNN,244,85.5,85.89810621965248,85.89749143048694,0.0006147891655388094,0.0006147891655388094
mAP,BrainGNN,245,85.5,84.35616515814486,84.35553175552772,0.0006334026171401774,0.0006334026171401774
mAP,BrainGNN,246,85.5,81.53911335418256,81.5385196697849,0.0005936843976570572,0.0005936843976570572
mAP,BrainGNN,247,85.5,86.51304357048944,86.5124462241792,0.0005973463102435517,0.0005973463102435517
mAP,BrainGNN,248,85.5,84.71069248581303,84.71007657936624,0.0006159064467823328,0.0006159064467823328
mAP,BrainGNN,249,85.5,85.02955542260831,85.02892551466587,0.0006299079424394449,0.0006299079424394449
mAP,BrainGNN,250,85.5,81.87013487329322,81.86951716975753,0.0006177035356955685,0.0006177035356955685
mAP,BrainGNN,251,85.5,90.27484308968131,90.27420110328842,0.0006419863928925906,0.0006419863928925906
mAP,BrainGNN,252,85.5,88.13079938971318,88.13014255915834,0.0006568305548313447,0.0006568305548313447
mAP,BrainGNN,253,85.5,88.3930966976611,88.39246765251593,0.0006290451451604895,0.0006290451451604895
mAP,BrainGNN,254,85.5,84.58430907892158,84.58366589267496,0.0006431862466200755,0.0006431862466200755
mAP,BrainGNN,255,85.5,80.31307201598524,80.31245133148974,0.0006206844955016777,0.0006206844955016777
mAP,BrainGNN,256,85.5,91.35943801910516,91.35875214746854,0.0006858716366195949,0.0006858716366195949
mAP,BrainGNN,257,85.5,85.31736341172957,85.3167074759824,0.0006559357471758176,0.0006559357471758176
mAP,BrainGNN,258,85.5,83.25424954037425,83.25360061193985,0.0006489284344013413,0.0006489284344013413
mAP,BrainGNN,259,85.5,86.75105311076578,86.75040472344934,0.0006483873164455645,0.0006483873164455645
mAP,BrainGNN,260,85.5,89.0020253100424,89.00136236400989,0.000662946032505829,0.000662946032505829
mAP,BrainGNN,261,85.5,85.43149416603629,85.4308483317436,0.0006458342926833893,0.0006458342926833893
mAP,BrainGNN,262,85.5,89.33639808249919,89.33572550381813,0.0006725786810619638,0.0006725786810619638
mAP,BrainGNN,263,85.5,88.74964653612061,88.7489998155506,0.0006467205700033674,0.0006467205700033674
mAP,BrainGNN,264,85.5,82.2714915569295,82.27085643779382,0.0006351191356799291,0.0006351191356799291
mAP,BrainGNN,265,85.5,83.47927150408641,83.47862968302157,0.0006418210648462264,0.0006418210648462264
mAP,BrainGNN,266,85.5,88.3732713883925,88.3726114898393,0.0006598985531951485,0.0006598985531951485
mAP,BrainGNN,267,85.5,77.3627931930352,77.36216230856868,0.0006308844665170454,0.0006308844665170454
mAP,BrainGNN,268,85.5,85.0523086690109,85.05163292050503,0.0006757485058699331,0.0006757485058699331
mAP,BrainGNN,269,85.5,81.20818590534125,81.20750639512599,0.00067951021526369,0.00067951021526369
mAP,BrainGNN,270,85.5,84.07101465413315,84.07033859569943,0.0006760584337257569,0.0006760584337257569
mAP,BrainGNN,271,85.5,84.60422845845954,84.60353973291238,0.0006887255471639264,0.0006887255471639264
mAP,BrainGNN,272,85.5,84.42592414227062,84.42526686627748,0.0006572759931344763,0.0006572759931344763
mAP,BrainGNN,273,85.5,83.84389374753579,83.84321624366217,0.0006775038736179795,0.0006775038736179795
mAP,BrainGNN,274,85.5,82.20924643556926,82.20856905111356,0.0006773844556988706,0.0006773844556988706
mAP,BrainGNN,275,85.5,92.37643170120681,92.37573380045606,0.000697900750751046,0.000697900750751046
mAP,BrainGNN,276,85.5,91.10307301751904,91.10238601248405,0.0006870050349903067,0.0006870050349903067
mAP,BrainGNN,277,85.5,82.01447394284968,82.01380253923115,0.000671403618525801,0.000671403618525801
mAP,BrainGNN,278,85.5,90.24704532508404,90.2463502539107,0.0006950711733395565,0.0006950711733395565
mAP,BrainGNN,279,85.5,84.30229817014991,84.30160352858144,0.0006946415684723206,0.0006946415684723206
mAP,BrainGNN,280,85.5,85.88824060015286,85.88756241999513,0.000678180157720476,0.000678180157720476
mAP,BrainGNN,281,85.5,85.31087256314342,85.31017812030925,0.0006944428341739695,0.0006944428341739695
mAP,BrainGNN,282,85.5,83.52144438172097,83.5207540762381,0.0006903054828626409,0.0006903054828626409
mAP,BrainGNN,283,85.5,88.45224337952415,88.45155703081844,0.0006863487057131579,0.0006863487057131579
mAP,BrainGNN,284,85.5,85.87835734247773,85.87765959172998,0.00069775074774725,0.00069775074774725
mAP,BrainGNN,285,85.5,84.07107344805151,84.07034573034228,0.0007277177092248621,0.0007277177092248621
mAP,BrainGNN,286,85.5,81.58694808615451,81.58623166859859,0.0007164175559211117,0.0007164175559211117
mAP,BrainGNN,287,85.5,82.81992710671747,82.81921495884264,0.0007121478748359777,0.0007121478748359777
mAP,BrainGNN,288,85.5,80.57656284047573,80.5758596531937,0.000703187282027784,0.000703187282027784
mAP,BrainGNN,289,85.5,85.53741728934092,85.53667064524551,0.0007466440954146947,0.0007466440954146947
mAP,BrainGNN,290,85.5,81.91072619452409,81.91000322314682,0.0007229713772716195,0.0007229713772716195
mAP,BrainGNN,291,85.5,84.70404289364731,84.70331846244437,0.000724431202939968,0.000724431202939968
mAP,BrainGNN,292,85.5,89.61104799269306,89.61030556083111,0.0007424318619513315,0.0007424318619513315
mAP,BrainGNN,293,85.5,89.09865899424727,89.09789871876475,0.0007602754825200009,0.0007602754825200009
mAP,BrainGNN,294,85.5,85.4039433358961,85.40316931769215,0.0007740182039555066,0.0007740182039555066
mAP,BrainGNN,295,85.5,85.23949086687112,85.23874582157055,0.0007450453005759528,0.0007450453005759528
mAP,BrainGNN,296,85.5,91.14040715567316,91.13962364826303,0.0007835074101336659,0.0007835074101336659
mAP,BrainGNN,297,85.5,87.06303715911378,87.06226836107614,0.0007687980376402948,0.0007687980376402948
mAP,BrainGNN,298,85.5,84.51734280591758,84.51658062037043,0.0007621855471455774,0.0007621855471455774
mAP,BrainGNN,299,85.5,81.22269624439076,81.22194564863864,0.0007505957521232176,0.0007505957521232176
mAP,BrainGNN,300,85.5,86.68237005534588,86.68161965449423,0.0007504008516576732,0.0007504008516576732
mAP,BrainGNN,301,85.5,90.4767296465216,90.47594263549718,0.0007870110244283524,0.0007870110244283524
mAP,BrainGNN,302,85.5,81.71082687212413,81.71009085291814,0.000736019205987759,0.000736019205987759
mAP,BrainGNN,303,85.5,87.24799106746842,87.2472165308282,0.0007745366402218679,0.0007745366402218679
mAP,BrainGNN,304,85.5,83.3193108904236,83.31856023050983,0.0007506599137627745,0.0007506599137627745
mAP,BrainGNN,305,85.5,84.39660361518801,84.39580560480599,0.0007980103820273143,0.0007980103820273143
mAP,BrainGNN,306,85.5,70.57381240568766,70.57306765462602,0.000744751061645843,0.000744751061645843
mAP,BrainGNN,307,85.5,84.17008240655784,84.16931157770318,0.0007708288546552922,0.0007708288546552922
mAP,BrainGNN,308,85.5,91.31703584518903,91.31621581444833,0.0008200307406980301,0.0008200307406980301
mAP,BrainGNN,309,85.5,81.71236727278497,81.71158466660066,0.0007826061843161369,0.0007826061843161369
mAP,BrainGNN,310,85.5,85.81595935692977,85.8151582092919,0.0008011476378726456,0.0008011476378726456
mAP,BrainGNN,311,85.5,80.9650730529519,80.96429575984848,0.0007772931034111252,0.0007772931034111252
mAP,BrainGNN,312,85.5,87.66345241211756,87.66265005775664,0.0008023543609283479,0.0008023543609283479
mAP,BrainGNN,313,85.5,84.20167825828071,84.20086081478296,0.000817443497751924,0.000817443497751924
mAP,BrainGNN,314,85.5,79.86535632772767,79.86455075590796,0.0008055718197113038,0.0008055718197113038
mAP,BrainGNN,315,85.5,93.49615011745469,93.49530880599076,0.0008413114639296282,0.0008413114639296282
mAP,BrainGNN,316,85.5,91.074446258673,91.0735920811933,0.0008541774797095059,0.0008541774797095059
mAP,BrainGNN,317,85.5,81.87136954557864,81.87055941643095,0.0008101291476947381,0.0008101291476947381
mAP,BrainGNN,318,85.5,88.48755500688692,88.48672985650667,0.0008251503802512161,0.0008251503802512161
mAP,BrainGNN,319,85.5,88.72529409513882,88.72447201692228,0.0008220782165437868,0.0008220782165437868
mAP,BrainGNN,320,85.5,89.35462419718858,89.35380741006705,0.000816787121536322,0.000816787121536322
mAP,BrainGNN,321,85.5,75.3352849186344,75.33446462402954,0.0008202946048641024,0.0008202946048641024
mAP,BrainGNN,322,85.5,91.5404762524975,91.53963924619576,0.0008370063017366647,0.0008370063017366647
mAP,BrainGNN,323,85.5,82.08265137057174,82.0818062224456,0.0008451481261317895,0.0008451481261317895
mAP,BrainGNN,324,85.5,83.35385231745595,83.3530323993524,0.000819918103545092,0.000819918103545092
mAP,BrainGNN,325,85.5,100.00089170652498,100.0,0.0008917065249818279,0.0008917065249818279
mAP,BrainGNN,326,85.5,87.3121234736078,87.31124028432608,0.0008831892817227072,0.0008831892817227072
mAP,BrainGNN,327,85.5,83.1829089998448,83.18206514731695,0.0008438525278506859,0.0008438525278506859
mAP,BrainGNN,328,85.5,72.26908800625972,72.26823376346456,0.0008542427951567788,0.0008542427951567788
mAP,BrainGNN,329,85.5,93.83945956550112,93.83858480367813,0.0008747618229847376,0.0008747618229847376
mAP,BrainGNN,330,85.5,77.42960660185148,77.42874197514838,0.0008646267030911758,0.0008646267030911758
mAP,BrainGNN,331,85.5,79.48019736859763,79.47936657900298,0.0008307895946444432,0.0008307895946444432
mAP,BrainGNN,332,85.5,83.51275464058841,83.5118862054729,0.0008684351155068271,0.0008684351155068271
mAP,BrainGNN,333,85.5,93.99936726463741,93.99847075020176,0.0008965144356523069,0.0008965144356523069
mAP,BrainGNN,334,85.5,90.14031084570614,90.13943991999456,0.0008709257115810942,0.0008709257115810942
mAP,BrainGNN,335,85.5,84.55383031164742,84.55297494095844,0.0008553706889813384,0.0008553706889813384
mAP,BrainGNN,336,85.5,87.35063349012897,87.34975238183293,0.0008811082960420435,0.0008811082960420435
mAP,BrainGNN,337,85.5,81.8985323358577,81.89768584277337,0.0008464930843246066,0.0008464930843246066
mAP,BrainGNN,338,85.5,86.33879015527503,86.3379221373921,0.0008680178829365559,0.0008680178829365559
mAP,BrainGNN,339,85.5,85.94089643342974,85.94002046866882,0.000875964760922443,0.000875964760922443
mAP,BrainGNN,340,85.5,91.31353172765519,91.31261937408811,0.0009123535670738647,0.0009123535670738647
mAP,BrainGNN,341,85.5,91.303971836531,91.3030687346337,0.0009031018973075788,0.0009031018973075788
mAP,BrainGNN,342,85.5,88.46476648413332,88.46386429323387,0.0009021908994526484,0.0009021908994526484
mAP,BrainGNN,343,85.5,83.3268247531891,83.32591465472339,0.0009100984657095523,0.0009100984657095523
mAP,BrainGNN,344,85.5,89.95183518164215,89.95093376634075,0.0009014153013993109,0.0009014153013993109
mAP,BrainGNN,345,85.5,84.94910182473416,84.94818920278172,0.0009126219524375756,0.0009126219524375756
mAP,BrainGNN,346,85.5,79.00938742921103,79.0085137877212,0.0008736414898322664,0.0008736414898322664
mAP,BrainGNN,347,85.5,83.08117200352689,83.08027324853437,0.0008987549925194571,0.0008987549925194571
mAP,BrainGNN,348,85.5,86.00807436453981,86.00716190270595,0.0009124618338631763,0.0009124618338631763
mAP,BrainGNN,349,85.5,90.96226158306378,90.96129470198846,0.0009668810753140633,0.0009668810753140633
mAP,BrainGNN,350,85.5,84.39974321042806,84.39883096705708,0.0009122433709762845,0.0009122433709762845
mAP,BrainGNN,351,85.5,78.24573674129216,78.24480773256236,0.0009290087297983973,0.0009290087297983973
mAP,BrainGNN,352,85.5,85.8413700884419,85.84045009978091,0.000919988660996296,0.000919988660996296
mAP,BrainGNN,353,85.5,86.18165752908499,86.18073624033931,0.0009212887456726548,0.0009212887456726548
mAP,BrainGNN,354,85.5,86.61597996274176,86.61502577341652,0.0009541893252418276,0.0009541893252418276
mAP,BrainGNN,355,85.5,91.02017359264141,91.01922909572659,0.0009444969148262317,0.0009444969148262317
mAP,BrainGNN,356,85.5,91.61449779570384,91.6135394405394,0.000958355164442537,0.000958355164442537
mAP,BrainGNN,357,85.5,81.93565481590574,81.93473476571,0.000920050195730937,0.000920050195730937
mAP,BrainGNN,358,85.5,81.80407402663188,81.80313925170634,0.0009347749255397275,0.0009347749255397275
mAP,BrainGNN,359,85.5,79.25974369234149,79.25880773426717,0.0009359580743222295,0.0009359580743222295
mAP,BrainGNN,360,85.5,89.69385334730133,89.69289402168286,0.0009593256184672327,0.0009593256184672327
mAP,BrainGNN,361,85.5,94.19389282289993,94.1929206500263,0.0009721728736309387,0.0009721728736309387
mAP,BrainGNN,362,85.5,83.61047013289098,83.60950843254646,0.0009617003445185901,0.0009617003445185901
mAP,BrainGNN,363,85.5,84.05238874079895,84.05141661165004,0.0009721291489057649,0.0009721291489057649
mAP,BrainGNN,364,85.5,94.3017208691592,94.30069534139386,0.0010255277653357098,0.0010255277653357098
mAP,BrainGNN,365,85.5,88.5343314483285,88.53334711929004,0.0009843290384594638,0.0009843290384594638
mAP,BrainGNN,366,85.5,88.11841151111621,88.11741422880633,0.0009972823098820527,0.0009972823098820527
mAP,BrainGNN,367,85.5,78.35549322807341,78.35450096415764,0.000992263915776448,0.000992263915776448
mAP,BrainGNN,368,85.5,89.57338460859617,89.57236841567651,0.0010161929196641495,0.0010161929196641495
mAP,BrainGNN,369,85.5,79.92613748052094,79.92518195694146,0.0009555235794778127,0.0009555235794778127
mAP,BrainGNN,370,85.5,78.69683895924686,78.69587888439025,0.000960074856607207,0.000960074856607207
mAP,BrainGNN,371,85.5,83.42037763607229,83.41937053939972,0.0010070966725663766,0.0010070966725663766
mAP,BrainGNN,372,85.5,81.98622934447293,81.98524365930786,0.0009856851650766885,0.0009856851650766885
mAP,BrainGNN,373,85.5,84.17138763154527,84.17040183368977,0.0009857978555061209,0.0009857978555061209
mAP,BrainGNN,374,85.5,76.85510770805764,76.85411019285048,0.0009975152071604043,0.0009975152071604043
mAP,BrainGNN,375,85.5,91.25390293566164,91.25289783880604,0.0010050968556072348,0.0010050968556072348
mAP,BrainGNN,376,85.5,92.26715732455605,92.26611776709858,0.001039557457474416,0.001039557457474416
mAP,BrainGNN,377,85.5,73.81694373595364,73.81594515515512,0.0009985807985231077,0.0009985807985231077
mAP,BrainGNN,378,85.5,91.37180825952662,91.3707468339993,0.001061425527311144,0.001061425527311144
mAP,BrainGNN,379,85.5,80.63784962096682,80.63682822107025,0.0010213998965724613,0.0010213998965724613
mAP,BrainGNN,380,85.5,90.64289301857066,90.64185322189671,0.0010397966739503772,0.0010397966739503772
mAP,BrainGNN,381,85.5,98.27509030354409,98.27403934818528,0.0010509553588065046,0.0010509553588065046
mAP,BrainGNN,382,85.5,95.65990153885474,95.65884483028898,0.0010567085657555708,0.0010567085657555708
mAP,BrainGNN,383,85.5,98.8587492898173,98.85763215043708,0.0011171393802129614,0.0011171393802129614
mAP,BrainGNN,384,85.5,97.29378452988267,97.29268338808528,0.001101141797391847,0.001101141797391847
mAP,BrainGNN,385,85.5,98.04789884424468,98.04677165743176,0.0011271868129227869,0.0011271868129227869
mAP,BrainGNN,386,85.5,96.38604170686443,96.38495127922674,0.0010904276376919597,0.0010904276376919597
mAP,BrainGNN,387,85.5,98.20939397917653,98.20829485063379,0.0010991285427337516,0.0010991285427337516
mAP,BrainGNN,388,85.5,98.5900610829444,98.58896110357311,0.0010999793712898054,0.0010999793712898054
mAP,BrainGNN,389,85.5,97.39395760797238,97.3928527475376,0.001104860434779198,0.001104860434779198
mAP,BrainGNN,390,85.5,97.97203117200208,97.97090769624718,0.0011234757548947982,0.0011234757548947982
mAP,BrainGNN,391,85.5,73.67574426163725,73.67469630471041,0.0010479569268397881,0.0010479569268397881
mAP,BrainGNN,392,85.5,71.92465559437275,71.92363452296861,0.0010210714041392066,0.0010210714041392066
mAP,BrainGNN,393,85.5,73.5095808895882,73.50852327794273,0.0010576116454643625,0.0010576116454643625
mAP,BrainGNN,394,85.5,72.13380320012963,72.13276516388473,0.001038036244906948,0.001038036244906948
mAP,BrainGNN,395,85.5,72.29563933978791,72.29459176691901,0.0010475728688987829,0.0010475728688987829
mAP,BrainGNN,396,85.5,73.85904018149435,73.85798071460657,0.0010594668877814684,0.0010594668877814684
mAP,BrainGNN,397,85.5,74.58074728806024,74.5796620325701,0.0010852554901390477,0.0010852554901390477
mAP,BrainGNN,398,85.5,73.8767253921349,73.87567146976092,0.0010539223739840509,0.0010539223739840509
mAP,BrainGNN,399,85.5,72.19620706506943,72.19513049689913,0.0010765681703048813,0.0010765681703048813
mAP,BrainGNN,400,85.5,74.5905541136415,74.58946985672243,0.0010842569190714357,0.0010842569190714357
